Cleaning test database...
Test database cleaned.
test-integration
+- run test 353 pass, 7 skip, 28 fail (388 total); 65 leaks
error: 'event_store_integration_test.test.TC-ES-01-01: valid append returns AppendResult with is_duplicate=false and persisted record' failed:
       C:\Users\tvolo\dev\ai-dala\My-Fab\vendor\pg\pg.zig:303:36: 0x7ff6f07bc30e in readUntilReady (test_zcu.obj)
                           if (got_error) return PgError.ServerError;
                                          ^
       C:\Users\tvolo\dev\ai-dala\My-Fab\vendor\pg\pg.zig:163:9: 0x7ff6f07c1609 in query (test_zcu.obj)
               try self.readUntilReady(allocator, &rows);
               ^
       C:\Users\tvolo\dev\ai-dala\My-Fab\src\db\pool.zig:193:13: 0x7ff6f07f7ebf in query (test_zcu.obj)
                   return PoolError.QueryFailed;
                   ^
       C:\Users\tvolo\dev\ai-dala\My-Fab\src\event_store\store.zig:674:21: 0x7ff6f0eb6fe1 in read (test_zcu.obj)
                   ) catch return StoreError.TransactionFailed
                           ^
       C:\Users\tvolo\dev\ai-dala\My-Fab\tests\integration\event_store_integration_test.zig:153:20: 0x7ff6f0ecec75 in test.TC-ES-01-01: valid append returns AppendResult with is_duplicate=false and persisted record (test_zcu.obj)
           const events = try store.read(alloc, inst_uuid, ReadOpts{
                          ^
error: 'event_store_integration_test.test.TC-ES-02-02: Store.read returns events sorted by ascending sequence_number' failed:
       C:\Users\tvolo\dev\ai-dala\My-Fab\vendor\pg\pg.zig:303:36: 0x7ff6f07bc30e in readUntilReady (test_zcu.obj)
                           if (got_error) return PgError.ServerError;
                                          ^
       C:\Users\tvolo\dev\ai-dala\My-Fab\vendor\pg\pg.zig:163:9: 0x7ff6f07c1609 in query (test_zcu.obj)
               try self.readUntilReady(allocator, &rows);
               ^
       C:\Users\tvolo\dev\ai-dala\My-Fab\src\db\pool.zig:193:13: 0x7ff6f07f7ebf in query (test_zcu.obj)
                   return PoolError.QueryFailed;
                   ^
       C:\Users\tvolo\dev\ai-dala\My-Fab\src\event_store\store.zig:674:21: 0x7ff6f0eb6fe1 in read (test_zcu.obj)
                   ) catch return StoreError.TransactionFailed
                           ^
       C:\Users\tvolo\dev\ai-dala\My-Fab\tests\integration\event_store_integration_test.zig:284:20: 0x7ff6f0ecc89a in test.TC-ES-02-02: Store.read returns events sorted by ascending sequence_number (test_zcu.obj)
           const events = try store.read(alloc, inst_uuid, ReadOpts{
                          ^
error: 'event_store_integration_test.test.TC-ES-04-01: readGlobal returns events in ascending global_seq order' failed:
       C:\Users\tvolo\dev\ai-dala\My-Fab\vendor\pg\pg.zig:303:36: 0x7ff6f07bc30e in readUntilReady (test_zcu.obj)
                           if (got_error) return PgError.ServerError;
                                          ^
       C:\Users\tvolo\dev\ai-dala\My-Fab\vendor\pg\pg.zig:163:9: 0x7ff6f07c1609 in query (test_zcu.obj)
               try self.readUntilReady(allocator, &rows);
               ^
       C:\Users\tvolo\dev\ai-dala\My-Fab\src\db\pool.zig:193:13: 0x7ff6f07f7ebf in query (test_zcu.obj)
                   return PoolError.QueryFailed;
                   ^
       C:\Users\tvolo\dev\ai-dala\My-Fab\src\event_store\store.zig:744:21: 0x7ff6f0879f84 in readGlobal (test_zcu.obj)
                   ) catch return StoreError.TransactionFailed
                           ^
       C:\Users\tvolo\dev\ai-dala\My-Fab\tests\integration\event_store_integration_test.zig:446:20: 0x7ff6f0eca169 in test.TC-ES-04-01: readGlobal returns events in ascending global_seq order (test_zcu.obj)
           const events = try store.readGlobal(alloc, GlobalReadOpts{
                          ^
error: 'event_store_integration_test.test.TC-ES-04-02: readGlobal with after_global_seq cursor returns only later events' failed:
       C:\Users\tvolo\dev\ai-dala\My-Fab\vendor\pg\pg.zig:303:36: 0x7ff6f07bc30e in readUntilReady (test_zcu.obj)
                           if (got_error) return PgError.ServerError;
                                          ^
       C:\Users\tvolo\dev\ai-dala\My-Fab\vendor\pg\pg.zig:163:9: 0x7ff6f07c1609 in query (test_zcu.obj)
               try self.readUntilReady(allocator, &rows);
               ^
       C:\Users\tvolo\dev\ai-dala\My-Fab\src\db\pool.zig:193:13: 0x7ff6f07f7ebf in query (test_zcu.obj)
                   return PoolError.QueryFailed;
                   ^
       C:\Users\tvolo\dev\ai-dala\My-Fab\src\event_store\store.zig:744:21: 0x7ff6f0879f84 in readGlobal (test_zcu.obj)
                   ) catch return StoreError.TransactionFailed
                           ^
       C:\Users\tvolo\dev\ai-dala\My-Fab\tests\integration\event_store_integration_test.zig:526:20: 0x7ff6f0ec8832 in test.TC-ES-04-02: readGlobal with after_global_seq cursor returns only later events (test_zcu.obj)
           const events = try store.readGlobal(alloc, GlobalReadOpts{
                          ^
error: 'event_store_integration_test.test.TC-ES-06-01: pointInTime filters out events created after the timestamp' failed:
       C:\Users\tvolo\dev\ai-dala\My-Fab\vendor\pg\pg.zig:303:36: 0x7ff6f07bc30e in readUntilReady (test_zcu.obj)
                           if (got_error) return PgError.ServerError;
                                          ^
       C:\Users\tvolo\dev\ai-dala\My-Fab\vendor\pg\pg.zig:163:9: 0x7ff6f07c1609 in query (test_zcu.obj)
               try self.readUntilReady(allocator, &rows);
               ^
       C:\Users\tvolo\dev\ai-dala\My-Fab\src\db\pool.zig:193:13: 0x7ff6f07f7ebf in query (test_zcu.obj)
                   return PoolError.QueryFailed;
                   ^
       C:\Users\tvolo\dev\ai-dala\My-Fab\src\event_store\store.zig:634:25: 0x7ff6f0eb6711 in read (test_zcu.obj)
                       ) catch return StoreError.TransactionFailed
                               ^
       C:\Users\tvolo\dev\ai-dala\My-Fab\src\event_store\store.zig:931:9: 0x7ff6f0ec7093 in pointInTime (test_zcu.obj)
               return self.read(allocator, instance_id, ReadOpts{
               ^
       C:\Users\tvolo\dev\ai-dala\My-Fab\tests\integration\event_store_integration_test.zig:690:20: 0x7ff6f0ec687b in test.TC-ES-06-01: pointInTime filters out events created after the timestamp (test_zcu.obj)
           const events = try store.pointInTime(alloc, inst_uuid, cutoff);
                          ^
error: 'event_store_integration_test.test.TC-ES-06-02: read with up_to_sequence returns exactly events 1..K' failed:
       C:\Users\tvolo\dev\ai-dala\My-Fab\vendor\pg\pg.zig:303:36: 0x7ff6f07bc30e in readUntilReady (test_zcu.obj)
                           if (got_error) return PgError.ServerError;
                                          ^
       C:\Users\tvolo\dev\ai-dala\My-Fab\vendor\pg\pg.zig:163:9: 0x7ff6f07c1609 in query (test_zcu.obj)
               try self.readUntilReady(allocator, &rows);
               ^
       C:\Users\tvolo\dev\ai-dala\My-Fab\src\db\pool.zig:193:13: 0x7ff6f07f7ebf in query (test_zcu.obj)
                   return PoolError.QueryFailed;
                   ^
       C:\Users\tvolo\dev\ai-dala\My-Fab\src\event_store\store.zig:592:25: 0x7ff6f0eb5c3a in read (test_zcu.obj)
                       ) catch return StoreError.TransactionFailed
                               ^
       C:\Users\tvolo\dev\ai-dala\My-Fab\tests\integration\event_store_integration_test.zig:758:20: 0x7ff6f0ec4d88 in test.TC-ES-06-02: read with up_to_sequence returns exactly events 1..K (test_zcu.obj)
           const events = try store.read(alloc, inst_uuid, ReadOpts{
                          ^
error: 'event_store_integration_test.test.TC-ADP-01-01: default-tenant behavior remains backward compatible' failed:
       C:\Users\tvolo\dev\ai-dala\My-Fab\vendor\pg\pg.zig:303:36: 0x7ff6f07bc30e in readUntilReady (test_zcu.obj)
                           if (got_error) return PgError.ServerError;
                                          ^
       C:\Users\tvolo\dev\ai-dala\My-Fab\vendor\pg\pg.zig:163:9: 0x7ff6f07c1609 in query (test_zcu.obj)
               try self.readUntilReady(allocator, &rows);
               ^
       C:\Users\tvolo\dev\ai-dala\My-Fab\src\db\pool.zig:193:13: 0x7ff6f07f7ebf in query (test_zcu.obj)
                   return PoolError.QueryFailed;
                   ^
       C:\Users\tvolo\dev\ai-dala\My-Fab\src\event_store\store.zig:674:21: 0x7ff6f0eb6fe1 in read (test_zcu.obj)
                   ) catch return StoreError.TransactionFailed
                           ^
       C:\Users\tvolo\dev\ai-dala\My-Fab\tests\integration\event_store_integration_test.zig:1146:25: 0x7ff6f0eb7d0b in test.TC-ADP-01-01: default-tenant behavior remains backward compatible (test_zcu.obj)
           const legacy_read = try store.read(alloc, inst_uuid, ReadOpts{
                               ^
error: 'event_store_integration_test.test.TC-ADP-01-02: schema-per-tenant architecture replaces row-level isolation' failed:
       C:\Users\tvolo\dev\ai-dala\My-Fab\vendor\pg\pg.zig:303:36: 0x7ff6f07bc30e in readUntilReady (test_zcu.obj)
                           if (got_error) return PgError.ServerError;
                                          ^
       C:\Users\tvolo\dev\ai-dala\My-Fab\vendor\pg\pg.zig:163:9: 0x7ff6f07c1609 in query (test_zcu.obj)
               try self.readUntilReady(allocator, &rows);
               ^
       C:\Users\tvolo\dev\ai-dala\My-Fab\src\db\pool.zig:193:13: 0x7ff6f07f7ebf in query (test_zcu.obj)
                   return PoolError.QueryFailed;
                   ^
       C:\Users\tvolo\dev\ai-dala\My-Fab\src\event_store\store.zig:674:21: 0x7ff6f0eb6fe1 in read (test_zcu.obj)
                   ) catch return StoreError.TransactionFailed
                           ^
       C:\Users\tvolo\dev\ai-dala\My-Fab\tests\integration\event_store_integration_test.zig:1234:24: 0x7ff6f0eb4bed in test.TC-ADP-01-02: schema-per-tenant architecture replaces row-level isolation (test_zcu.obj)
           const all_events = try store.read(alloc, inst_uuid, ReadOpts{
                              ^
error: 'concurrent_instances_test.test.TC-EE-12-01/03: 100 concurrent task completions on distinct instances all succeed' failed:
       C:\Users\tvolo\dev\ai-dala\My-Fab\src\engine\instance.zig:490:41: 0x7ff6f0903873 in create (test_zcu.obj)
                   if (def_rows.rows.len == 0) return InstanceError.DefinitionNotFound;
                                               ^
       C:\Users\tvolo\dev\ai-dala\My-Fab\tests\integration\concurrent_instances_test.zig:157:18: 0x7ff6f0db68fe in setupInstanceWithTask (test_zcu.obj)
           const inst = try inst_store.create(allocator, def_id, null, "{}");
                        ^
       C:\Users\tvolo\dev\ai-dala\My-Fab\tests\integration\concurrent_instances_test.zig:288:25: 0x7ff6f0dbc103 in test.TC-EE-12-01/03: 100 concurrent task completions on distinct instances all succeed (test_zcu.obj)
               const task_id = try setupInstanceWithTask(
                               ^
       [DebugAllocator] (err): memory address 0x1d3f9780000 leaked: 
       C:\Users\tvolo\AppData\Local\Microsoft\WinGet\Packages\zig.zig_Microsoft.Winget.Source_8wekyb3d8bbwe\zig-x86_64-windows-0.16.0\lib\std\fmt.zig:636:27: 0x7ff6f07b9e46 in allocPrint__anon_67376 (test_zcu.obj)
           return aw.toOwnedSlice();
                                 ^
       C:\Users\tvolo\dev\ai-dala\My-Fab\tests\integration\concurrent_instances_test.zig:94:30: 0x7ff6f0db66fa in uuidToHexStr (test_zcu.obj)
           return std.fmt.allocPrint(
                                    ^
       C:\Users\tvolo\dev\ai-dala\My-Fab\tests\integration\concurrent_instances_test.zig:160:41: 0x7ff6f0db68a8 in setupInstanceWithTask (test_zcu.obj)
           const inst_id_hex = try uuidToHexStr(allocator, inst.instance_id);
                                               ^
       C:\Users\tvolo\dev\ai-dala\My-Fab\tests\integration\concurrent_instances_test.zig:288:50: 0x7ff6f0dbbfb0 in test.TC-EE-12-01/03: 100 concurrent task completions on distinct instances all succeed (test_zcu.obj)
               const task_id = try setupInstanceWithTask(
                                                        ^
       C:\Users\tvolo\AppData\Local\Microsoft\WinGet\Packages\zig.zig_Microsoft.Winget.Source_8wekyb3d8bbwe\zig-x86_64-windows-0.16.0\lib\compiler\test_runner.zig:140:68: 0x7ff6f077e95c in mainServer (test_zcu.obj)
                       const status: TestResults.Status = if (test_fn.func()) |v| s: {
                                                                          ^
       C:\Users\tvolo\AppData\Local\Microsoft\WinGet\Packages\zig.zig_Microsoft.Winget.Source_8wekyb3d8bbwe\zig-x86_64-windows-0.16.0\lib\compiler\test_runner.zig:71:26: 0x7ff6f077eff9 in main (test_zcu.obj)
               return mainServer(init) catch |err| panic("internal test runner failure: {t}", .{err});
                                ^
       C:\Users\tvolo\AppData\Local\Microsoft\WinGet\Packages\zig.zig_Microsoft.Winget.Source_8wekyb3d8bbwe\zig-x86_64-windows-0.16.0\lib\std\start.zig:699: 0x7ff6f077d1cc in callMain (test_zcu.obj)
           if (fn_info.params[0].type.? == std.process.Init.Minimal) return wrapMain(root.main(.{
       
       C:\Users\tvolo\AppData\Local\Microsoft\WinGet\Packages\zig.zig_Microsoft.Winget.Source_8wekyb3d8bbwe\zig-x86_64-windows-0.16.0\lib\std\start.zig:485:17: 0x7ff6f077d1cc in WinStartup (test_zcu.obj)
               callMain(std.os.windows.peb().ProcessParameters.CommandLine.slice(), .global),
                       ^
       ???:?:?: 0x7ffd06bee956 in ??? (KERNEL32.DLL)
       ???:?:?: 0x7ffd0768427b in ??? (ntdll.dll)
       
       [DebugAllocator] (err): memory address 0x1d3f9780300 leaked: 
       C:\Users\tvolo\AppData\Local\Microsoft\WinGet\Packages\zig.zig_Microsoft.Winget.Source_8wekyb3d8bbwe\zig-x86_64-windows-0.16.0\lib\std\fmt.zig:636:27: 0x7ff6f07b9e46 in allocPrint__anon_67376 (test_zcu.obj)
           return aw.toOwnedSlice();
                                 ^
       C:\Users\tvolo\dev\ai-dala\My-Fab\tests\integration\concurrent_instances_test.zig:94:30: 0x7ff6f0db66fa in uuidToHexStr (test_zcu.obj)
           return std.fmt.allocPrint(
                                    ^
       C:\Users\tvolo\dev\ai-dala\My-Fab\tests\integration\concurrent_instances_test.zig:160:41: 0x7ff6f0db68a8 in setupInstanceWithTask (test_zcu.obj)
           const inst_id_hex = try uuidToHexStr(allocator, inst.instance_id);
                                               ^
       C:\Users\tvolo\dev\ai-dala\My-Fab\tests\integration\concurrent_instances_test.zig:288:50: 0x7ff6f0dbbfb0 in test.TC-EE-12-01/03: 100 concurrent task completions on distinct instances all succeed (test_zcu.obj)
               const task_id = try setupInstanceWithTask(
                                                        ^
       C:\Users\tvolo\AppData\Local\Microsoft\WinGet\Packages\zig.zig_Microsoft.Winget.Source_8wekyb3d8bbwe\zig-x86_64-windows-0.16.0\lib\compiler\test_runner.zig:140:68: 0x7ff6f077e95c in mainServer (test_zcu.obj)
                       const status: TestResults.Status = if (test_fn.func()) |v| s: {
                                                                          ^
       C:\Users\tvolo\AppData\Local\Microsoft\WinGet\Packages\zig.zig_Microsoft.Winget.Source_8wekyb3d8bbwe\zig-x86_64-windows-0.16.0\lib\compiler\test_runner.zig:71:26: 0x7ff6f077eff9 in main (test_zcu.obj)
               return mainServer(init) catch |err| panic("internal test runner failure: {t}", .{err});
                                ^
       C:\Users\tvolo\AppData\Local\Microsoft\WinGet\Packages\zig.zig_Microsoft.Winget.Source_8wekyb3d8bbwe\zig-x86_64-windows-0.16.0\lib\std\start.zig:699: 0x7ff6f077d1cc in callMain (test_zcu.obj)
           if (fn_info.params[0].type.? == std.process.Init.Minimal) return wrapMain(root.main(.{
       
       C:\Users\tvolo\AppData\Local\Microsoft\WinGet\Packages\zig.zig_Microsoft.Winget.Source_8wekyb3d8bbwe\zig-x86_64-windows-0.16.0\lib\std\start.zig:485:17: 0x7ff6f077d1cc in WinStartup (test_zcu.obj)
               callMain(std.os.windows.peb().ProcessParameters.CommandLine.slice(), .global),
                       ^
       ???:?:?: 0x7ffd06bee956 in ??? (KERNEL32.DLL)
       ???:?:?: 0x7ffd0768427b in ??? (ntdll.dll)
       
       [DebugAllocator] (err): memory address 0x1d3f9780600 leaked: 
       C:\Users\tvolo\AppData\Local\Microsoft\WinGet\Packages\zig.zig_Microsoft.Winget.Source_8wekyb3d8bbwe\zig-x86_64-windows-0.16.0\lib\std\fmt.zig:636:27: 0x7ff6f07b9e46 in allocPrint__anon_67376 (test_zcu.obj)
           return aw.toOwnedSlice();
                                 ^
       C:\Users\tvolo\dev\ai-dala\My-Fab\tests\integration\concurrent_instances_test.zig:94:30: 0x7ff6f0db66fa in uuidToHexStr (test_zcu.obj)
           return std.fmt.allocPrint(
                                    ^
       C:\Users\tvolo\dev\ai-dala\My-Fab\tests\integration\concurrent_instances_test.zig:160:41: 0x7ff6f0db68a8 in setupInstanceWithTask (test_zcu.obj)
           const inst_id_hex = try uuidToHexStr(allocator, inst.instance_id);
                                               ^
       C:\Users\tvolo\dev\ai-dala\My-Fab\tests\integration\concurrent_instances_test.zig:288:50: 0x7ff6f0dbbfb0 in test.TC-EE-12-01/03: 100 concurrent task completions on distinct instances all succeed (test_zcu.obj)
               const task_id = try setupInstanceWithTask(
                                                        ^
       C:\Users\tvolo\AppData\Local\Microsoft\WinGet\Packages\zig.zig_Microsoft.Winget.Source_8wekyb3d8bbwe\zig-x86_64-windows-0.16.0\lib\compiler\test_runner.zig:140:68: 0x7ff6f077e95c in mainServer (test_zcu.obj)
                       const status: TestResults.Status = if (test_fn.func()) |v| s: {
                                                                          ^
       C:\Users\tvolo\AppData\Local\Microsoft\WinGet\Packages\zig.zig_Microsoft.Winget.Source_8wekyb3d8bbwe\zig-x86_64-windows-0.16.0\lib\compiler\test_runner.zig:71:26: 0x7ff6f077eff9 in main (test_zcu.obj)
               return mainServer(init) catch |err| panic("internal test runner failure: {t}", .{err});
                                ^
       C:\Users\tvolo\AppData\Local\Microsoft\WinGet\Packages\zig.zig_Microsoft.Winget.Source_8wekyb3d8bbwe\zig-x86_64-windows-0.16.0\lib\std\start.zig:699: 0x7ff6f077d1cc in callMain (test_zcu.obj)
           if (fn_info.params[0].type.? == std.process.Init.Minimal) return wrapMain(root.main(.{
       
       C:\Users\tvolo\AppData\Local\Microsoft\WinGet\Packages\zig.zig_Microsoft.Winget.Source_8wekyb3d8bbwe\zig-x86_64-windows-0.16.0\lib\std\start.zig:485:17: 0x7ff6f077d1cc in WinStartup (test_zcu.obj)
               callMain(std.os.windows.peb().ProcessParameters.CommandLine.slice(), .global),
                       ^
       ???:?:?: 0x7ffd06bee956 in ??? (KERNEL32.DLL)
       ???:?:?: 0x7ffd0768427b in ??? (ntdll.dll)
       
       [DebugAllocator] (err): memory address 0x1d3f9780900 leaked: 
       C:\Users\tvolo\AppData\Local\Microsoft\WinGet\Packages\zig.zig_Microsoft.Winget.Source_8wekyb3d8bbwe\zig-x86_64-windows-0.16.0\lib\std\fmt.zig:636:27: 0x7ff6f07b9e46 in allocPrint__anon_67376 (test_zcu.obj)
           return aw.toOwnedSlice();
                                 ^
       C:\Users\tvolo\dev\ai-dala\My-Fab\tests\integration\concurrent_instances_test.zig:94:30: 0x7ff6f0db66fa in uuidToHexStr (test_zcu.obj)
           return std.fmt.allocPrint(
                                    ^
       C:\Users\tvolo\dev\ai-dala\My-Fab\tests\integration\concurrent_instances_test.zig:160:41: 0x7ff6f0db68a8 in setupInstanceWithTask (test_zcu.obj)
           const inst_id_hex = try uuidToHexStr(allocator, inst.instance_id);
                                               ^
       C:\Users\tvolo\dev\ai-dala\My-Fab\tests\integration\concurrent_instances_test.zig:288:50: 0x7ff6f0dbbfb0 in test.TC-EE-12-01/03: 100 concurrent task completions on distinct instances all succeed (test_zcu.obj)
               const task_id = try setupInstanceWithTask(
                                                        ^
       C:\Users\tvolo\AppData\Local\Microsoft\WinGet\Packages\zig.zig_Microsoft.Winget.Source_8wekyb3d8bbwe\zig-x86_64-windows-0.16.0\lib\compiler\test_runner.zig:140:68: 0x7ff6f077e95c in mainServer (test_zcu.obj)
                       const status: TestResults.Status = if (test_fn.func()) |v| s: {
                                                                          ^
       C:\Users\tvolo\AppData\Local\Microsoft\WinGet\Packages\zig.zig_Microsoft.Winget.Source_8wekyb3d8bbwe\zig-x86_64-windows-0.16.0\lib\compiler\test_runner.zig:71:26: 0x7ff6f077eff9 in main (test_zcu.obj)
               return mainServer(init) catch |err| panic("internal test runner failure: {t}", .{err});
                                ^
       C:\Users\tvolo\AppData\Local\Microsoft\WinGet\Packages\zig.zig_Microsoft.Winget.Source_8wekyb3d8bbwe\zig-x86_64-windows-0.16.0\lib\std\start.zig:699: 0x7ff6f077d1cc in callMain (test_zcu.obj)
           if (fn_info.params[0].type.? == std.process.Init.Minimal) return wrapMain(root.main(.{
       
       C:\Users\tvolo\AppData\Local\Microsoft\WinGet\Packages\zig.zig_Microsoft.Winget.Source_8wekyb3d8bbwe\zig-x86_64-windows-0.16.0\lib\std\start.zig:485:17: 0x7ff6f077d1cc in WinStartup (test_zcu.obj)
               callMain(std.os.windows.peb().ProcessParameters.CommandLine.slice(), .global),
                       ^
       ???:?:?: 0x7ffd06bee956 in ??? (KERNEL32.DLL)
       ???:?:?: 0x7ffd0768427b in ??? (ntdll.dll)
       
       [DebugAllocator] (err): memory address 0x1d3f9780c00 leaked: 
       C:\Users\tvolo\AppData\Local\Microsoft\WinGet\Packages\zig.zig_Microsoft.Winget.Source_8wekyb3d8bbwe\zig-x86_64-windows-0.16.0\lib\std\fmt.zig:636:27: 0x7ff6f07b9e46 in allocPrint__anon_67376 (test_zcu.obj)
           return aw.toOwnedSlice();
                                 ^
       C:\Users\tvolo\dev\ai-dala\My-Fab\tests\integration\concurrent_instances_test.zig:94:30: 0x7ff6f0db66fa in uuidToHexStr (test_zcu.obj)
           return std.fmt.allocPrint(
                                    ^
       C:\Users\tvolo\dev\ai-dala\My-Fab\tests\integration\concurrent_instances_test.zig:160:41: 0x7ff6f0db68a8 in setupInstanceWithTask (test_zcu.obj)
           const inst_id_hex = try uuidToHexStr(allocator, inst.instance_id);
                                               ^
       C:\Users\tvolo\dev\ai-dala\My-Fab\tests\integration\concurrent_instances_test.zig:288:50: 0x7ff6f0dbbfb0 in test.TC-EE-12-01/03: 100 concurrent task completions on distinct instances all succeed (test_zcu.obj)
               const task_id = try setupInstanceWithTask(
                                                        ^
       C:\Users\tvolo\AppData\Local\Microsoft\WinGet\Packages\zig.zig_Microsoft.Winget.Source_8wekyb3d8bbwe\zig-x86_64-windows-0.16.0\lib\compiler\test_runner.zig:140:68: 0x7ff6f077e95c in mainServer (test_zcu.obj)
                       const status: TestResults.Status = if (test_fn.func()) |v| s: {
                                                                          ^
       C:\Users\tvolo\AppData\Local\Microsoft\WinGet\Packages\zig.zig_Microsoft.Winget.Source_8wekyb3d8bbwe\zig-x86_64-windows-0.16.0\lib\compiler\test_runner.zig:71:26: 0x7ff6f077eff9 in main (test_zcu.obj)
               return mainServer(init) catch |err| panic("internal test runner failure: {t}", .{err});
                                ^
       C:\Users\tvolo\AppData\Local\Microsoft\WinGet\Packages\zig.zig_Microsoft.Winget.Source_8wekyb3d8bbwe\zig-x86_64-windows-0.16.0\lib\std\start.zig:699: 0x7ff6f077d1cc in callMain (test_zcu.obj)
           if (fn_info.params[0].type.? == std.process.Init.Minimal) return wrapMain(root.main(.{
       
       C:\Users\tvolo\AppData\Local\Microsoft\WinGet\Packages\zig.zig_Microsoft.Winget.Source_8wekyb3d8bbwe\zig-x86_64-windows-0.16.0\lib\std\start.zig:485:17: 0x7ff6f077d1cc in WinStartup (test_zcu.obj)
               callMain(std.os.windows.peb().ProcessParameters.CommandLine.slice(), .global),
                       ^
       ???:?:?: 0x7ffd06bee956 in ??? (KERNEL32.DLL)
       ???:?:?: 0x7ffd0768427b in ??? (ntdll.dll)
       
       [DebugAllocator] (err): memory address 0x1d3f9780f00 leaked: 
       C:\Users\tvolo\AppData\Local\Microsoft\WinGet\Packages\zig.zig_Microsoft.Winget.Source_8wekyb3d8bbwe\zig-x86_64-windows-0.16.0\lib\std\fmt.zig:636:27: 0x7ff6f07b9e46 in allocPrint__anon_67376 (test_zcu.obj)
           return aw.toOwnedSlice();
                                 ^
       C:\Users\tvolo\dev\ai-dala\My-Fab\tests\integration\concurrent_instances_test.zig:94:30: 0x7ff6f0db66fa in uuidToHexStr (test_zcu.obj)
           return std.fmt.allocPrint(
                                    ^
       C:\Users\tvolo\dev\ai-dala\My-Fab\tests\integration\concurrent_instances_test.zig:160:41: 0x7ff6f0db68a8 in setupInstanceWithTask (test_zcu.obj)
           const inst_id_hex = try uuidToHexStr(allocator, inst.instance_id);
                                               ^
       C:\Users\tvolo\dev\ai-dala\My-Fab\tests\integration\concurrent_instances_test.zig:288:50: 0x7ff6f0dbbfb0 in test.TC-EE-12-01/03: 100 concurrent task completions on distinct instances all succeed (test_zcu.obj)
               const task_id = try setupInstanceWithTask(
                                                        ^
       C:\Users\tvolo\AppData\Local\Microsoft\WinGet\Packages\zig.zig_Microsoft.Winget.Source_8wekyb3d8bbwe\zig-x86_64-windows-0.16.0\lib\compiler\test_runner.zig:140:68: 0x7ff6f077e95c in mainServer (test_zcu.obj)
                       const status: TestResults.Status = if (test_fn.func()) |v| s: {
                                                                          ^
       C:\Users\tvolo\AppData\Local\Microsoft\WinGet\Packages\zig.zig_Microsoft.Winget.Source_8wekyb3d8bbwe\zig-x86_64-windows-0.16.0\lib\compiler\test_runner.zig:71:26: 0x7ff6f077eff9 in main (test_zcu.obj)
               return mainServer(init) catch |err| panic("internal test runner failure: {t}", .{err});
                                ^
       C:\Users\tvolo\AppData\Local\Microsoft\WinGet\Packages\zig.zig_Microsoft.Winget.Source_8wekyb3d8bbwe\zig-x86_64-windows-0.16.0\lib\std\start.zig:699: 0x7ff6f077d1cc in callMain (test_zcu.obj)
           if (fn_info.params[0].type.? == std.process.Init.Minimal) return wrapMain(root.main(.{
       
       C:\Users\tvolo\AppData\Local\Microsoft\WinGet\Packages\zig.zig_Microsoft.Winget.Source_8wekyb3d8bbwe\zig-x86_64-windows-0.16.0\lib\std\start.zig:485:17: 0x7ff6f077d1cc in WinStartup (test_zcu.obj)
               callMain(std.os.windows.peb().ProcessParameters.CommandLine.slice(), .global),
                       ^
       ???:?:?: 0x7ffd06bee956 in ??? (KERNEL32.DLL)
       ???:?:?: 0x7ffd0768427b in ??? (ntdll.dll)
       
       [DebugAllocator] (err): memory address 0x1d3f9781200 leaked: 
       C:\Users\tvolo\AppData\Local\Microsoft\WinGet\Packages\zig.zig_Microsoft.Winget.Source_8wekyb3d8bbwe\zig-x86_64-windows-0.16.0\lib\std\fmt.zig:636:27: 0x7ff6f07b9e46 in allocPrint__anon_67376 (test_zcu.obj)
           return aw.toOwnedSlice();
                                 ^
       C:\Users\tvolo\dev\ai-dala\My-Fab\tests\integration\concurrent_instances_test.zig:94:30: 0x7ff6f0db66fa in uuidToHexStr (test_zcu.obj)
           return std.fmt.allocPrint(
                                    ^
       C:\Users\tvolo\dev\ai-dala\My-Fab\tests\integration\concurrent_instances_test.zig:160:41: 0x7ff6f0db68a8 in setupInstanceWithTask (test_zcu.obj)
           const inst_id_hex = try uuidToHexStr(allocator, inst.instance_id);
                                               ^
       C:\Users\tvolo\dev\ai-dala\My-Fab\tests\integration\concurrent_instances_test.zig:288:50: 0x7ff6f0dbbfb0 in test.TC-EE-12-01/03: 100 concurrent task completions on distinct instances all succeed (test_zcu.obj)
               const task_id = try setupInstanceWithTask(
                                                        ^
       C:\Users\tvolo\AppData\Local\Microsoft\WinGet\Packages\zig.zig_Microsoft.Winget.Source_8wekyb3d8bbwe\zig-x86_64-windows-0.16.0\lib\compiler\test_runner.zig:140:68: 0x7ff6f077e95c in mainServer (test_zcu.obj)
                       const status: TestResults.Status = if (test_fn.func()) |v| s: {
                                                                          ^
       C:\Users\tvolo\AppData\Local\Microsoft\WinGet\Packages\zig.zig_Microsoft.Winget.Source_8wekyb3d8bbwe\zig-x86_64-windows-0.16.0\lib\compiler\test_runner.zig:71:26: 0x7ff6f077eff9 in main (test_zcu.obj)
               return mainServer(init) catch |err| panic("internal test runner failure: {t}", .{err});
                                ^
       C:\Users\tvolo\AppData\Local\Microsoft\WinGet\Packages\zig.zig_Microsoft.Winget.Source_8wekyb3d8bbwe\zig-x86_64-windows-0.16.0\lib\std\start.zig:699: 0x7ff6f077d1cc in callMain (test_zcu.obj)
           if (fn_info.params[0].type.? == std.process.Init.Minimal) return wrapMain(root.main(.{
       
       C:\Users\tvolo\AppData\Local\Microsoft\WinGet\Packages\zig.zig_Microsoft.Winget.Source_8wekyb3d8bbwe\zig-x86_64-windows-0.16.0\lib\std\start.zig:485:17: 0x7ff6f077d1cc in WinStartup (test_zcu.obj)
               callMain(std.os.windows.peb().ProcessParameters.CommandLine.slice(), .global),
                       ^
       ???:?:?: 0x7ffd06bee956 in ??? (KERNEL32.DLL)
       ???:?:?: 0x7ffd0768427b in ??? (ntdll.dll)
       
       [DebugAllocator] (err): memory address 0x1d3f9781500 leaked: 
       C:\Users\tvolo\AppData\Local\Microsoft\WinGet\Packages\zig.zig_Microsoft.Winget.Source_8wekyb3d8bbwe\zig-x86_64-windows-0.16.0\lib\std\fmt.zig:636:27: 0x7ff6f07b9e46 in allocPrint__anon_67376 (test_zcu.obj)
           return aw.toOwnedSlice();
                                 ^
       C:\Users\tvolo\dev\ai-dala\My-Fab\tests\integration\concurrent_instances_test.zig:94:30: 0x7ff6f0db66fa in uuidToHexStr (test_zcu.obj)
           return std.fmt.allocPrint(
                                    ^
       C:\Users\tvolo\dev\ai-dala\My-Fab\tests\integration\concurrent_instances_test.zig:160:41: 0x7ff6f0db68a8 in setupInstanceWithTask (test_zcu.obj)
           const inst_id_hex = try uuidToHexStr(allocator, inst.instance_id);
                                               ^
       C:\Users\tvolo\dev\ai-dala\My-Fab\tests\integration\concurrent_instances_test.zig:288:50: 0x7ff6f0dbbfb0 in test.TC-EE-12-01/03: 100 concurrent task completions on distinct instances all succeed (test_zcu.obj)
               const task_id = try setupInstanceWithTask(
                                                        ^
       C:\Users\tvolo\AppData\Local\Microsoft\WinGet\Packages\zig.zig_Microsoft.Winget.Source_8wekyb3d8bbwe\zig-x86_64-windows-0.16.0\lib\compiler\test_runner.zig:140:68: 0x7ff6f077e95c in mainServer (test_zcu.obj)
                       const status: TestResults.Status = if (test_fn.func()) |v| s: {
                                                                          ^
       C:\Users\tvolo\AppData\Local\Microsoft\WinGet\Packages\zig.zig_Microsoft.Winget.Source_8wekyb3d8bbwe\zig-x86_64-windows-0.16.0\lib\compiler\test_runner.zig:71:26: 0x7ff6f077eff9 in main (test_zcu.obj)
               return mainServer(init) catch |err| panic("internal test runner failure: {t}", .{err});
                                ^
       C:\Users\tvolo\AppData\Local\Microsoft\WinGet\Packages\zig.zig_Microsoft.Winget.Source_8wekyb3d8bbwe\zig-x86_64-windows-0.16.0\lib\std\start.zig:699: 0x7ff6f077d1cc in callMain (test_zcu.obj)
           if (fn_info.params[0].type.? == std.process.Init.Minimal) return wrapMain(root.main(.{
       
       C:\Users\tvolo\AppData\Local\Microsoft\WinGet\Packages\zig.zig_Microsoft.Winget.Source_8wekyb3d8bbwe\zig-x86_64-windows-0.16.0\lib\std\start.zig:485:17: 0x7ff6f077d1cc in WinStartup (test_zcu.obj)
               callMain(std.os.windows.peb().ProcessParameters.CommandLine.slice(), .global),
                       ^
       ???:?:?: 0x7ffd06bee956 in ??? (KERNEL32.DLL)
       ???:?:?: 0x7ffd0768427b in ??? (ntdll.dll)
       
       [DebugAllocator] (err): memory address 0x1d3f9781800 leaked: 
       C:\Users\tvolo\AppData\Local\Microsoft\WinGet\Packages\zig.zig_Microsoft.Winget.Source_8wekyb3d8bbwe\zig-x86_64-windows-0.16.0\lib\std\fmt.zig:636:27: 0x7ff6f07b9e46 in allocPrint__anon_67376 (test_zcu.obj)
           return aw.toOwnedSlice();
                                 ^
       C:\Users\tvolo\dev\ai-dala\My-Fab\tests\integration\concurrent_instances_test.zig:94:30: 0x7ff6f0db66fa in uuidToHexStr (test_zcu.obj)
           return std.fmt.allocPrint(
                                    ^
       C:\Users\tvolo\dev\ai-dala\My-Fab\tests\integration\concurrent_instances_test.zig:160:41: 0x7ff6f0db68a8 in setupInstanceWithTask (test_zcu.obj)
           const inst_id_hex = try uuidToHexStr(allocator, inst.instance_id);
                                               ^
       C:\Users\tvolo\dev\ai-dala\My-Fab\tests\integration\concurrent_instances_test.zig:288:50: 0x7ff6f0dbbfb0 in test.TC-EE-12-01/03: 100 concurrent task completions on distinct instances all succeed (test_zcu.obj)
               const task_id = try setupInstanceWithTask(
                                                        ^
       C:\Users\tvolo\AppData\Local\Microsoft\WinGet\Packages\zig.zig_Microsoft.Winget.Source_8wekyb3d8bbwe\zig-x86_64-windows-0.16.0\lib\compiler\test_runner.zig:140:68: 0x7ff6f077e95c in mainServer (test_zcu.obj)
                       const status: TestResults.Status = if (test_fn.func()) |v| s: {
                                                                          ^
       C:\Users\tvolo\AppData\Local\Microsoft\WinGet\Packages\zig.zig_Microsoft.Winget.Source_8wekyb3d8bbwe\zig-x86_64-windows-0.16.0\lib\compiler\test_runner.zig:71:26: 0x7ff6f077eff9 in main (test_zcu.obj)
               return mainServer(init) catch |err| panic("internal test runner failure: {t}", .{err});
                                ^
       C:\Users\tvolo\AppData\Local\Microsoft\WinGet\Packages\zig.zig_Microsoft.Winget.Source_8wekyb3d8bbwe\zig-x86_64-windows-0.16.0\lib\std\start.zig:699: 0x7ff6f077d1cc in callMain (test_zcu.obj)
           if (fn_info.params[0].type.? == std.process.Init.Minimal) return wrapMain(root.main(.{
       
       C:\Users\tvolo\AppData\Local\Microsoft\WinGet\Packages\zig.zig_Microsoft.Winget.Source_8wekyb3d8bbwe\zig-x86_64-windows-0.16.0\lib\std\start.zig:485:17: 0x7ff6f077d1cc in WinStartup (test_zcu.obj)
               callMain(std.os.windows.peb().ProcessParameters.CommandLine.slice(), .global),
                       ^
       ???:?:?: 0x7ffd06bee956 in ??? (KERNEL32.DLL)
       ???:?:?: 0x7ffd0768427b in ??? (ntdll.dll)
       
       [DebugAllocator] (err): memory address 0x1d3f9781b00 leaked: 
       C:\Users\tvolo\AppData\Local\Microsoft\WinGet\Packages\zig.zig_Microsoft.Winget.Source_8wekyb3d8bbwe\zig-x86_64-windows-0.16.0\lib\std\fmt.zig:636:27: 0x7ff6f07b9e46 in allocPrint__anon_67376 (test_zcu.obj)
           return aw.toOwnedSlice();
                                 ^
       C:\Users\tvolo\dev\ai-dala\My-Fab\tests\integration\concurrent_instances_test.zig:94:30: 0x7ff6f0db66fa in uuidToHexStr (test_zcu.obj)
           return std.fmt.allocPrint(
                                    ^
       C:\Users\tvolo\dev\ai-dala\My-Fab\tests\integration\concurrent_instances_test.zig:160:41: 0x7ff6f0db68a8 in setupInstanceWithTask (test_zcu.obj)
           const inst_id_hex = try uuidToHexStr(allocator, inst.instance_id);
                                               ^
       C:\Users\tvolo\dev\ai-dala\My-Fab\tests\integration\concurrent_instances_test.zig:288:50: 0x7ff6f0dbbfb0 in test.TC-EE-12-01/03: 100 concurrent task completions on distinct instances all succeed (test_zcu.obj)
               const task_id = try setupInstanceWithTask(
                                                        ^
       C:\Users\tvolo\AppData\Local\Microsoft\WinGet\Packages\zig.zig_Microsoft.Winget.Source_8wekyb3d8bbwe\zig-x86_64-windows-0.16.0\lib\compiler\test_runner.zig:140:68: 0x7ff6f077e95c in mainServer (test_zcu.obj)
                       const status: TestResults.Status = if (test_fn.func()) |v| s: {
                                                                          ^
       C:\Users\tvolo\AppData\Local\Microsoft\WinGet\Packages\zig.zig_Microsoft.Winget.Source_8wekyb3d8bbwe\zig-x86_64-windows-0.16.0\lib\compiler\test_runner.zig:71:26: 0x7ff6f077eff9 in main (test_zcu.obj)
               return mainServer(init) catch |err| panic("internal test runner failure: {t}", .{err});
                                ^
       C:\Users\tvolo\AppData\Local\Microsoft\WinGet\Packages\zig.zig_Microsoft.Winget.Source_8wekyb3d8bbwe\zig-x86_64-windows-0.16.0\lib\std\start.zig:699: 0x7ff6f077d1cc in callMain (test_zcu.obj)
           if (fn_info.params[0].type.? == std.process.Init.Minimal) return wrapMain(root.main(.{
       
       C:\Users\tvolo\AppData\Local\Microsoft\WinGet\Packages\zig.zig_Microsoft.Winget.Source_8wekyb3d8bbwe\zig-x86_64-windows-0.16.0\lib\std\start.zig:485:17: 0x7ff6f077d1cc in WinStartup (test_zcu.obj)
               callMain(std.os.windows.peb().ProcessParameters.CommandLine.slice(), .global),
                       ^
       ???:?:?: 0x7ffd06bee956 in ??? (KERNEL32.DLL)
       ???:?:?: 0x7ffd0768427b in ??? (ntdll.dll)
       
       [DebugAllocator] (err): memory address 0x1d3f9781e00 leaked: 
       C:\Users\tvolo\AppData\Local\Microsoft\WinGet\Packages\zig.zig_Microsoft.Winget.Source_8wekyb3d8bbwe\zig-x86_64-windows-0.16.0\lib\std\fmt.zig:636:27: 0x7ff6f07b9e46 in allocPrint__anon_67376 (test_zcu.obj)
           return aw.toOwnedSlice();
                                 ^
       C:\Users\tvolo\dev\ai-dala\My-Fab\tests\integration\concurrent_instances_test.zig:94:30: 0x7ff6f0db66fa in uuidToHexStr (test_zcu.obj)
           return std.fmt.allocPrint(
                                    ^
       C:\Users\tvolo\dev\ai-dala\My-Fab\tests\integration\concurrent_instances_test.zig:160:41: 0x7ff6f0db68a8 in setupInstanceWithTask (test_zcu.obj)
           const inst_id_hex = try uuidToHexStr(allocator, inst.instance_id);
                                               ^
       C:\Users\tvolo\dev\ai-dala\My-Fab\tests\integration\concurrent_instances_test.zig:288:50: 0x7ff6f0dbbfb0 in test.TC-EE-12-01/03: 100 concurrent task completions on distinct instances all succeed (test_zcu.obj)
               const task_id = try setupInstanceWithTask(
                                                        ^
       C:\Users\tvolo\AppData\Local\Microsoft\WinGet\Packages\zig.zig_Microsoft.Winget.Source_8wekyb3d8bbwe\zig-x86_64-windows-0.16.0\lib\compiler\test_runner.zig:140:68: 0x7ff6f077e95c in mainServer (test_zcu.obj)
                       const status: TestResults.Status = if (test_fn.func()) |v| s: {
                                                                          ^
       C:\Users\tvolo\AppData\Local\Microsoft\WinGet\Packages\zig.zig_Microsoft.Winget.Source_8wekyb3d8bbwe\zig-x86_64-windows-0.16.0\lib\compiler\test_runner.zig:71:26: 0x7ff6f077eff9 in main (test_zcu.obj)
               return mainServer(init) catch |err| panic("internal test runner failure: {t}", .{err});
                                ^
       C:\Users\tvolo\AppData\Local\Microsoft\WinGet\Packages\zig.zig_Microsoft.Winget.Source_8wekyb3d8bbwe\zig-x86_64-windows-0.16.0\lib\std\start.zig:699: 0x7ff6f077d1cc in callMain (test_zcu.obj)
           if (fn_info.params[0].type.? == std.process.Init.Minimal) return wrapMain(root.main(.{
       
       C:\Users\tvolo\AppData\Local\Microsoft\WinGet\Packages\zig.zig_Microsoft.Winget.Source_8wekyb3d8bbwe\zig-x86_64-windows-0.16.0\lib\std\start.zig:485:17: 0x7ff6f077d1cc in WinStartup (test_zcu.obj)
               callMain(std.os.windows.peb().ProcessParameters.CommandLine.slice(), .global),
                       ^
       ???:?:?: 0x7ffd06bee956 in ??? (KERNEL32.DLL)
       ???:?:?: 0x7ffd0768427b in ??? (ntdll.dll)
       
       [DebugAllocator] (err): memory address 0x1d3f9782100 leaked: 
       C:\Users\tvolo\AppData\Local\Microsoft\WinGet\Packages\zig.zig_Microsoft.Winget.Source_8wekyb3d8bbwe\zig-x86_64-windows-0.16.0\lib\std\fmt.zig:636:27: 0x7ff6f07b9e46 in allocPrint__anon_67376 (test_zcu.obj)
           return aw.toOwnedSlice();
                                 ^
       C:\Users\tvolo\dev\ai-dala\My-Fab\tests\integration\concurrent_instances_test.zig:94:30: 0x7ff6f0db66fa in uuidToHexStr (test_zcu.obj)
           return std.fmt.allocPrint(
                                    ^
       C:\Users\tvolo\dev\ai-dala\My-Fab\tests\integration\concurrent_instances_test.zig:160:41: 0x7ff6f0db68a8 in setupInstanceWithTask (test_zcu.obj)
           const inst_id_hex = try uuidToHexStr(allocator, inst.instance_id);
                                               ^
       C:\Users\tvolo\dev\ai-dala\My-Fab\tests\integration\concurrent_instances_test.zig:288:50: 0x7ff6f0dbbfb0 in test.TC-EE-12-01/03: 100 concurrent task completions on distinct instances all succeed (test_zcu.obj)
               const task_id = try setupInstanceWithTask(
                                                        ^
       C:\Users\tvolo\AppData\Local\Microsoft\WinGet\Packages\zig.zig_Microsoft.Winget.Source_8wekyb3d8bbwe\zig-x86_64-windows-0.16.0\lib\compiler\test_runner.zig:140:68: 0x7ff6f077e95c in mainServer (test_zcu.obj)
                       const status: TestResults.Status = if (test_fn.func()) |v| s: {
                                                                          ^
       C:\Users\tvolo\AppData\Local\Microsoft\WinGet\Packages\zig.zig_Microsoft.Winget.Source_8wekyb3d8bbwe\zig-x86_64-windows-0.16.0\lib\compiler\test_runner.zig:71:26: 0x7ff6f077eff9 in main (test_zcu.obj)
               return mainServer(init) catch |err| panic("internal test runner failure: {t}", .{err});
                                ^
       C:\Users\tvolo\AppData\Local\Microsoft\WinGet\Packages\zig.zig_Microsoft.Winget.Source_8wekyb3d8bbwe\zig-x86_64-windows-0.16.0\lib\std\start.zig:699: 0x7ff6f077d1cc in callMain (test_zcu.obj)
           if (fn_info.params[0].type.? == std.process.Init.Minimal) return wrapMain(root.main(.{
       
       C:\Users\tvolo\AppData\Local\Microsoft\WinGet\Packages\zig.zig_Microsoft.Winget.Source_8wekyb3d8bbwe\zig-x86_64-windows-0.16.0\lib\std\start.zig:485:17: 0x7ff6f077d1cc in WinStartup (test_zcu.obj)
               callMain(std.os.windows.peb().ProcessParameters.CommandLine.slice(), .global),
                       ^
       ???:?:?: 0x7ffd06bee956 in ??? (KERNEL32.DLL)
       ???:?:?: 0x7ffd0768427b in ??? (ntdll.dll)
       
       [DebugAllocator] (err): memory address 0x1d3f9782400 leaked: 
       C:\Users\tvolo\AppData\Local\Microsoft\WinGet\Packages\zig.zig_Microsoft.Winget.Source_8wekyb3d8bbwe\zig-x86_64-windows-0.16.0\lib\std\fmt.zig:636:27: 0x7ff6f07b9e46 in allocPrint__anon_67376 (test_zcu.obj)
           return aw.toOwnedSlice();
                                 ^
       C:\Users\tvolo\dev\ai-dala\My-Fab\tests\integration\concurrent_instances_test.zig:94:30: 0x7ff6f0db66fa in uuidToHexStr (test_zcu.obj)
           return std.fmt.allocPrint(
                                    ^
       C:\Users\tvolo\dev\ai-dala\My-Fab\tests\integration\concurrent_instances_test.zig:160:41: 0x7ff6f0db68a8 in setupInstanceWithTask (test_zcu.obj)
           const inst_id_hex = try uuidToHexStr(allocator, inst.instance_id);
                                               ^
       C:\Users\tvolo\dev\ai-dala\My-Fab\tests\integration\concurrent_instances_test.zig:288:50: 0x7ff6f0dbbfb0 in test.TC-EE-12-01/03: 100 concurrent task completions on distinct instances all succeed (test_zcu.obj)
               const task_id = try setupInstanceWithTask(
                                                        ^
       C:\Users\tvolo\AppData\Local\Microsoft\WinGet\Packages\zig.zig_Microsoft.Winget.Source_8wekyb3d8bbwe\zig-x86_64-windows-0.16.0\lib\compiler\test_runner.zig:140:68: 0x7ff6f077e95c in mainServer (test_zcu.obj)
                       const status: TestResults.Status = if (test_fn.func()) |v| s: {
                                                                          ^
       C:\Users\tvolo\AppData\Local\Microsoft\WinGet\Packages\zig.zig_Microsoft.Winget.Source_8wekyb3d8bbwe\zig-x86_64-windows-0.16.0\lib\compiler\test_runner.zig:71:26: 0x7ff6f077eff9 in main (test_zcu.obj)
               return mainServer(init) catch |err| panic("internal test runner failure: {t}", .{err});
                                ^
       C:\Users\tvolo\AppData\Local\Microsoft\WinGet\Packages\zig.zig_Microsoft.Winget.Source_8wekyb3d8bbwe\zig-x86_64-windows-0.16.0\lib\std\start.zig:699: 0x7ff6f077d1cc in callMain (test_zcu.obj)
           if (fn_info.params[0].type.? == std.process.Init.Minimal) return wrapMain(root.main(.{
       
       C:\Users\tvolo\AppData\Local\Microsoft\WinGet\Packages\zig.zig_Microsoft.Winget.Source_8wekyb3d8bbwe\zig-x86_64-windows-0.16.0\lib\std\start.zig:485:17: 0x7ff6f077d1cc in WinStartup (test_zcu.obj)
               callMain(std.os.windows.peb().ProcessParameters.CommandLine.slice(), .global),
                       ^
       ???:?:?: 0x7ffd06bee956 in ??? (KERNEL32.DLL)
       ???:?:?: 0x7ffd0768427b in ??? (ntdll.dll)
       
       [DebugAllocator] (err): memory address 0x1d3f9782700 leaked: 
       C:\Users\tvolo\AppData\Local\Microsoft\WinGet\Packages\zig.zig_Microsoft.Winget.Source_8wekyb3d8bbwe\zig-x86_64-windows-0.16.0\lib\std\fmt.zig:636:27: 0x7ff6f07b9e46 in allocPrint__anon_67376 (test_zcu.obj)
           return aw.toOwnedSlice();
                                 ^
       C:\Users\tvolo\dev\ai-dala\My-Fab\tests\integration\concurrent_instances_test.zig:94:30: 0x7ff6f0db66fa in uuidToHexStr (test_zcu.obj)
           return std.fmt.allocPrint(
                                    ^
       C:\Users\tvolo\dev\ai-dala\My-Fab\tests\integration\concurrent_instances_test.zig:160:41: 0x7ff6f0db68a8 in setupInstanceWithTask (test_zcu.obj)
           const inst_id_hex = try uuidToHexStr(allocator, inst.instance_id);
                                               ^
       C:\Users\tvolo\dev\ai-dala\My-Fab\tests\integration\concurrent_instances_test.zig:288:50: 0x7ff6f0dbbfb0 in test.TC-EE-12-01/03: 100 concurrent task completions on distinct instances all succeed (test_zcu.obj)
               const task_id = try setupInstanceWithTask(
                                                        ^
       C:\Users\tvolo\AppData\Local\Microsoft\WinGet\Packages\zig.zig_Microsoft.Winget.Source_8wekyb3d8bbwe\zig-x86_64-windows-0.16.0\lib\compiler\test_runner.zig:140:68: 0x7ff6f077e95c in mainServer (test_zcu.obj)
                       const status: TestResults.Status = if (test_fn.func()) |v| s: {
                                                                          ^
       C:\Users\tvolo\AppData\Local\Microsoft\WinGet\Packages\zig.zig_Microsoft.Winget.Source_8wekyb3d8bbwe\zig-x86_64-windows-0.16.0\lib\compiler\test_runner.zig:71:26: 0x7ff6f077eff9 in main (test_zcu.obj)
               return mainServer(init) catch |err| panic("internal test runner failure: {t}", .{err});
                                ^
       C:\Users\tvolo\AppData\Local\Microsoft\WinGet\Packages\zig.zig_Microsoft.Winget.Source_8wekyb3d8bbwe\zig-x86_64-windows-0.16.0\lib\std\start.zig:699: 0x7ff6f077d1cc in callMain (test_zcu.obj)
           if (fn_info.params[0].type.? == std.process.Init.Minimal) return wrapMain(root.main(.{
       
       C:\Users\tvolo\AppData\Local\Microsoft\WinGet\Packages\zig.zig_Microsoft.Winget.Source_8wekyb3d8bbwe\zig-x86_64-windows-0.16.0\lib\std\start.zig:485:17: 0x7ff6f077d1cc in WinStartup (test_zcu.obj)
               callMain(std.os.windows.peb().ProcessParameters.CommandLine.slice(), .global),
                       ^
       ???:?:?: 0x7ffd06bee956 in ??? (KERNEL32.DLL)
       ???:?:?: 0x7ffd0768427b in ??? (ntdll.dll)
       
       [DebugAllocator] (err): memory address 0x1d3f9782a00 leaked: 
       C:\Users\tvolo\AppData\Local\Microsoft\WinGet\Packages\zig.zig_Microsoft.Winget.Source_8wekyb3d8bbwe\zig-x86_64-windows-0.16.0\lib\std\fmt.zig:636:27: 0x7ff6f07b9e46 in allocPrint__anon_67376 (test_zcu.obj)
           return aw.toOwnedSlice();
                                 ^
       C:\Users\tvolo\dev\ai-dala\My-Fab\tests\integration\concurrent_instances_test.zig:94:30: 0x7ff6f0db66fa in uuidToHexStr (test_zcu.obj)
           return std.fmt.allocPrint(
                                    ^
       C:\Users\tvolo\dev\ai-dala\My-Fab\tests\integration\concurrent_instances_test.zig:160:41: 0x7ff6f0db68a8 in setupInstanceWithTask (test_zcu.obj)
           const inst_id_hex = try uuidToHexStr(allocator, inst.instance_id);
                                               ^
       C:\Users\tvolo\dev\ai-dala\My-Fab\tests\integration\concurrent_instances_test.zig:288:50: 0x7ff6f0dbbfb0 in test.TC-EE-12-01/03: 100 concurrent task completions on distinct instances all succeed (test_zcu.obj)
               const task_id = try setupInstanceWithTask(
                                                        ^
       C:\Users\tvolo\AppData\Local\Microsoft\WinGet\Packages\zig.zig_Microsoft.Winget.Source_8wekyb3d8bbwe\zig-x86_64-windows-0.16.0\lib\compiler\test_runner.zig:140:68: 0x7ff6f077e95c in mainServer (test_zcu.obj)
                       const status: TestResults.Status = if (test_fn.func()) |v| s: {
                                                                          ^
       C:\Users\tvolo\AppData\Local\Microsoft\WinGet\Packages\zig.zig_Microsoft.Winget.Source_8wekyb3d8bbwe\zig-x86_64-windows-0.16.0\lib\compiler\test_runner.zig:71:26: 0x7ff6f077eff9 in main (test_zcu.obj)
               return mainServer(init) catch |err| panic("internal test runner failure: {t}", .{err});
                                ^
       C:\Users\tvolo\AppData\Local\Microsoft\WinGet\Packages\zig.zig_Microsoft.Winget.Source_8wekyb3d8bbwe\zig-x86_64-windows-0.16.0\lib\std\start.zig:699: 0x7ff6f077d1cc in callMain (test_zcu.obj)
           if (fn_info.params[0].type.? == std.process.Init.Minimal) return wrapMain(root.main(.{
       
       C:\Users\tvolo\AppData\Local\Microsoft\WinGet\Packages\zig.zig_Microsoft.Winget.Source_8wekyb3d8bbwe\zig-x86_64-windows-0.16.0\lib\std\start.zig:485:17: 0x7ff6f077d1cc in WinStartup (test_zcu.obj)
               callMain(std.os.windows.peb().ProcessParameters.CommandLine.slice(), .global),
                       ^
       ???:?:?: 0x7ffd06bee956 in ??? (KERNEL32.DLL)
       ???:?:?: 0x7ffd0768427b in ??? (ntdll.dll)
       
       [DebugAllocator] (err): memory address 0x1d3f9782d00 leaked: 
       C:\Users\tvolo\AppData\Local\Microsoft\WinGet\Packages\zig.zig_Microsoft.Winget.Source_8wekyb3d8bbwe\zig-x86_64-windows-0.16.0\lib\std\fmt.zig:636:27: 0x7ff6f07b9e46 in allocPrint__anon_67376 (test_zcu.obj)
           return aw.toOwnedSlice();
                                 ^
       C:\Users\tvolo\dev\ai-dala\My-Fab\tests\integration\concurrent_instances_test.zig:94:30: 0x7ff6f0db66fa in uuidToHexStr (test_zcu.obj)
           return std.fmt.allocPrint(
                                    ^
       C:\Users\tvolo\dev\ai-dala\My-Fab\tests\integration\concurrent_instances_test.zig:160:41: 0x7ff6f0db68a8 in setupInstanceWithTask (test_zcu.obj)
           const inst_id_hex = try uuidToHexStr(allocator, inst.instance_id);
                                               ^
       C:\Users\tvolo\dev\ai-dala\My-Fab\tests\integration\concurrent_instances_test.zig:288:50: 0x7ff6f0dbbfb0 in test.TC-EE-12-01/03: 100 concurrent task completions on distinct instances all succeed (test_zcu.obj)
               const task_id = try setupInstanceWithTask(
                                                        ^
       C:\Users\tvolo\AppData\Local\Microsoft\WinGet\Packages\zig.zig_Microsoft.Winget.Source_8wekyb3d8bbwe\zig-x86_64-windows-0.16.0\lib\compiler\test_runner.zig:140:68: 0x7ff6f077e95c in mainServer (test_zcu.obj)
                       const status: TestResults.Status = if (test_fn.func()) |v| s: {
                                                                          ^
       C:\Users\tvolo\AppData\Local\Microsoft\WinGet\Packages\zig.zig_Microsoft.Winget.Source_8wekyb3d8bbwe\zig-x86_64-windows-0.16.0\lib\compiler\test_runner.zig:71:26: 0x7ff6f077eff9 in main (test_zcu.obj)
               return mainServer(init) catch |err| panic("internal test runner failure: {t}", .{err});
                                ^
       C:\Users\tvolo\AppData\Local\Microsoft\WinGet\Packages\zig.zig_Microsoft.Winget.Source_8wekyb3d8bbwe\zig-x86_64-windows-0.16.0\lib\std\start.zig:699: 0x7ff6f077d1cc in callMain (test_zcu.obj)
           if (fn_info.params[0].type.? == std.process.Init.Minimal) return wrapMain(root.main(.{
       
       C:\Users\tvolo\AppData\Local\Microsoft\WinGet\Packages\zig.zig_Microsoft.Winget.Source_8wekyb3d8bbwe\zig-x86_64-windows-0.16.0\lib\std\start.zig:485:17: 0x7ff6f077d1cc in WinStartup (test_zcu.obj)
               callMain(std.os.windows.peb().ProcessParameters.CommandLine.slice(), .global),
                       ^
       ???:?:?: 0x7ffd06bee956 in ??? (KERNEL32.DLL)
       ???:?:?: 0x7ffd0768427b in ??? (ntdll.dll)
       
       [DebugAllocator] (err): memory address 0x1d3f9783000 leaked: 
       C:\Users\tvolo\AppData\Local\Microsoft\WinGet\Packages\zig.zig_Microsoft.Winget.Source_8wekyb3d8bbwe\zig-x86_64-windows-0.16.0\lib\std\fmt.zig:636:27: 0x7ff6f07b9e46 in allocPrint__anon_67376 (test_zcu.obj)
           return aw.toOwnedSlice();
                                 ^
       C:\Users\tvolo\dev\ai-dala\My-Fab\tests\integration\concurrent_instances_test.zig:94:30: 0x7ff6f0db66fa in uuidToHexStr (test_zcu.obj)
           return std.fmt.allocPrint(
                                    ^
       C:\Users\tvolo\dev\ai-dala\My-Fab\tests\integration\concurrent_instances_test.zig:160:41: 0x7ff6f0db68a8 in setupInstanceWithTask (test_zcu.obj)
           const inst_id_hex = try uuidToHexStr(allocator, inst.instance_id);
                                               ^
       C:\Users\tvolo\dev\ai-dala\My-Fab\tests\integration\concurrent_instances_test.zig:288:50: 0x7ff6f0dbbfb0 in test.TC-EE-12-01/03: 100 concurrent task completions on distinct instances all succeed (test_zcu.obj)
               const task_id = try setupInstanceWithTask(
                                                        ^
       C:\Users\tvolo\AppData\Local\Microsoft\WinGet\Packages\zig.zig_Microsoft.Winget.Source_8wekyb3d8bbwe\zig-x86_64-windows-0.16.0\lib\compiler\test_runner.zig:140:68: 0x7ff6f077e95c in mainServer (test_zcu.obj)
                       const status: TestResults.Status = if (test_fn.func()) |v| s: {
                                                                          ^
       C:\Users\tvolo\AppData\Local\Microsoft\WinGet\Packages\zig.zig_Microsoft.Winget.Source_8wekyb3d8bbwe\zig-x86_64-windows-0.16.0\lib\compiler\test_runner.zig:71:26: 0x7ff6f077eff9 in main (test_zcu.obj)
               return mainServer(init) catch |err| panic("internal test runner failure: {t}", .{err});
                                ^
       C:\Users\tvolo\AppData\Local\Microsoft\WinGet\Packages\zig.zig_Microsoft.Winget.Source_8wekyb3d8bbwe\zig-x86_64-windows-0.16.0\lib\std\start.zig:699: 0x7ff6f077d1cc in callMain (test_zcu.obj)
           if (fn_info.params[0].type.? == std.process.Init.Minimal) return wrapMain(root.main(.{
       
       C:\Users\tvolo\AppData\Local\Microsoft\WinGet\Packages\zig.zig_Microsoft.Winget.Source_8wekyb3d8bbwe\zig-x86_64-windows-0.16.0\lib\std\start.zig:485:17: 0x7ff6f077d1cc in WinStartup (test_zcu.obj)
               callMain(std.os.windows.peb().ProcessParameters.CommandLine.slice(), .global),
                       ^
       ???:?:?: 0x7ffd06bee956 in ??? (KERNEL32.DLL)
       ???:?:?: 0x7ffd0768427b in ??? (ntdll.dll)
       
       [DebugAllocator] (err): memory address 0x1d3f9783300 leaked: 
       C:\Users\tvolo\AppData\Local\Microsoft\WinGet\Packages\zig.zig_Microsoft.Winget.Source_8wekyb3d8bbwe\zig-x86_64-windows-0.16.0\lib\std\fmt.zig:636:27: 0x7ff6f07b9e46 in allocPrint__anon_67376 (test_zcu.obj)
           return aw.toOwnedSlice();
                                 ^
       C:\Users\tvolo\dev\ai-dala\My-Fab\tests\integration\concurrent_instances_test.zig:94:30: 0x7ff6f0db66fa in uuidToHexStr (test_zcu.obj)
           return std.fmt.allocPrint(
                                    ^
       C:\Users\tvolo\dev\ai-dala\My-Fab\tests\integration\concurrent_instances_test.zig:160:41: 0x7ff6f0db68a8 in setupInstanceWithTask (test_zcu.obj)
           const inst_id_hex = try uuidToHexStr(allocator, inst.instance_id);
                                               ^
       C:\Users\tvolo\dev\ai-dala\My-Fab\tests\integration\concurrent_instances_test.zig:288:50: 0x7ff6f0dbbfb0 in test.TC-EE-12-01/03: 100 concurrent task completions on distinct instances all succeed (test_zcu.obj)
               const task_id = try setupInstanceWithTask(
                                                        ^
       C:\Users\tvolo\AppData\Local\Microsoft\WinGet\Packages\zig.zig_Microsoft.Winget.Source_8wekyb3d8bbwe\zig-x86_64-windows-0.16.0\lib\compiler\test_runner.zig:140:68: 0x7ff6f077e95c in mainServer (test_zcu.obj)
                       const status: TestResults.Status = if (test_fn.func()) |v| s: {
                                                                          ^
       C:\Users\tvolo\AppData\Local\Microsoft\WinGet\Packages\zig.zig_Microsoft.Winget.Source_8wekyb3d8bbwe\zig-x86_64-windows-0.16.0\lib\compiler\test_runner.zig:71:26: 0x7ff6f077eff9 in main (test_zcu.obj)
               return mainServer(init) catch |err| panic("internal test runner failure: {t}", .{err});
                                ^
       C:\Users\tvolo\AppData\Local\Microsoft\WinGet\Packages\zig.zig_Microsoft.Winget.Source_8wekyb3d8bbwe\zig-x86_64-windows-0.16.0\lib\std\start.zig:699: 0x7ff6f077d1cc in callMain (test_zcu.obj)
           if (fn_info.params[0].type.? == std.process.Init.Minimal) return wrapMain(root.main(.{
       
       C:\Users\tvolo\AppData\Local\Microsoft\WinGet\Packages\zig.zig_Microsoft.Winget.Source_8wekyb3d8bbwe\zig-x86_64-windows-0.16.0\lib\std\start.zig:485:17: 0x7ff6f077d1cc in WinStartup (test_zcu.obj)
               callMain(std.os.windows.peb().ProcessParameters.CommandLine.slice(), .global),
                       ^
       ???:?:?: 0x7ffd06bee956 in ??? (KERNEL32.DLL)
       ???:?:?: 0x7ffd0768427b in ??? (ntdll.dll)
       
       [DebugAllocator] (err): memory address 0x1d3f9783600 leaked: 
       C:\Users\tvolo\AppData\Local\Microsoft\WinGet\Packages\zig.zig_Microsoft.Winget.Source_8wekyb3d8bbwe\zig-x86_64-windows-0.16.0\lib\std\fmt.zig:636:27: 0x7ff6f07b9e46 in allocPrint__anon_67376 (test_zcu.obj)
           return aw.toOwnedSlice();
                                 ^
       C:\Users\tvolo\dev\ai-dala\My-Fab\tests\integration\concurrent_instances_test.zig:94:30: 0x7ff6f0db66fa in uuidToHexStr (test_zcu.obj)
           return std.fmt.allocPrint(
                                    ^
       C:\Users\tvolo\dev\ai-dala\My-Fab\tests\integration\concurrent_instances_test.zig:160:41: 0x7ff6f0db68a8 in setupInstanceWithTask (test_zcu.obj)
           const inst_id_hex = try uuidToHexStr(allocator, inst.instance_id);
                                               ^
       C:\Users\tvolo\dev\ai-dala\My-Fab\tests\integration\concurrent_instances_test.zig:288:50: 0x7ff6f0dbbfb0 in test.TC-EE-12-01/03: 100 concurrent task completions on distinct instances all succeed (test_zcu.obj)
               const task_id = try setupInstanceWithTask(
                                                        ^
       C:\Users\tvolo\AppData\Local\Microsoft\WinGet\Packages\zig.zig_Microsoft.Winget.Source_8wekyb3d8bbwe\zig-x86_64-windows-0.16.0\lib\compiler\test_runner.zig:140:68: 0x7ff6f077e95c in mainServer (test_zcu.obj)
                       const status: TestResults.Status = if (test_fn.func()) |v| s: {
                                                                          ^
       C:\Users\tvolo\AppData\Local\Microsoft\WinGet\Packages\zig.zig_Microsoft.Winget.Source_8wekyb3d8bbwe\zig-x86_64-windows-0.16.0\lib\compiler\test_runner.zig:71:26: 0x7ff6f077eff9 in main (test_zcu.obj)
               return mainServer(init) catch |err| panic("internal test runner failure: {t}", .{err});
                                ^
       C:\Users\tvolo\AppData\Local\Microsoft\WinGet\Packages\zig.zig_Microsoft.Winget.Source_8wekyb3d8bbwe\zig-x86_64-windows-0.16.0\lib\std\start.zig:699: 0x7ff6f077d1cc in callMain (test_zcu.obj)
           if (fn_info.params[0].type.? == std.process.Init.Minimal) return wrapMain(root.main(.{
       
       C:\Users\tvolo\AppData\Local\Microsoft\WinGet\Packages\zig.zig_Microsoft.Winget.Source_8wekyb3d8bbwe\zig-x86_64-windows-0.16.0\lib\std\start.zig:485:17: 0x7ff6f077d1cc in WinStartup (test_zcu.obj)
               callMain(std.os.windows.peb().ProcessParameters.CommandLine.slice(), .global),
                       ^
       ???:?:?: 0x7ffd06bee956 in ??? (KERNEL32.DLL)
       ???:?:?: 0x7ffd0768427b in ??? (ntdll.dll)
       
       [DebugAllocator] (err): memory address 0x1d3f9740000 leaked: 
       C:\Users\tvolo\AppData\Local\Microsoft\WinGet\Packages\zig.zig_Microsoft.Winget.Source_8wekyb3d8bbwe\zig-x86_64-windows-0.16.0\lib\std\fmt.zig:636:27: 0x7ff6f07b9e46 in allocPrint__anon_67376 (test_zcu.obj)
           return aw.toOwnedSlice();
                                 ^
       C:\Users\tvolo\dev\ai-dala\My-Fab\tests\integration\concurrent_instances_test.zig:94:30: 0x7ff6f0db66fa in uuidToHexStr (test_zcu.obj)
           return std.fmt.allocPrint(
                                    ^
       C:\Users\tvolo\dev\ai-dala\My-Fab\tests\integration\concurrent_instances_test.zig:160:41: 0x7ff6f0db68a8 in setupInstanceWithTask (test_zcu.obj)
           const inst_id_hex = try uuidToHexStr(allocator, inst.instance_id);
                                               ^
       C:\Users\tvolo\dev\ai-dala\My-Fab\tests\integration\concurrent_instances_test.zig:288:50: 0x7ff6f0dbbfb0 in test.TC-EE-12-01/03: 100 concurrent task completions on distinct instances all succeed (test_zcu.obj)
               const task_id = try setupInstanceWithTask(
                                                        ^
       C:\Users\tvolo\AppData\Local\Microsoft\WinGet\Packages\zig.zig_Microsoft.Winget.Source_8wekyb3d8bbwe\zig-x86_64-windows-0.16.0\lib\compiler\test_runner.zig:140:68: 0x7ff6f077e95c in mainServer (test_zcu.obj)
                       const status: TestResults.Status = if (test_fn.func()) |v| s: {
                                                                          ^
       C:\Users\tvolo\AppData\Local\Microsoft\WinGet\Packages\zig.zig_Microsoft.Winget.Source_8wekyb3d8bbwe\zig-x86_64-windows-0.16.0\lib\compiler\test_runner.zig:71:26: 0x7ff6f077eff9 in main (test_zcu.obj)
               return mainServer(init) catch |err| panic("internal test runner failure: {t}", .{err});
                                ^
       C:\Users\tvolo\AppData\Local\Microsoft\WinGet\Packages\zig.zig_Microsoft.Winget.Source_8wekyb3d8bbwe\zig-x86_64-windows-0.16.0\lib\std\start.zig:699: 0x7ff6f077d1cc in callMain (test_zcu.obj)
           if (fn_info.params[0].type.? == std.process.Init.Minimal) return wrapMain(root.main(.{
       
       C:\Users\tvolo\AppData\Local\Microsoft\WinGet\Packages\zig.zig_Microsoft.Winget.Source_8wekyb3d8bbwe\zig-x86_64-windows-0.16.0\lib\std\start.zig:485:17: 0x7ff6f077d1cc in WinStartup (test_zcu.obj)
               callMain(std.os.windows.peb().ProcessParameters.CommandLine.slice(), .global),
                       ^
       ???:?:?: 0x7ffd06bee956 in ??? (KERNEL32.DLL)
       ???:?:?: 0x7ffd0768427b in ??? (ntdll.dll)
       
       [DebugAllocator] (err): memory address 0x1d3f9740300 leaked: 
       C:\Users\tvolo\AppData\Local\Microsoft\WinGet\Packages\zig.zig_Microsoft.Winget.Source_8wekyb3d8bbwe\zig-x86_64-windows-0.16.0\lib\std\fmt.zig:636:27: 0x7ff6f07b9e46 in allocPrint__anon_67376 (test_zcu.obj)
           return aw.toOwnedSlice();
                                 ^
       C:\Users\tvolo\dev\ai-dala\My-Fab\tests\integration\concurrent_instances_test.zig:94:30: 0x7ff6f0db66fa in uuidToHexStr (test_zcu.obj)
           return std.fmt.allocPrint(
                                    ^
       C:\Users\tvolo\dev\ai-dala\My-Fab\tests\integration\concurrent_instances_test.zig:160:41: 0x7ff6f0db68a8 in setupInstanceWithTask (test_zcu.obj)
           const inst_id_hex = try uuidToHexStr(allocator, inst.instance_id);
                                               ^
       C:\Users\tvolo\dev\ai-dala\My-Fab\tests\integration\concurrent_instances_test.zig:288:50: 0x7ff6f0dbbfb0 in test.TC-EE-12-01/03: 100 concurrent task completions on distinct instances all succeed (test_zcu.obj)
               const task_id = try setupInstanceWithTask(
                                                        ^
       C:\Users\tvolo\AppData\Local\Microsoft\WinGet\Packages\zig.zig_Microsoft.Winget.Source_8wekyb3d8bbwe\zig-x86_64-windows-0.16.0\lib\compiler\test_runner.zig:140:68: 0x7ff6f077e95c in mainServer (test_zcu.obj)
                       const status: TestResults.Status = if (test_fn.func()) |v| s: {
                                                                          ^
       C:\Users\tvolo\AppData\Local\Microsoft\WinGet\Packages\zig.zig_Microsoft.Winget.Source_8wekyb3d8bbwe\zig-x86_64-windows-0.16.0\lib\compiler\test_runner.zig:71:26: 0x7ff6f077eff9 in main (test_zcu.obj)
               return mainServer(init) catch |err| panic("internal test runner failure: {t}", .{err});
                                ^
       C:\Users\tvolo\AppData\Local\Microsoft\WinGet\Packages\zig.zig_Microsoft.Winget.Source_8wekyb3d8bbwe\zig-x86_64-windows-0.16.0\lib\std\start.zig:699: 0x7ff6f077d1cc in callMain (test_zcu.obj)
           if (fn_info.params[0].type.? == std.process.Init.Minimal) return wrapMain(root.main(.{
       
       C:\Users\tvolo\AppData\Local\Microsoft\WinGet\Packages\zig.zig_Microsoft.Winget.Source_8wekyb3d8bbwe\zig-x86_64-windows-0.16.0\lib\std\start.zig:485:17: 0x7ff6f077d1cc in WinStartup (test_zcu.obj)
               callMain(std.os.windows.peb().ProcessParameters.CommandLine.slice(), .global),
                       ^
       ???:?:?: 0x7ffd06bee956 in ??? (KERNEL32.DLL)
       ???:?:?: 0x7ffd0768427b in ??? (ntdll.dll)
       
       [DebugAllocator] (err): memory address 0x1d3f9740600 leaked: 
       C:\Users\tvolo\AppData\Local\Microsoft\WinGet\Packages\zig.zig_Microsoft.Winget.Source_8wekyb3d8bbwe\zig-x86_64-windows-0.16.0\lib\std\fmt.zig:636:27: 0x7ff6f07b9e46 in allocPrint__anon_67376 (test_zcu.obj)
           return aw.toOwnedSlice();
                                 ^
       C:\Users\tvolo\dev\ai-dala\My-Fab\tests\integration\concurrent_instances_test.zig:94:30: 0x7ff6f0db66fa in uuidToHexStr (test_zcu.obj)
           return std.fmt.allocPrint(
                                    ^
       C:\Users\tvolo\dev\ai-dala\My-Fab\tests\integration\concurrent_instances_test.zig:160:41: 0x7ff6f0db68a8 in setupInstanceWithTask (test_zcu.obj)
           const inst_id_hex = try uuidToHexStr(allocator, inst.instance_id);
                                               ^
       C:\Users\tvolo\dev\ai-dala\My-Fab\tests\integration\concurrent_instances_test.zig:288:50: 0x7ff6f0dbbfb0 in test.TC-EE-12-01/03: 100 concurrent task completions on distinct instances all succeed (test_zcu.obj)
               const task_id = try setupInstanceWithTask(
                                                        ^
       C:\Users\tvolo\AppData\Local\Microsoft\WinGet\Packages\zig.zig_Microsoft.Winget.Source_8wekyb3d8bbwe\zig-x86_64-windows-0.16.0\lib\compiler\test_runner.zig:140:68: 0x7ff6f077e95c in mainServer (test_zcu.obj)
                       const status: TestResults.Status = if (test_fn.func()) |v| s: {
                                                                          ^
       C:\Users\tvolo\AppData\Local\Microsoft\WinGet\Packages\zig.zig_Microsoft.Winget.Source_8wekyb3d8bbwe\zig-x86_64-windows-0.16.0\lib\compiler\test_runner.zig:71:26: 0x7ff6f077eff9 in main (test_zcu.obj)
               return mainServer(init) catch |err| panic("internal test runner failure: {t}", .{err});
                                ^
       C:\Users\tvolo\AppData\Local\Microsoft\WinGet\Packages\zig.zig_Microsoft.Winget.Source_8wekyb3d8bbwe\zig-x86_64-windows-0.16.0\lib\std\start.zig:699: 0x7ff6f077d1cc in callMain (test_zcu.obj)
           if (fn_info.params[0].type.? == std.process.Init.Minimal) return wrapMain(root.main(.{
       
       C:\Users\tvolo\AppData\Local\Microsoft\WinGet\Packages\zig.zig_Microsoft.Winget.Source_8wekyb3d8bbwe\zig-x86_64-windows-0.16.0\lib\std\start.zig:485:17: 0x7ff6f077d1cc in WinStartup (test_zcu.obj)
               callMain(std.os.windows.peb().ProcessParameters.CommandLine.slice(), .global),
                       ^
       ???:?:?: 0x7ffd06bee956 in ??? (KERNEL32.DLL)
       ???:?:?: 0x7ffd0768427b in ??? (ntdll.dll)
       
       [DebugAllocator] (err): memory address 0x1d3f9740900 leaked: 
       C:\Users\tvolo\AppData\Local\Microsoft\WinGet\Packages\zig.zig_Microsoft.Winget.Source_8wekyb3d8bbwe\zig-x86_64-windows-0.16.0\lib\std\fmt.zig:636:27: 0x7ff6f07b9e46 in allocPrint__anon_67376 (test_zcu.obj)
           return aw.toOwnedSlice();
                                 ^
       C:\Users\tvolo\dev\ai-dala\My-Fab\tests\integration\concurrent_instances_test.zig:94:30: 0x7ff6f0db66fa in uuidToHexStr (test_zcu.obj)
           return std.fmt.allocPrint(
                                    ^
       C:\Users\tvolo\dev\ai-dala\My-Fab\tests\integration\concurrent_instances_test.zig:160:41: 0x7ff6f0db68a8 in setupInstanceWithTask (test_zcu.obj)
           const inst_id_hex = try uuidToHexStr(allocator, inst.instance_id);
                                               ^
       C:\Users\tvolo\dev\ai-dala\My-Fab\tests\integration\concurrent_instances_test.zig:288:50: 0x7ff6f0dbbfb0 in test.TC-EE-12-01/03: 100 concurrent task completions on distinct instances all succeed (test_zcu.obj)
               const task_id = try setupInstanceWithTask(
                                                        ^
       C:\Users\tvolo\AppData\Local\Microsoft\WinGet\Packages\zig.zig_Microsoft.Winget.Source_8wekyb3d8bbwe\zig-x86_64-windows-0.16.0\lib\compiler\test_runner.zig:140:68: 0x7ff6f077e95c in mainServer (test_zcu.obj)
                       const status: TestResults.Status = if (test_fn.func()) |v| s: {
                                                                          ^
       C:\Users\tvolo\AppData\Local\Microsoft\WinGet\Packages\zig.zig_Microsoft.Winget.Source_8wekyb3d8bbwe\zig-x86_64-windows-0.16.0\lib\compiler\test_runner.zig:71:26: 0x7ff6f077eff9 in main (test_zcu.obj)
               return mainServer(init) catch |err| panic("internal test runner failure: {t}", .{err});
                                ^
       C:\Users\tvolo\AppData\Local\Microsoft\WinGet\Packages\zig.zig_Microsoft.Winget.Source_8wekyb3d8bbwe\zig-x86_64-windows-0.16.0\lib\std\start.zig:699: 0x7ff6f077d1cc in callMain (test_zcu.obj)
           if (fn_info.params[0].type.? == std.process.Init.Minimal) return wrapMain(root.main(.{
       
       C:\Users\tvolo\AppData\Local\Microsoft\WinGet\Packages\zig.zig_Microsoft.Winget.Source_8wekyb3d8bbwe\zig-x86_64-windows-0.16.0\lib\std\start.zig:485:17: 0x7ff6f077d1cc in WinStartup (test_zcu.obj)
               callMain(std.os.windows.peb().ProcessParameters.CommandLine.slice(), .global),
                       ^
       ???:?:?: 0x7ffd06bee956 in ??? (KERNEL32.DLL)
       ???:?:?: 0x7ffd0768427b in ??? (ntdll.dll)
       
       [DebugAllocator] (err): memory address 0x1d3f9740c00 leaked: 
       C:\Users\tvolo\AppData\Local\Microsoft\WinGet\Packages\zig.zig_Microsoft.Winget.Source_8wekyb3d8bbwe\zig-x86_64-windows-0.16.0\lib\std\fmt.zig:636:27: 0x7ff6f07b9e46 in allocPrint__anon_67376 (test_zcu.obj)
           return aw.toOwnedSlice();
                                 ^
       C:\Users\tvolo\dev\ai-dala\My-Fab\tests\integration\concurrent_instances_test.zig:94:30: 0x7ff6f0db66fa in uuidToHexStr (test_zcu.obj)
           return std.fmt.allocPrint(
                                    ^
       C:\Users\tvolo\dev\ai-dala\My-Fab\tests\integration\concurrent_instances_test.zig:160:41: 0x7ff6f0db68a8 in setupInstanceWithTask (test_zcu.obj)
           const inst_id_hex = try uuidToHexStr(allocator, inst.instance_id);
                                               ^
       C:\Users\tvolo\dev\ai-dala\My-Fab\tests\integration\concurrent_instances_test.zig:288:50: 0x7ff6f0dbbfb0 in test.TC-EE-12-01/03: 100 concurrent task completions on distinct instances all succeed (test_zcu.obj)
               const task_id = try setupInstanceWithTask(
                                                        ^
       C:\Users\tvolo\AppData\Local\Microsoft\WinGet\Packages\zig.zig_Microsoft.Winget.Source_8wekyb3d8bbwe\zig-x86_64-windows-0.16.0\lib\compiler\test_runner.zig:140:68: 0x7ff6f077e95c in mainServer (test_zcu.obj)
                       const status: TestResults.Status = if (test_fn.func()) |v| s: {
                                                                          ^
       C:\Users\tvolo\AppData\Local\Microsoft\WinGet\Packages\zig.zig_Microsoft.Winget.Source_8wekyb3d8bbwe\zig-x86_64-windows-0.16.0\lib\compiler\test_runner.zig:71:26: 0x7ff6f077eff9 in main (test_zcu.obj)
               return mainServer(init) catch |err| panic("internal test runner failure: {t}", .{err});
                                ^
       C:\Users\tvolo\AppData\Local\Microsoft\WinGet\Packages\zig.zig_Microsoft.Winget.Source_8wekyb3d8bbwe\zig-x86_64-windows-0.16.0\lib\std\start.zig:699: 0x7ff6f077d1cc in callMain (test_zcu.obj)
           if (fn_info.params[0].type.? == std.process.Init.Minimal) return wrapMain(root.main(.{
       
       C:\Users\tvolo\AppData\Local\Microsoft\WinGet\Packages\zig.zig_Microsoft.Winget.Source_8wekyb3d8bbwe\zig-x86_64-windows-0.16.0\lib\std\start.zig:485:17: 0x7ff6f077d1cc in WinStartup (test_zcu.obj)
               callMain(std.os.windows.peb().ProcessParameters.CommandLine.slice(), .global),
                       ^
       ???:?:?: 0x7ffd06bee956 in ??? (KERNEL32.DLL)
       ???:?:?: 0x7ffd0768427b in ??? (ntdll.dll)
       
       [DebugAllocator] (err): memory address 0x1d3f9740f00 leaked: 
       C:\Users\tvolo\AppData\Local\Microsoft\WinGet\Packages\zig.zig_Microsoft.Winget.Source_8wekyb3d8bbwe\zig-x86_64-windows-0.16.0\lib\std\fmt.zig:636:27: 0x7ff6f07b9e46 in allocPrint__anon_67376 (test_zcu.obj)
           return aw.toOwnedSlice();
                                 ^
       C:\Users\tvolo\dev\ai-dala\My-Fab\tests\integration\concurrent_instances_test.zig:94:30: 0x7ff6f0db66fa in uuidToHexStr (test_zcu.obj)
           return std.fmt.allocPrint(
                                    ^
       C:\Users\tvolo\dev\ai-dala\My-Fab\tests\integration\concurrent_instances_test.zig:160:41: 0x7ff6f0db68a8 in setupInstanceWithTask (test_zcu.obj)
           const inst_id_hex = try uuidToHexStr(allocator, inst.instance_id);
                                               ^
       C:\Users\tvolo\dev\ai-dala\My-Fab\tests\integration\concurrent_instances_test.zig:288:50: 0x7ff6f0dbbfb0 in test.TC-EE-12-01/03: 100 concurrent task completions on distinct instances all succeed (test_zcu.obj)
               const task_id = try setupInstanceWithTask(
                                                        ^
       C:\Users\tvolo\AppData\Local\Microsoft\WinGet\Packages\zig.zig_Microsoft.Winget.Source_8wekyb3d8bbwe\zig-x86_64-windows-0.16.0\lib\compiler\test_runner.zig:140:68: 0x7ff6f077e95c in mainServer (test_zcu.obj)
                       const status: TestResults.Status = if (test_fn.func()) |v| s: {
                                                                          ^
       C:\Users\tvolo\AppData\Local\Microsoft\WinGet\Packages\zig.zig_Microsoft.Winget.Source_8wekyb3d8bbwe\zig-x86_64-windows-0.16.0\lib\compiler\test_runner.zig:71:26: 0x7ff6f077eff9 in main (test_zcu.obj)
               return mainServer(init) catch |err| panic("internal test runner failure: {t}", .{err});
                                ^
       C:\Users\tvolo\AppData\Local\Microsoft\WinGet\Packages\zig.zig_Microsoft.Winget.Source_8wekyb3d8bbwe\zig-x86_64-windows-0.16.0\lib\std\start.zig:699: 0x7ff6f077d1cc in callMain (test_zcu.obj)
           if (fn_info.params[0].type.? == std.process.Init.Minimal) return wrapMain(root.main(.{
       
       C:\Users\tvolo\AppData\Local\Microsoft\WinGet\Packages\zig.zig_Microsoft.Winget.Source_8wekyb3d8bbwe\zig-x86_64-windows-0.16.0\lib\std\start.zig:485:17: 0x7ff6f077d1cc in WinStartup (test_zcu.obj)
               callMain(std.os.windows.peb().ProcessParameters.CommandLine.slice(), .global),
                       ^
       ???:?:?: 0x7ffd06bee956 in ??? (KERNEL32.DLL)
       ???:?:?: 0x7ffd0768427b in ??? (ntdll.dll)
       
       [DebugAllocator] (err): memory address 0x1d3f9741200 leaked: 
       C:\Users\tvolo\AppData\Local\Microsoft\WinGet\Packages\zig.zig_Microsoft.Winget.Source_8wekyb3d8bbwe\zig-x86_64-windows-0.16.0\lib\std\fmt.zig:636:27: 0x7ff6f07b9e46 in allocPrint__anon_67376 (test_zcu.obj)
           return aw.toOwnedSlice();
                                 ^
       C:\Users\tvolo\dev\ai-dala\My-Fab\tests\integration\concurrent_instances_test.zig:94:30: 0x7ff6f0db66fa in uuidToHexStr (test_zcu.obj)
           return std.fmt.allocPrint(
                                    ^
       C:\Users\tvolo\dev\ai-dala\My-Fab\tests\integration\concurrent_instances_test.zig:160:41: 0x7ff6f0db68a8 in setupInstanceWithTask (test_zcu.obj)
           const inst_id_hex = try uuidToHexStr(allocator, inst.instance_id);
                                               ^
       C:\Users\tvolo\dev\ai-dala\My-Fab\tests\integration\concurrent_instances_test.zig:288:50: 0x7ff6f0dbbfb0 in test.TC-EE-12-01/03: 100 concurrent task completions on distinct instances all succeed (test_zcu.obj)
               const task_id = try setupInstanceWithTask(
                                                        ^
       C:\Users\tvolo\AppData\Local\Microsoft\WinGet\Packages\zig.zig_Microsoft.Winget.Source_8wekyb3d8bbwe\zig-x86_64-windows-0.16.0\lib\compiler\test_runner.zig:140:68: 0x7ff6f077e95c in mainServer (test_zcu.obj)
                       const status: TestResults.Status = if (test_fn.func()) |v| s: {
                                                                          ^
       C:\Users\tvolo\AppData\Local\Microsoft\WinGet\Packages\zig.zig_Microsoft.Winget.Source_8wekyb3d8bbwe\zig-x86_64-windows-0.16.0\lib\compiler\test_runner.zig:71:26: 0x7ff6f077eff9 in main (test_zcu.obj)
               return mainServer(init) catch |err| panic("internal test runner failure: {t}", .{err});
                                ^
       C:\Users\tvolo\AppData\Local\Microsoft\WinGet\Packages\zig.zig_Microsoft.Winget.Source_8wekyb3d8bbwe\zig-x86_64-windows-0.16.0\lib\std\start.zig:699: 0x7ff6f077d1cc in callMain (test_zcu.obj)
           if (fn_info.params[0].type.? == std.process.Init.Minimal) return wrapMain(root.main(.{
       
       C:\Users\tvolo\AppData\Local\Microsoft\WinGet\Packages\zig.zig_Microsoft.Winget.Source_8wekyb3d8bbwe\zig-x86_64-windows-0.16.0\lib\std\start.zig:485:17: 0x7ff6f077d1cc in WinStartup (test_zcu.obj)
               callMain(std.os.windows.peb().ProcessParameters.CommandLine.slice(), .global),
                       ^
       ???:?:?: 0x7ffd06bee956 in ??? (KERNEL32.DLL)
       ???:?:?: 0x7ffd0768427b in ??? (ntdll.dll)
       
       [DebugAllocator] (err): memory address 0x1d3f9741500 leaked: 
       C:\Users\tvolo\AppData\Local\Microsoft\WinGet\Packages\zig.zig_Microsoft.Winget.Source_8wekyb3d8bbwe\zig-x86_64-windows-0.16.0\lib\std\fmt.zig:636:27: 0x7ff6f07b9e46 in allocPrint__anon_67376 (test_zcu.obj)
           return aw.toOwnedSlice();
                                 ^
       C:\Users\tvolo\dev\ai-dala\My-Fab\tests\integration\concurrent_instances_test.zig:94:30: 0x7ff6f0db66fa in uuidToHexStr (test_zcu.obj)
           return std.fmt.allocPrint(
                                    ^
       C:\Users\tvolo\dev\ai-dala\My-Fab\tests\integration\concurrent_instances_test.zig:160:41: 0x7ff6f0db68a8 in setupInstanceWithTask (test_zcu.obj)
           const inst_id_hex = try uuidToHexStr(allocator, inst.instance_id);
                                               ^
       C:\Users\tvolo\dev\ai-dala\My-Fab\tests\integration\concurrent_instances_test.zig:288:50: 0x7ff6f0dbbfb0 in test.TC-EE-12-01/03: 100 concurrent task completions on distinct instances all succeed (test_zcu.obj)
               const task_id = try setupInstanceWithTask(
                                                        ^
       C:\Users\tvolo\AppData\Local\Microsoft\WinGet\Packages\zig.zig_Microsoft.Winget.Source_8wekyb3d8bbwe\zig-x86_64-windows-0.16.0\lib\compiler\test_runner.zig:140:68: 0x7ff6f077e95c in mainServer (test_zcu.obj)
                       const status: TestResults.Status = if (test_fn.func()) |v| s: {
                                                                          ^
       C:\Users\tvolo\AppData\Local\Microsoft\WinGet\Packages\zig.zig_Microsoft.Winget.Source_8wekyb3d8bbwe\zig-x86_64-windows-0.16.0\lib\compiler\test_runner.zig:71:26: 0x7ff6f077eff9 in main (test_zcu.obj)
               return mainServer(init) catch |err| panic("internal test runner failure: {t}", .{err});
                                ^
       C:\Users\tvolo\AppData\Local\Microsoft\WinGet\Packages\zig.zig_Microsoft.Winget.Source_8wekyb3d8bbwe\zig-x86_64-windows-0.16.0\lib\std\start.zig:699: 0x7ff6f077d1cc in callMain (test_zcu.obj)
           if (fn_info.params[0].type.? == std.process.Init.Minimal) return wrapMain(root.main(.{
       
       C:\Users\tvolo\AppData\Local\Microsoft\WinGet\Packages\zig.zig_Microsoft.Winget.Source_8wekyb3d8bbwe\zig-x86_64-windows-0.16.0\lib\std\start.zig:485:17: 0x7ff6f077d1cc in WinStartup (test_zcu.obj)
               callMain(std.os.windows.peb().ProcessParameters.CommandLine.slice(), .global),
                       ^
       ???:?:?: 0x7ffd06bee956 in ??? (KERNEL32.DLL)
       ???:?:?: 0x7ffd0768427b in ??? (ntdll.dll)
       
       [DebugAllocator] (err): memory address 0x1d3f9741800 leaked: 
       C:\Users\tvolo\AppData\Local\Microsoft\WinGet\Packages\zig.zig_Microsoft.Winget.Source_8wekyb3d8bbwe\zig-x86_64-windows-0.16.0\lib\std\fmt.zig:636:27: 0x7ff6f07b9e46 in allocPrint__anon_67376 (test_zcu.obj)
           return aw.toOwnedSlice();
                                 ^
       C:\Users\tvolo\dev\ai-dala\My-Fab\tests\integration\concurrent_instances_test.zig:94:30: 0x7ff6f0db66fa in uuidToHexStr (test_zcu.obj)
           return std.fmt.allocPrint(
                                    ^
       C:\Users\tvolo\dev\ai-dala\My-Fab\tests\integration\concurrent_instances_test.zig:160:41: 0x7ff6f0db68a8 in setupInstanceWithTask (test_zcu.obj)
           const inst_id_hex = try uuidToHexStr(allocator, inst.instance_id);
                                               ^
       C:\Users\tvolo\dev\ai-dala\My-Fab\tests\integration\concurrent_instances_test.zig:288:50: 0x7ff6f0dbbfb0 in test.TC-EE-12-01/03: 100 concurrent task completions on distinct instances all succeed (test_zcu.obj)
               const task_id = try setupInstanceWithTask(
                                                        ^
       C:\Users\tvolo\AppData\Local\Microsoft\WinGet\Packages\zig.zig_Microsoft.Winget.Source_8wekyb3d8bbwe\zig-x86_64-windows-0.16.0\lib\compiler\test_runner.zig:140:68: 0x7ff6f077e95c in mainServer (test_zcu.obj)
                       const status: TestResults.Status = if (test_fn.func()) |v| s: {
                                                                          ^
       C:\Users\tvolo\AppData\Local\Microsoft\WinGet\Packages\zig.zig_Microsoft.Winget.Source_8wekyb3d8bbwe\zig-x86_64-windows-0.16.0\lib\compiler\test_runner.zig:71:26: 0x7ff6f077eff9 in main (test_zcu.obj)
               return mainServer(init) catch |err| panic("internal test runner failure: {t}", .{err});
                                ^
       C:\Users\tvolo\AppData\Local\Microsoft\WinGet\Packages\zig.zig_Microsoft.Winget.Source_8wekyb3d8bbwe\zig-x86_64-windows-0.16.0\lib\std\start.zig:699: 0x7ff6f077d1cc in callMain (test_zcu.obj)
           if (fn_info.params[0].type.? == std.process.Init.Minimal) return wrapMain(root.main(.{
       
       C:\Users\tvolo\AppData\Local\Microsoft\WinGet\Packages\zig.zig_Microsoft.Winget.Source_8wekyb3d8bbwe\zig-x86_64-windows-0.16.0\lib\std\start.zig:485:17: 0x7ff6f077d1cc in WinStartup (test_zcu.obj)
               callMain(std.os.windows.peb().ProcessParameters.CommandLine.slice(), .global),
                       ^
       ???:?:?: 0x7ffd06bee956 in ??? (KERNEL32.DLL)
       ???:?:?: 0x7ffd0768427b in ??? (ntdll.dll)
       
       [DebugAllocator] (err): memory address 0x1d3f9741b00 leaked: 
       C:\Users\tvolo\AppData\Local\Microsoft\WinGet\Packages\zig.zig_Microsoft.Winget.Source_8wekyb3d8bbwe\zig-x86_64-windows-0.16.0\lib\std\fmt.zig:636:27: 0x7ff6f07b9e46 in allocPrint__anon_67376 (test_zcu.obj)
           return aw.toOwnedSlice();
                                 ^
       C:\Users\tvolo\dev\ai-dala\My-Fab\tests\integration\concurrent_instances_test.zig:94:30: 0x7ff6f0db66fa in uuidToHexStr (test_zcu.obj)
           return std.fmt.allocPrint(
                                    ^
       C:\Users\tvolo\dev\ai-dala\My-Fab\tests\integration\concurrent_instances_test.zig:160:41: 0x7ff6f0db68a8 in setupInstanceWithTask (test_zcu.obj)
           const inst_id_hex = try uuidToHexStr(allocator, inst.instance_id);
                                               ^
       C:\Users\tvolo\dev\ai-dala\My-Fab\tests\integration\concurrent_instances_test.zig:288:50: 0x7ff6f0dbbfb0 in test.TC-EE-12-01/03: 100 concurrent task completions on distinct instances all succeed (test_zcu.obj)
               const task_id = try setupInstanceWithTask(
                                                        ^
       C:\Users\tvolo\AppData\Local\Microsoft\WinGet\Packages\zig.zig_Microsoft.Winget.Source_8wekyb3d8bbwe\zig-x86_64-windows-0.16.0\lib\compiler\test_runner.zig:140:68: 0x7ff6f077e95c in mainServer (test_zcu.obj)
                       const status: TestResults.Status = if (test_fn.func()) |v| s: {
                                                                          ^
       C:\Users\tvolo\AppData\Local\Microsoft\WinGet\Packages\zig.zig_Microsoft.Winget.Source_8wekyb3d8bbwe\zig-x86_64-windows-0.16.0\lib\compiler\test_runner.zig:71:26: 0x7ff6f077eff9 in main (test_zcu.obj)
               return mainServer(init) catch |err| panic("internal test runner failure: {t}", .{err});
                                ^
       C:\Users\tvolo\AppData\Local\Microsoft\WinGet\Packages\zig.zig_Microsoft.Winget.Source_8wekyb3d8bbwe\zig-x86_64-windows-0.16.0\lib\std\start.zig:699: 0x7ff6f077d1cc in callMain (test_zcu.obj)
           if (fn_info.params[0].type.? == std.process.Init.Minimal) return wrapMain(root.main(.{
       
       C:\Users\tvolo\AppData\Local\Microsoft\WinGet\Packages\zig.zig_Microsoft.Winget.Source_8wekyb3d8bbwe\zig-x86_64-windows-0.16.0\lib\std\start.zig:485:17: 0x7ff6f077d1cc in WinStartup (test_zcu.obj)
               callMain(std.os.windows.peb().ProcessParameters.CommandLine.slice(), .global),
                       ^
       ???:?:?: 0x7ffd06bee956 in ??? (KERNEL32.DLL)
       ???:?:?: 0x7ffd0768427b in ??? (ntdll.dll)
       
       [DebugAllocator] (err): memory address 0x1d3f9741e00 leaked: 
       C:\Users\tvolo\AppData\Local\Microsoft\WinGet\Packages\zig.zig_Microsoft.Winget.Source_8wekyb3d8bbwe\zig-x86_64-windows-0.16.0\lib\std\fmt.zig:636:27: 0x7ff6f07b9e46 in allocPrint__anon_67376 (test_zcu.obj)
           return aw.toOwnedSlice();
                                 ^
       C:\Users\tvolo\dev\ai-dala\My-Fab\tests\integration\concurrent_instances_test.zig:94:30: 0x7ff6f0db66fa in uuidToHexStr (test_zcu.obj)
           return std.fmt.allocPrint(
                                    ^
       C:\Users\tvolo\dev\ai-dala\My-Fab\tests\integration\concurrent_instances_test.zig:160:41: 0x7ff6f0db68a8 in setupInstanceWithTask (test_zcu.obj)
           const inst_id_hex = try uuidToHexStr(allocator, inst.instance_id);
                                               ^
       C:\Users\tvolo\dev\ai-dala\My-Fab\tests\integration\concurrent_instances_test.zig:288:50: 0x7ff6f0dbbfb0 in test.TC-EE-12-01/03: 100 concurrent task completions on distinct instances all succeed (test_zcu.obj)
               const task_id = try setupInstanceWithTask(
                                                        ^
       C:\Users\tvolo\AppData\Local\Microsoft\WinGet\Packages\zig.zig_Microsoft.Winget.Source_8wekyb3d8bbwe\zig-x86_64-windows-0.16.0\lib\compiler\test_runner.zig:140:68: 0x7ff6f077e95c in mainServer (test_zcu.obj)
                       const status: TestResults.Status = if (test_fn.func()) |v| s: {
                                                                          ^
       C:\Users\tvolo\AppData\Local\Microsoft\WinGet\Packages\zig.zig_Microsoft.Winget.Source_8wekyb3d8bbwe\zig-x86_64-windows-0.16.0\lib\compiler\test_runner.zig:71:26: 0x7ff6f077eff9 in main (test_zcu.obj)
               return mainServer(init) catch |err| panic("internal test runner failure: {t}", .{err});
                                ^
       C:\Users\tvolo\AppData\Local\Microsoft\WinGet\Packages\zig.zig_Microsoft.Winget.Source_8wekyb3d8bbwe\zig-x86_64-windows-0.16.0\lib\std\start.zig:699: 0x7ff6f077d1cc in callMain (test_zcu.obj)
           if (fn_info.params[0].type.? == std.process.Init.Minimal) return wrapMain(root.main(.{
       
       C:\Users\tvolo\AppData\Local\Microsoft\WinGet\Packages\zig.zig_Microsoft.Winget.Source_8wekyb3d8bbwe\zig-x86_64-windows-0.16.0\lib\std\start.zig:485:17: 0x7ff6f077d1cc in WinStartup (test_zcu.obj)
               callMain(std.os.windows.peb().ProcessParameters.CommandLine.slice(), .global),
                       ^
       ???:?:?: 0x7ffd06bee956 in ??? (KERNEL32.DLL)
       ???:?:?: 0x7ffd0768427b in ??? (ntdll.dll)
       
       [DebugAllocator] (err): memory address 0x1d3f9742100 leaked: 
       C:\Users\tvolo\AppData\Local\Microsoft\WinGet\Packages\zig.zig_Microsoft.Winget.Source_8wekyb3d8bbwe\zig-x86_64-windows-0.16.0\lib\std\fmt.zig:636:27: 0x7ff6f07b9e46 in allocPrint__anon_67376 (test_zcu.obj)
           return aw.toOwnedSlice();
                                 ^
       C:\Users\tvolo\dev\ai-dala\My-Fab\tests\integration\concurrent_instances_test.zig:94:30: 0x7ff6f0db66fa in uuidToHexStr (test_zcu.obj)
           return std.fmt.allocPrint(
                                    ^
       C:\Users\tvolo\dev\ai-dala\My-Fab\tests\integration\concurrent_instances_test.zig:160:41: 0x7ff6f0db68a8 in setupInstanceWithTask (test_zcu.obj)
           const inst_id_hex = try uuidToHexStr(allocator, inst.instance_id);
                                               ^
       C:\Users\tvolo\dev\ai-dala\My-Fab\tests\integration\concurrent_instances_test.zig:288:50: 0x7ff6f0dbbfb0 in test.TC-EE-12-01/03: 100 concurrent task completions on distinct instances all succeed (test_zcu.obj)
               const task_id = try setupInstanceWithTask(
                                                        ^
       C:\Users\tvolo\AppData\Local\Microsoft\WinGet\Packages\zig.zig_Microsoft.Winget.Source_8wekyb3d8bbwe\zig-x86_64-windows-0.16.0\lib\compiler\test_runner.zig:140:68: 0x7ff6f077e95c in mainServer (test_zcu.obj)
                       const status: TestResults.Status = if (test_fn.func()) |v| s: {
                                                                          ^
       C:\Users\tvolo\AppData\Local\Microsoft\WinGet\Packages\zig.zig_Microsoft.Winget.Source_8wekyb3d8bbwe\zig-x86_64-windows-0.16.0\lib\compiler\test_runner.zig:71:26: 0x7ff6f077eff9 in main (test_zcu.obj)
               return mainServer(init) catch |err| panic("internal test runner failure: {t}", .{err});
                                ^
       C:\Users\tvolo\AppData\Local\Microsoft\WinGet\Packages\zig.zig_Microsoft.Winget.Source_8wekyb3d8bbwe\zig-x86_64-windows-0.16.0\lib\std\start.zig:699: 0x7ff6f077d1cc in callMain (test_zcu.obj)
           if (fn_info.params[0].type.? == std.process.Init.Minimal) return wrapMain(root.main(.{
       
       C:\Users\tvolo\AppData\Local\Microsoft\WinGet\Packages\zig.zig_Microsoft.Winget.Source_8wekyb3d8bbwe\zig-x86_64-windows-0.16.0\lib\std\start.zig:485:17: 0x7ff6f077d1cc in WinStartup (test_zcu.obj)
               callMain(std.os.windows.peb().ProcessParameters.CommandLine.slice(), .global),
                       ^
       ???:?:?: 0x7ffd06bee956 in ??? (KERNEL32.DLL)
       ???:?:?: 0x7ffd0768427b in ??? (ntdll.dll)
       
       [DebugAllocator] (err): memory address 0x1d3f9742400 leaked: 
       C:\Users\tvolo\AppData\Local\Microsoft\WinGet\Packages\zig.zig_Microsoft.Winget.Source_8wekyb3d8bbwe\zig-x86_64-windows-0.16.0\lib\std\fmt.zig:636:27: 0x7ff6f07b9e46 in allocPrint__anon_67376 (test_zcu.obj)
           return aw.toOwnedSlice();
                                 ^
       C:\Users\tvolo\dev\ai-dala\My-Fab\tests\integration\concurrent_instances_test.zig:94:30: 0x7ff6f0db66fa in uuidToHexStr (test_zcu.obj)
           return std.fmt.allocPrint(
                                    ^
       C:\Users\tvolo\dev\ai-dala\My-Fab\tests\integration\concurrent_instances_test.zig:160:41: 0x7ff6f0db68a8 in setupInstanceWithTask (test_zcu.obj)
           const inst_id_hex = try uuidToHexStr(allocator, inst.instance_id);
                                               ^
       C:\Users\tvolo\dev\ai-dala\My-Fab\tests\integration\concurrent_instances_test.zig:288:50: 0x7ff6f0dbbfb0 in test.TC-EE-12-01/03: 100 concurrent task completions on distinct instances all succeed (test_zcu.obj)
               const task_id = try setupInstanceWithTask(
                                                        ^
       C:\Users\tvolo\AppData\Local\Microsoft\WinGet\Packages\zig.zig_Microsoft.Winget.Source_8wekyb3d8bbwe\zig-x86_64-windows-0.16.0\lib\compiler\test_runner.zig:140:68: 0x7ff6f077e95c in mainServer (test_zcu.obj)
                       const status: TestResults.Status = if (test_fn.func()) |v| s: {
                                                                          ^
       C:\Users\tvolo\AppData\Local\Microsoft\WinGet\Packages\zig.zig_Microsoft.Winget.Source_8wekyb3d8bbwe\zig-x86_64-windows-0.16.0\lib\compiler\test_runner.zig:71:26: 0x7ff6f077eff9 in main (test_zcu.obj)
               return mainServer(init) catch |err| panic("internal test runner failure: {t}", .{err});
                                ^
       C:\Users\tvolo\AppData\Local\Microsoft\WinGet\Packages\zig.zig_Microsoft.Winget.Source_8wekyb3d8bbwe\zig-x86_64-windows-0.16.0\lib\std\start.zig:699: 0x7ff6f077d1cc in callMain (test_zcu.obj)
           if (fn_info.params[0].type.? == std.process.Init.Minimal) return wrapMain(root.main(.{
       
       C:\Users\tvolo\AppData\Local\Microsoft\WinGet\Packages\zig.zig_Microsoft.Winget.Source_8wekyb3d8bbwe\zig-x86_64-windows-0.16.0\lib\std\start.zig:485:17: 0x7ff6f077d1cc in WinStartup (test_zcu.obj)
               callMain(std.os.windows.peb().ProcessParameters.CommandLine.slice(), .global),
                       ^
       ???:?:?: 0x7ffd06bee956 in ??? (KERNEL32.DLL)
       ???:?:?: 0x7ffd0768427b in ??? (ntdll.dll)
       
       [DebugAllocator] (err): memory address 0x1d3f9742700 leaked: 
       C:\Users\tvolo\AppData\Local\Microsoft\WinGet\Packages\zig.zig_Microsoft.Winget.Source_8wekyb3d8bbwe\zig-x86_64-windows-0.16.0\lib\std\fmt.zig:636:27: 0x7ff6f07b9e46 in allocPrint__anon_67376 (test_zcu.obj)
           return aw.toOwnedSlice();
                                 ^
       C:\Users\tvolo\dev\ai-dala\My-Fab\tests\integration\concurrent_instances_test.zig:94:30: 0x7ff6f0db66fa in uuidToHexStr (test_zcu.obj)
           return std.fmt.allocPrint(
                                    ^
       C:\Users\tvolo\dev\ai-dala\My-Fab\tests\integration\concurrent_instances_test.zig:160:41: 0x7ff6f0db68a8 in setupInstanceWithTask (test_zcu.obj)
           const inst_id_hex = try uuidToHexStr(allocator, inst.instance_id);
                                               ^
       C:\Users\tvolo\dev\ai-dala\My-Fab\tests\integration\concurrent_instances_test.zig:288:50: 0x7ff6f0dbbfb0 in test.TC-EE-12-01/03: 100 concurrent task completions on distinct instances all succeed (test_zcu.obj)
               const task_id = try setupInstanceWithTask(
                                                        ^
       C:\Users\tvolo\AppData\Local\Microsoft\WinGet\Packages\zig.zig_Microsoft.Winget.Source_8wekyb3d8bbwe\zig-x86_64-windows-0.16.0\lib\compiler\test_runner.zig:140:68: 0x7ff6f077e95c in mainServer (test_zcu.obj)
                       const status: TestResults.Status = if (test_fn.func()) |v| s: {
                                                                          ^
       C:\Users\tvolo\AppData\Local\Microsoft\WinGet\Packages\zig.zig_Microsoft.Winget.Source_8wekyb3d8bbwe\zig-x86_64-windows-0.16.0\lib\compiler\test_runner.zig:71:26: 0x7ff6f077eff9 in main (test_zcu.obj)
               return mainServer(init) catch |err| panic("internal test runner failure: {t}", .{err});
                                ^
       C:\Users\tvolo\AppData\Local\Microsoft\WinGet\Packages\zig.zig_Microsoft.Winget.Source_8wekyb3d8bbwe\zig-x86_64-windows-0.16.0\lib\std\start.zig:699: 0x7ff6f077d1cc in callMain (test_zcu.obj)
           if (fn_info.params[0].type.? == std.process.Init.Minimal) return wrapMain(root.main(.{
       
       C:\Users\tvolo\AppData\Local\Microsoft\WinGet\Packages\zig.zig_Microsoft.Winget.Source_8wekyb3d8bbwe\zig-x86_64-windows-0.16.0\lib\std\start.zig:485:17: 0x7ff6f077d1cc in WinStartup (test_zcu.obj)
               callMain(std.os.windows.peb().ProcessParameters.CommandLine.slice(), .global),
                       ^
       ???:?:?: 0x7ffd06bee956 in ??? (KERNEL32.DLL)
       ???:?:?: 0x7ffd0768427b in ??? (ntdll.dll)
       
       [DebugAllocator] (err): memory address 0x1d3f9742a00 leaked: 
       C:\Users\tvolo\AppData\Local\Microsoft\WinGet\Packages\zig.zig_Microsoft.Winget.Source_8wekyb3d8bbwe\zig-x86_64-windows-0.16.0\lib\std\fmt.zig:636:27: 0x7ff6f07b9e46 in allocPrint__anon_67376 (test_zcu.obj)
           return aw.toOwnedSlice();
                                 ^
       C:\Users\tvolo\dev\ai-dala\My-Fab\tests\integration\concurrent_instances_test.zig:94:30: 0x7ff6f0db66fa in uuidToHexStr (test_zcu.obj)
           return std.fmt.allocPrint(
                                    ^
       C:\Users\tvolo\dev\ai-dala\My-Fab\tests\integration\concurrent_instances_test.zig:160:41: 0x7ff6f0db68a8 in setupInstanceWithTask (test_zcu.obj)
           const inst_id_hex = try uuidToHexStr(allocator, inst.instance_id);
                                               ^
       C:\Users\tvolo\dev\ai-dala\My-Fab\tests\integration\concurrent_instances_test.zig:288:50: 0x7ff6f0dbbfb0 in test.TC-EE-12-01/03: 100 concurrent task completions on distinct instances all succeed (test_zcu.obj)
               const task_id = try setupInstanceWithTask(
                                                        ^
       C:\Users\tvolo\AppData\Local\Microsoft\WinGet\Packages\zig.zig_Microsoft.Winget.Source_8wekyb3d8bbwe\zig-x86_64-windows-0.16.0\lib\compiler\test_runner.zig:140:68: 0x7ff6f077e95c in mainServer (test_zcu.obj)
                       const status: TestResults.Status = if (test_fn.func()) |v| s: {
                                                                          ^
       C:\Users\tvolo\AppData\Local\Microsoft\WinGet\Packages\zig.zig_Microsoft.Winget.Source_8wekyb3d8bbwe\zig-x86_64-windows-0.16.0\lib\compiler\test_runner.zig:71:26: 0x7ff6f077eff9 in main (test_zcu.obj)
               return mainServer(init) catch |err| panic("internal test runner failure: {t}", .{err});
                                ^
       C:\Users\tvolo\AppData\Local\Microsoft\WinGet\Packages\zig.zig_Microsoft.Winget.Source_8wekyb3d8bbwe\zig-x86_64-windows-0.16.0\lib\std\start.zig:699: 0x7ff6f077d1cc in callMain (test_zcu.obj)
           if (fn_info.params[0].type.? == std.process.Init.Minimal) return wrapMain(root.main(.{
       
       C:\Users\tvolo\AppData\Local\Microsoft\WinGet\Packages\zig.zig_Microsoft.Winget.Source_8wekyb3d8bbwe\zig-x86_64-windows-0.16.0\lib\std\start.zig:485:17: 0x7ff6f077d1cc in WinStartup (test_zcu.obj)
               callMain(std.os.windows.peb().ProcessParameters.CommandLine.slice(), .global),
                       ^
       ???:?:?: 0x7ffd06bee956 in ??? (KERNEL32.DLL)
       ???:?:?: 0x7ffd0768427b in ??? (ntdll.dll)
       
       [DebugAllocator] (err): memory address 0x1d3f9742d00 leaked: 
       C:\Users\tvolo\AppData\Local\Microsoft\WinGet\Packages\zig.zig_Microsoft.Winget.Source_8wekyb3d8bbwe\zig-x86_64-windows-0.16.0\lib\std\fmt.zig:636:27: 0x7ff6f07b9e46 in allocPrint__anon_67376 (test_zcu.obj)
           return aw.toOwnedSlice();
                                 ^
       C:\Users\tvolo\dev\ai-dala\My-Fab\tests\integration\concurrent_instances_test.zig:94:30: 0x7ff6f0db66fa in uuidToHexStr (test_zcu.obj)
           return std.fmt.allocPrint(
                                    ^
       C:\Users\tvolo\dev\ai-dala\My-Fab\tests\integration\concurrent_instances_test.zig:160:41: 0x7ff6f0db68a8 in setupInstanceWithTask (test_zcu.obj)
           const inst_id_hex = try uuidToHexStr(allocator, inst.instance_id);
                                               ^
       C:\Users\tvolo\dev\ai-dala\My-Fab\tests\integration\concurrent_instances_test.zig:288:50: 0x7ff6f0dbbfb0 in test.TC-EE-12-01/03: 100 concurrent task completions on distinct instances all succeed (test_zcu.obj)
               const task_id = try setupInstanceWithTask(
                                                        ^
       C:\Users\tvolo\AppData\Local\Microsoft\WinGet\Packages\zig.zig_Microsoft.Winget.Source_8wekyb3d8bbwe\zig-x86_64-windows-0.16.0\lib\compiler\test_runner.zig:140:68: 0x7ff6f077e95c in mainServer (test_zcu.obj)
                       const status: TestResults.Status = if (test_fn.func()) |v| s: {
                                                                          ^
       C:\Users\tvolo\AppData\Local\Microsoft\WinGet\Packages\zig.zig_Microsoft.Winget.Source_8wekyb3d8bbwe\zig-x86_64-windows-0.16.0\lib\compiler\test_runner.zig:71:26: 0x7ff6f077eff9 in main (test_zcu.obj)
               return mainServer(init) catch |err| panic("internal test runner failure: {t}", .{err});
                                ^
       C:\Users\tvolo\AppData\Local\Microsoft\WinGet\Packages\zig.zig_Microsoft.Winget.Source_8wekyb3d8bbwe\zig-x86_64-windows-0.16.0\lib\std\start.zig:699: 0x7ff6f077d1cc in callMain (test_zcu.obj)
           if (fn_info.params[0].type.? == std.process.Init.Minimal) return wrapMain(root.main(.{
       
       C:\Users\tvolo\AppData\Local\Microsoft\WinGet\Packages\zig.zig_Microsoft.Winget.Source_8wekyb3d8bbwe\zig-x86_64-windows-0.16.0\lib\std\start.zig:485:17: 0x7ff6f077d1cc in WinStartup (test_zcu.obj)
               callMain(std.os.windows.peb().ProcessParameters.CommandLine.slice(), .global),
                       ^
       ???:?:?: 0x7ffd06bee956 in ??? (KERNEL32.DLL)
       ???:?:?: 0x7ffd0768427b in ??? (ntdll.dll)
       
       [DebugAllocator] (err): memory address 0x1d3f9743000 leaked: 
       C:\Users\tvolo\AppData\Local\Microsoft\WinGet\Packages\zig.zig_Microsoft.Winget.Source_8wekyb3d8bbwe\zig-x86_64-windows-0.16.0\lib\std\fmt.zig:636:27: 0x7ff6f07b9e46 in allocPrint__anon_67376 (test_zcu.obj)
           return aw.toOwnedSlice();
                                 ^
       C:\Users\tvolo\dev\ai-dala\My-Fab\tests\integration\concurrent_instances_test.zig:94:30: 0x7ff6f0db66fa in uuidToHexStr (test_zcu.obj)
           return std.fmt.allocPrint(
                                    ^
       C:\Users\tvolo\dev\ai-dala\My-Fab\tests\integration\concurrent_instances_test.zig:160:41: 0x7ff6f0db68a8 in setupInstanceWithTask (test_zcu.obj)
           const inst_id_hex = try uuidToHexStr(allocator, inst.instance_id);
                                               ^
       C:\Users\tvolo\dev\ai-dala\My-Fab\tests\integration\concurrent_instances_test.zig:288:50: 0x7ff6f0dbbfb0 in test.TC-EE-12-01/03: 100 concurrent task completions on distinct instances all succeed (test_zcu.obj)
               const task_id = try setupInstanceWithTask(
                                                        ^
       C:\Users\tvolo\AppData\Local\Microsoft\WinGet\Packages\zig.zig_Microsoft.Winget.Source_8wekyb3d8bbwe\zig-x86_64-windows-0.16.0\lib\compiler\test_runner.zig:140:68: 0x7ff6f077e95c in mainServer (test_zcu.obj)
                       const status: TestResults.Status = if (test_fn.func()) |v| s: {
                                                                          ^
       C:\Users\tvolo\AppData\Local\Microsoft\WinGet\Packages\zig.zig_Microsoft.Winget.Source_8wekyb3d8bbwe\zig-x86_64-windows-0.16.0\lib\compiler\test_runner.zig:71:26: 0x7ff6f077eff9 in main (test_zcu.obj)
               return mainServer(init) catch |err| panic("internal test runner failure: {t}", .{err});
                                ^
       C:\Users\tvolo\AppData\Local\Microsoft\WinGet\Packages\zig.zig_Microsoft.Winget.Source_8wekyb3d8bbwe\zig-x86_64-windows-0.16.0\lib\std\start.zig:699: 0x7ff6f077d1cc in callMain (test_zcu.obj)
           if (fn_info.params[0].type.? == std.process.Init.Minimal) return wrapMain(root.main(.{
       
       C:\Users\tvolo\AppData\Local\Microsoft\WinGet\Packages\zig.zig_Microsoft.Winget.Source_8wekyb3d8bbwe\zig-x86_64-windows-0.16.0\lib\std\start.zig:485:17: 0x7ff6f077d1cc in WinStartup (test_zcu.obj)
               callMain(std.os.windows.peb().ProcessParameters.CommandLine.slice(), .global),
                       ^
       ???:?:?: 0x7ffd06bee956 in ??? (KERNEL32.DLL)
       ???:?:?: 0x7ffd0768427b in ??? (ntdll.dll)
       
       [DebugAllocator] (err): memory address 0x1d3f9743300 leaked: 
       C:\Users\tvolo\AppData\Local\Microsoft\WinGet\Packages\zig.zig_Microsoft.Winget.Source_8wekyb3d8bbwe\zig-x86_64-windows-0.16.0\lib\std\fmt.zig:636:27: 0x7ff6f07b9e46 in allocPrint__anon_67376 (test_zcu.obj)
           return aw.toOwnedSlice();
                                 ^
       C:\Users\tvolo\dev\ai-dala\My-Fab\tests\integration\concurrent_instances_test.zig:94:30: 0x7ff6f0db66fa in uuidToHexStr (test_zcu.obj)
           return std.fmt.allocPrint(
                                    ^
       C:\Users\tvolo\dev\ai-dala\My-Fab\tests\integration\concurrent_instances_test.zig:160:41: 0x7ff6f0db68a8 in setupInstanceWithTask (test_zcu.obj)
           const inst_id_hex = try uuidToHexStr(allocator, inst.instance_id);
                                               ^
       C:\Users\tvolo\dev\ai-dala\My-Fab\tests\integration\concurrent_instances_test.zig:288:50: 0x7ff6f0dbbfb0 in test.TC-EE-12-01/03: 100 concurrent task completions on distinct instances all succeed (test_zcu.obj)
               const task_id = try setupInstanceWithTask(
                                                        ^
       C:\Users\tvolo\AppData\Local\Microsoft\WinGet\Packages\zig.zig_Microsoft.Winget.Source_8wekyb3d8bbwe\zig-x86_64-windows-0.16.0\lib\compiler\test_runner.zig:140:68: 0x7ff6f077e95c in mainServer (test_zcu.obj)
                       const status: TestResults.Status = if (test_fn.func()) |v| s: {
                                                                          ^
       C:\Users\tvolo\AppData\Local\Microsoft\WinGet\Packages\zig.zig_Microsoft.Winget.Source_8wekyb3d8bbwe\zig-x86_64-windows-0.16.0\lib\compiler\test_runner.zig:71:26: 0x7ff6f077eff9 in main (test_zcu.obj)
               return mainServer(init) catch |err| panic("internal test runner failure: {t}", .{err});
                                ^
       C:\Users\tvolo\AppData\Local\Microsoft\WinGet\Packages\zig.zig_Microsoft.Winget.Source_8wekyb3d8bbwe\zig-x86_64-windows-0.16.0\lib\std\start.zig:699: 0x7ff6f077d1cc in callMain (test_zcu.obj)
           if (fn_info.params[0].type.? == std.process.Init.Minimal) return wrapMain(root.main(.{
       
       C:\Users\tvolo\AppData\Local\Microsoft\WinGet\Packages\zig.zig_Microsoft.Winget.Source_8wekyb3d8bbwe\zig-x86_64-windows-0.16.0\lib\std\start.zig:485:17: 0x7ff6f077d1cc in WinStartup (test_zcu.obj)
               callMain(std.os.windows.peb().ProcessParameters.CommandLine.slice(), .global),
                       ^
       ???:?:?: 0x7ffd06bee956 in ??? (KERNEL32.DLL)
       ???:?:?: 0x7ffd0768427b in ??? (ntdll.dll)
       
       [DebugAllocator] (err): memory address 0x1d3f9743600 leaked: 
       C:\Users\tvolo\AppData\Local\Microsoft\WinGet\Packages\zig.zig_Microsoft.Winget.Source_8wekyb3d8bbwe\zig-x86_64-windows-0.16.0\lib\std\fmt.zig:636:27: 0x7ff6f07b9e46 in allocPrint__anon_67376 (test_zcu.obj)
           return aw.toOwnedSlice();
                                 ^
       C:\Users\tvolo\dev\ai-dala\My-Fab\tests\integration\concurrent_instances_test.zig:94:30: 0x7ff6f0db66fa in uuidToHexStr (test_zcu.obj)
           return std.fmt.allocPrint(
                                    ^
       C:\Users\tvolo\dev\ai-dala\My-Fab\tests\integration\concurrent_instances_test.zig:160:41: 0x7ff6f0db68a8 in setupInstanceWithTask (test_zcu.obj)
           const inst_id_hex = try uuidToHexStr(allocator, inst.instance_id);
                                               ^
       C:\Users\tvolo\dev\ai-dala\My-Fab\tests\integration\concurrent_instances_test.zig:288:50: 0x7ff6f0dbbfb0 in test.TC-EE-12-01/03: 100 concurrent task completions on distinct instances all succeed (test_zcu.obj)
               const task_id = try setupInstanceWithTask(
                                                        ^
       C:\Users\tvolo\AppData\Local\Microsoft\WinGet\Packages\zig.zig_Microsoft.Winget.Source_8wekyb3d8bbwe\zig-x86_64-windows-0.16.0\lib\compiler\test_runner.zig:140:68: 0x7ff6f077e95c in mainServer (test_zcu.obj)
                       const status: TestResults.Status = if (test_fn.func()) |v| s: {
                                                                          ^
       C:\Users\tvolo\AppData\Local\Microsoft\WinGet\Packages\zig.zig_Microsoft.Winget.Source_8wekyb3d8bbwe\zig-x86_64-windows-0.16.0\lib\compiler\test_runner.zig:71:26: 0x7ff6f077eff9 in main (test_zcu.obj)
               return mainServer(init) catch |err| panic("internal test runner failure: {t}", .{err});
                                ^
       C:\Users\tvolo\AppData\Local\Microsoft\WinGet\Packages\zig.zig_Microsoft.Winget.Source_8wekyb3d8bbwe\zig-x86_64-windows-0.16.0\lib\std\start.zig:699: 0x7ff6f077d1cc in callMain (test_zcu.obj)
           if (fn_info.params[0].type.? == std.process.Init.Minimal) return wrapMain(root.main(.{
       
       C:\Users\tvolo\AppData\Local\Microsoft\WinGet\Packages\zig.zig_Microsoft.Winget.Source_8wekyb3d8bbwe\zig-x86_64-windows-0.16.0\lib\std\start.zig:485:17: 0x7ff6f077d1cc in WinStartup (test_zcu.obj)
               callMain(std.os.windows.peb().ProcessParameters.CommandLine.slice(), .global),
                       ^
       ???:?:?: 0x7ffd06bee956 in ??? (KERNEL32.DLL)
       ???:?:?: 0x7ffd0768427b in ??? (ntdll.dll)
       
       [DebugAllocator] (err): memory address 0x1d3f9743900 leaked: 
       C:\Users\tvolo\AppData\Local\Microsoft\WinGet\Packages\zig.zig_Microsoft.Winget.Source_8wekyb3d8bbwe\zig-x86_64-windows-0.16.0\lib\std\fmt.zig:636:27: 0x7ff6f07b9e46 in allocPrint__anon_67376 (test_zcu.obj)
           return aw.toOwnedSlice();
                                 ^
       C:\Users\tvolo\dev\ai-dala\My-Fab\tests\integration\concurrent_instances_test.zig:94:30: 0x7ff6f0db66fa in uuidToHexStr (test_zcu.obj)
           return std.fmt.allocPrint(
                                    ^
       C:\Users\tvolo\dev\ai-dala\My-Fab\tests\integration\concurrent_instances_test.zig:160:41: 0x7ff6f0db68a8 in setupInstanceWithTask (test_zcu.obj)
           const inst_id_hex = try uuidToHexStr(allocator, inst.instance_id);
                                               ^
       C:\Users\tvolo\dev\ai-dala\My-Fab\tests\integration\concurrent_instances_test.zig:288:50: 0x7ff6f0dbbfb0 in test.TC-EE-12-01/03: 100 concurrent task completions on distinct instances all succeed (test_zcu.obj)
               const task_id = try setupInstanceWithTask(
                                                        ^
       C:\Users\tvolo\AppData\Local\Microsoft\WinGet\Packages\zig.zig_Microsoft.Winget.Source_8wekyb3d8bbwe\zig-x86_64-windows-0.16.0\lib\compiler\test_runner.zig:140:68: 0x7ff6f077e95c in mainServer (test_zcu.obj)
                       const status: TestResults.Status = if (test_fn.func()) |v| s: {
                                                                          ^
       C:\Users\tvolo\AppData\Local\Microsoft\WinGet\Packages\zig.zig_Microsoft.Winget.Source_8wekyb3d8bbwe\zig-x86_64-windows-0.16.0\lib\compiler\test_runner.zig:71:26: 0x7ff6f077eff9 in main (test_zcu.obj)
               return mainServer(init) catch |err| panic("internal test runner failure: {t}", .{err});
                                ^
       C:\Users\tvolo\AppData\Local\Microsoft\WinGet\Packages\zig.zig_Microsoft.Winget.Source_8wekyb3d8bbwe\zig-x86_64-windows-0.16.0\lib\std\start.zig:699: 0x7ff6f077d1cc in callMain (test_zcu.obj)
           if (fn_info.params[0].type.? == std.process.Init.Minimal) return wrapMain(root.main(.{
       
       C:\Users\tvolo\AppData\Local\Microsoft\WinGet\Packages\zig.zig_Microsoft.Winget.Source_8wekyb3d8bbwe\zig-x86_64-windows-0.16.0\lib\std\start.zig:485:17: 0x7ff6f077d1cc in WinStartup (test_zcu.obj)
               callMain(std.os.windows.peb().ProcessParameters.CommandLine.slice(), .global),
                       ^
       ???:?:?: 0x7ffd06bee956 in ??? (KERNEL32.DLL)
       ???:?:?: 0x7ffd0768427b in ??? (ntdll.dll)
       
       [DebugAllocator] (err): memory address 0x1d3f9743c00 leaked: 
       C:\Users\tvolo\AppData\Local\Microsoft\WinGet\Packages\zig.zig_Microsoft.Winget.Source_8wekyb3d8bbwe\zig-x86_64-windows-0.16.0\lib\std\fmt.zig:636:27: 0x7ff6f07b9e46 in allocPrint__anon_67376 (test_zcu.obj)
           return aw.toOwnedSlice();
                                 ^
       C:\Users\tvolo\dev\ai-dala\My-Fab\tests\integration\concurrent_instances_test.zig:94:30: 0x7ff6f0db66fa in uuidToHexStr (test_zcu.obj)
           return std.fmt.allocPrint(
                                    ^
       C:\Users\tvolo\dev\ai-dala\My-Fab\tests\integration\concurrent_instances_test.zig:160:41: 0x7ff6f0db68a8 in setupInstanceWithTask (test_zcu.obj)
           const inst_id_hex = try uuidToHexStr(allocator, inst.instance_id);
                                               ^
       C:\Users\tvolo\dev\ai-dala\My-Fab\tests\integration\concurrent_instances_test.zig:288:50: 0x7ff6f0dbbfb0 in test.TC-EE-12-01/03: 100 concurrent task completions on distinct instances all succeed (test_zcu.obj)
               const task_id = try setupInstanceWithTask(
                                                        ^
       C:\Users\tvolo\AppData\Local\Microsoft\WinGet\Packages\zig.zig_Microsoft.Winget.Source_8wekyb3d8bbwe\zig-x86_64-windows-0.16.0\lib\compiler\test_runner.zig:140:68: 0x7ff6f077e95c in mainServer (test_zcu.obj)
                       const status: TestResults.Status = if (test_fn.func()) |v| s: {
                                                                          ^
       C:\Users\tvolo\AppData\Local\Microsoft\WinGet\Packages\zig.zig_Microsoft.Winget.Source_8wekyb3d8bbwe\zig-x86_64-windows-0.16.0\lib\compiler\test_runner.zig:71:26: 0x7ff6f077eff9 in main (test_zcu.obj)
               return mainServer(init) catch |err| panic("internal test runner failure: {t}", .{err});
                                ^
       C:\Users\tvolo\AppData\Local\Microsoft\WinGet\Packages\zig.zig_Microsoft.Winget.Source_8wekyb3d8bbwe\zig-x86_64-windows-0.16.0\lib\std\start.zig:699: 0x7ff6f077d1cc in callMain (test_zcu.obj)
           if (fn_info.params[0].type.? == std.process.Init.Minimal) return wrapMain(root.main(.{
       
       C:\Users\tvolo\AppData\Local\Microsoft\WinGet\Packages\zig.zig_Microsoft.Winget.Source_8wekyb3d8bbwe\zig-x86_64-windows-0.16.0\lib\std\start.zig:485:17: 0x7ff6f077d1cc in WinStartup (test_zcu.obj)
               callMain(std.os.windows.peb().ProcessParameters.CommandLine.slice(), .global),
                       ^
       ???:?:?: 0x7ffd06bee956 in ??? (KERNEL32.DLL)
       ???:?:?: 0x7ffd0768427b in ??? (ntdll.dll)
       
       [DebugAllocator] (err): memory address 0x1d3f9743f00 leaked: 
       C:\Users\tvolo\AppData\Local\Microsoft\WinGet\Packages\zig.zig_Microsoft.Winget.Source_8wekyb3d8bbwe\zig-x86_64-windows-0.16.0\lib\std\fmt.zig:636:27: 0x7ff6f07b9e46 in allocPrint__anon_67376 (test_zcu.obj)
           return aw.toOwnedSlice();
                                 ^
       C:\Users\tvolo\dev\ai-dala\My-Fab\tests\integration\concurrent_instances_test.zig:94:30: 0x7ff6f0db66fa in uuidToHexStr (test_zcu.obj)
           return std.fmt.allocPrint(
                                    ^
       C:\Users\tvolo\dev\ai-dala\My-Fab\tests\integration\concurrent_instances_test.zig:160:41: 0x7ff6f0db68a8 in setupInstanceWithTask (test_zcu.obj)
           const inst_id_hex = try uuidToHexStr(allocator, inst.instance_id);
                                               ^
       C:\Users\tvolo\dev\ai-dala\My-Fab\tests\integration\concurrent_instances_test.zig:288:50: 0x7ff6f0dbbfb0 in test.TC-EE-12-01/03: 100 concurrent task completions on distinct instances all succeed (test_zcu.obj)
               const task_id = try setupInstanceWithTask(
                                                        ^
       C:\Users\tvolo\AppData\Local\Microsoft\WinGet\Packages\zig.zig_Microsoft.Winget.Source_8wekyb3d8bbwe\zig-x86_64-windows-0.16.0\lib\compiler\test_runner.zig:140:68: 0x7ff6f077e95c in mainServer (test_zcu.obj)
                       const status: TestResults.Status = if (test_fn.func()) |v| s: {
                                                                          ^
       C:\Users\tvolo\AppData\Local\Microsoft\WinGet\Packages\zig.zig_Microsoft.Winget.Source_8wekyb3d8bbwe\zig-x86_64-windows-0.16.0\lib\compiler\test_runner.zig:71:26: 0x7ff6f077eff9 in main (test_zcu.obj)
               return mainServer(init) catch |err| panic("internal test runner failure: {t}", .{err});
                                ^
       C:\Users\tvolo\AppData\Local\Microsoft\WinGet\Packages\zig.zig_Microsoft.Winget.Source_8wekyb3d8bbwe\zig-x86_64-windows-0.16.0\lib\std\start.zig:699: 0x7ff6f077d1cc in callMain (test_zcu.obj)
           if (fn_info.params[0].type.? == std.process.Init.Minimal) return wrapMain(root.main(.{
       
       C:\Users\tvolo\AppData\Local\Microsoft\WinGet\Packages\zig.zig_Microsoft.Winget.Source_8wekyb3d8bbwe\zig-x86_64-windows-0.16.0\lib\std\start.zig:485:17: 0x7ff6f077d1cc in WinStartup (test_zcu.obj)
               callMain(std.os.windows.peb().ProcessParameters.CommandLine.slice(), .global),
                       ^
       ???:?:?: 0x7ffd06bee956 in ??? (KERNEL32.DLL)
       ???:?:?: 0x7ffd0768427b in ??? (ntdll.dll)
       
       [DebugAllocator] (err): memory address 0x1d3f9744200 leaked: 
       C:\Users\tvolo\AppData\Local\Microsoft\WinGet\Packages\zig.zig_Microsoft.Winget.Source_8wekyb3d8bbwe\zig-x86_64-windows-0.16.0\lib\std\fmt.zig:636:27: 0x7ff6f07b9e46 in allocPrint__anon_67376 (test_zcu.obj)
           return aw.toOwnedSlice();
                                 ^
       C:\Users\tvolo\dev\ai-dala\My-Fab\tests\integration\concurrent_instances_test.zig:94:30: 0x7ff6f0db66fa in uuidToHexStr (test_zcu.obj)
           return std.fmt.allocPrint(
                                    ^
       C:\Users\tvolo\dev\ai-dala\My-Fab\tests\integration\concurrent_instances_test.zig:160:41: 0x7ff6f0db68a8 in setupInstanceWithTask (test_zcu.obj)
           const inst_id_hex = try uuidToHexStr(allocator, inst.instance_id);
                                               ^
       C:\Users\tvolo\dev\ai-dala\My-Fab\tests\integration\concurrent_instances_test.zig:288:50: 0x7ff6f0dbbfb0 in test.TC-EE-12-01/03: 100 concurrent task completions on distinct instances all succeed (test_zcu.obj)
               const task_id = try setupInstanceWithTask(
                                                        ^
       C:\Users\tvolo\AppData\Local\Microsoft\WinGet\Packages\zig.zig_Microsoft.Winget.Source_8wekyb3d8bbwe\zig-x86_64-windows-0.16.0\lib\compiler\test_runner.zig:140:68: 0x7ff6f077e95c in mainServer (test_zcu.obj)
                       const status: TestResults.Status = if (test_fn.func()) |v| s: {
                                                                          ^
       C:\Users\tvolo\AppData\Local\Microsoft\WinGet\Packages\zig.zig_Microsoft.Winget.Source_8wekyb3d8bbwe\zig-x86_64-windows-0.16.0\lib\compiler\test_runner.zig:71:26: 0x7ff6f077eff9 in main (test_zcu.obj)
               return mainServer(init) catch |err| panic("internal test runner failure: {t}", .{err});
                                ^
       C:\Users\tvolo\AppData\Local\Microsoft\WinGet\Packages\zig.zig_Microsoft.Winget.Source_8wekyb3d8bbwe\zig-x86_64-windows-0.16.0\lib\std\start.zig:699: 0x7ff6f077d1cc in callMain (test_zcu.obj)
           if (fn_info.params[0].type.? == std.process.Init.Minimal) return wrapMain(root.main(.{
       
       C:\Users\tvolo\AppData\Local\Microsoft\WinGet\Packages\zig.zig_Microsoft.Winget.Source_8wekyb3d8bbwe\zig-x86_64-windows-0.16.0\lib\std\start.zig:485:17: 0x7ff6f077d1cc in WinStartup (test_zcu.obj)
               callMain(std.os.windows.peb().ProcessParameters.CommandLine.slice(), .global),
                       ^
       ???:?:?: 0x7ffd06bee956 in ??? (KERNEL32.DLL)
       ???:?:?: 0x7ffd0768427b in ??? (ntdll.dll)
       
       [DebugAllocator] (err): memory address 0x1d3f9744500 leaked: 
       C:\Users\tvolo\AppData\Local\Microsoft\WinGet\Packages\zig.zig_Microsoft.Winget.Source_8wekyb3d8bbwe\zig-x86_64-windows-0.16.0\lib\std\fmt.zig:636:27: 0x7ff6f07b9e46 in allocPrint__anon_67376 (test_zcu.obj)
           return aw.toOwnedSlice();
                                 ^
       C:\Users\tvolo\dev\ai-dala\My-Fab\tests\integration\concurrent_instances_test.zig:94:30: 0x7ff6f0db66fa in uuidToHexStr (test_zcu.obj)
           return std.fmt.allocPrint(
                                    ^
       C:\Users\tvolo\dev\ai-dala\My-Fab\tests\integration\concurrent_instances_test.zig:160:41: 0x7ff6f0db68a8 in setupInstanceWithTask (test_zcu.obj)
           const inst_id_hex = try uuidToHexStr(allocator, inst.instance_id);
                                               ^
       C:\Users\tvolo\dev\ai-dala\My-Fab\tests\integration\concurrent_instances_test.zig:288:50: 0x7ff6f0dbbfb0 in test.TC-EE-12-01/03: 100 concurrent task completions on distinct instances all succeed (test_zcu.obj)
               const task_id = try setupInstanceWithTask(
                                                        ^
       C:\Users\tvolo\AppData\Local\Microsoft\WinGet\Packages\zig.zig_Microsoft.Winget.Source_8wekyb3d8bbwe\zig-x86_64-windows-0.16.0\lib\compiler\test_runner.zig:140:68: 0x7ff6f077e95c in mainServer (test_zcu.obj)
                       const status: TestResults.Status = if (test_fn.func()) |v| s: {
                                                                          ^
       C:\Users\tvolo\AppData\Local\Microsoft\WinGet\Packages\zig.zig_Microsoft.Winget.Source_8wekyb3d8bbwe\zig-x86_64-windows-0.16.0\lib\compiler\test_runner.zig:71:26: 0x7ff6f077eff9 in main (test_zcu.obj)
               return mainServer(init) catch |err| panic("internal test runner failure: {t}", .{err});
                                ^
       C:\Users\tvolo\AppData\Local\Microsoft\WinGet\Packages\zig.zig_Microsoft.Winget.Source_8wekyb3d8bbwe\zig-x86_64-windows-0.16.0\lib\std\start.zig:699: 0x7ff6f077d1cc in callMain (test_zcu.obj)
           if (fn_info.params[0].type.? == std.process.Init.Minimal) return wrapMain(root.main(.{
       
       C:\Users\tvolo\AppData\Local\Microsoft\WinGet\Packages\zig.zig_Microsoft.Winget.Source_8wekyb3d8bbwe\zig-x86_64-windows-0.16.0\lib\std\start.zig:485:17: 0x7ff6f077d1cc in WinStartup (test_zcu.obj)
               callMain(std.os.windows.peb().ProcessParameters.CommandLine.slice(), .global),
                       ^
       ???:?:?: 0x7ffd06bee956 in ??? (KERNEL32.DLL)
       ???:?:?: 0x7ffd0768427b in ??? (ntdll.dll)
       
       [DebugAllocator] (err): memory address 0x1d3f90507c0 leaked: 
       C:\Users\tvolo\AppData\Local\Microsoft\WinGet\Packages\zig.zig_Microsoft.Winget.Source_8wekyb3d8bbwe\zig-x86_64-windows-0.16.0\lib\std\fmt.zig:636:27: 0x7ff6f07b9e46 in allocPrint__anon_67376 (test_zcu.obj)
           return aw.toOwnedSlice();
                                 ^
       C:\Users\tvolo\dev\ai-dala\My-Fab\tests\integration\concurrent_instances_test.zig:94:30: 0x7ff6f0db66fa in uuidToHexStr (test_zcu.obj)
           return std.fmt.allocPrint(
                                    ^
       C:\Users\tvolo\dev\ai-dala\My-Fab\tests\integration\concurrent_instances_test.zig:160:41: 0x7ff6f0db68a8 in setupInstanceWithTask (test_zcu.obj)
           const inst_id_hex = try uuidToHexStr(allocator, inst.instance_id);
                                               ^
       C:\Users\tvolo\dev\ai-dala\My-Fab\tests\integration\concurrent_instances_test.zig:288:50: 0x7ff6f0dbbfb0 in test.TC-EE-12-01/03: 100 concurrent task completions on distinct instances all succeed (test_zcu.obj)
               const task_id = try setupInstanceWithTask(
                                                        ^
       C:\Users\tvolo\AppData\Local\Microsoft\WinGet\Packages\zig.zig_Microsoft.Winget.Source_8wekyb3d8bbwe\zig-x86_64-windows-0.16.0\lib\compiler\test_runner.zig:140:68: 0x7ff6f077e95c in mainServer (test_zcu.obj)
                       const status: TestResults.Status = if (test_fn.func()) |v| s: {
                                                                          ^
       C:\Users\tvolo\AppData\Local\Microsoft\WinGet\Packages\zig.zig_Microsoft.Winget.Source_8wekyb3d8bbwe\zig-x86_64-windows-0.16.0\lib\compiler\test_runner.zig:71:26: 0x7ff6f077eff9 in main (test_zcu.obj)
               return mainServer(init) catch |err| panic("internal test runner failure: {t}", .{err});
                                ^
       C:\Users\tvolo\AppData\Local\Microsoft\WinGet\Packages\zig.zig_Microsoft.Winget.Source_8wekyb3d8bbwe\zig-x86_64-windows-0.16.0\lib\std\start.zig:699: 0x7ff6f077d1cc in callMain (test_zcu.obj)
           if (fn_info.params[0].type.? == std.process.Init.Minimal) return wrapMain(root.main(.{
       
       C:\Users\tvolo\AppData\Local\Microsoft\WinGet\Packages\zig.zig_Microsoft.Winget.Source_8wekyb3d8bbwe\zig-x86_64-windows-0.16.0\lib\std\start.zig:485:17: 0x7ff6f077d1cc in WinStartup (test_zcu.obj)
               callMain(std.os.windows.peb().ProcessParameters.CommandLine.slice(), .global),
                       ^
       ???:?:?: 0x7ffd06bee956 in ??? (KERNEL32.DLL)
       ???:?:?: 0x7ffd0768427b in ??? (ntdll.dll)
       
       [DebugAllocator] (err): memory address 0x1d3f9050ac0 leaked: 
       C:\Users\tvolo\AppData\Local\Microsoft\WinGet\Packages\zig.zig_Microsoft.Winget.Source_8wekyb3d8bbwe\zig-x86_64-windows-0.16.0\lib\std\fmt.zig:636:27: 0x7ff6f07b9e46 in allocPrint__anon_67376 (test_zcu.obj)
           return aw.toOwnedSlice();
                                 ^
       C:\Users\tvolo\dev\ai-dala\My-Fab\tests\integration\concurrent_instances_test.zig:94:30: 0x7ff6f0db66fa in uuidToHexStr (test_zcu.obj)
           return std.fmt.allocPrint(
                                    ^
       C:\Users\tvolo\dev\ai-dala\My-Fab\tests\integration\concurrent_instances_test.zig:160:41: 0x7ff6f0db68a8 in setupInstanceWithTask (test_zcu.obj)
           const inst_id_hex = try uuidToHexStr(allocator, inst.instance_id);
                                               ^
       C:\Users\tvolo\dev\ai-dala\My-Fab\tests\integration\concurrent_instances_test.zig:288:50: 0x7ff6f0dbbfb0 in test.TC-EE-12-01/03: 100 concurrent task completions on distinct instances all succeed (test_zcu.obj)
               const task_id = try setupInstanceWithTask(
                                                        ^
       C:\Users\tvolo\AppData\Local\Microsoft\WinGet\Packages\zig.zig_Microsoft.Winget.Source_8wekyb3d8bbwe\zig-x86_64-windows-0.16.0\lib\compiler\test_runner.zig:140:68: 0x7ff6f077e95c in mainServer (test_zcu.obj)
                       const status: TestResults.Status = if (test_fn.func()) |v| s: {
                                                                          ^
       C:\Users\tvolo\AppData\Local\Microsoft\WinGet\Packages\zig.zig_Microsoft.Winget.Source_8wekyb3d8bbwe\zig-x86_64-windows-0.16.0\lib\compiler\test_runner.zig:71:26: 0x7ff6f077eff9 in main (test_zcu.obj)
               return mainServer(init) catch |err| panic("internal test runner failure: {t}", .{err});
                                ^
       C:\Users\tvolo\AppData\Local\Microsoft\WinGet\Packages\zig.zig_Microsoft.Winget.Source_8wekyb3d8bbwe\zig-x86_64-windows-0.16.0\lib\std\start.zig:699: 0x7ff6f077d1cc in callMain (test_zcu.obj)
           if (fn_info.params[0].type.? == std.process.Init.Minimal) return wrapMain(root.main(.{
       
       C:\Users\tvolo\AppData\Local\Microsoft\WinGet\Packages\zig.zig_Microsoft.Winget.Source_8wekyb3d8bbwe\zig-x86_64-windows-0.16.0\lib\std\start.zig:485:17: 0x7ff6f077d1cc in WinStartup (test_zcu.obj)
               callMain(std.os.windows.peb().ProcessParameters.CommandLine.slice(), .global),
                       ^
       ???:?:?: 0x7ffd06bee956 in ??? (KERNEL32.DLL)
       ???:?:?: 0x7ffd0768427b in ??? (ntdll.dll)
       
       [DebugAllocator] (err): memory address 0x1d3f9050dc0 leaked: 
       C:\Users\tvolo\AppData\Local\Microsoft\WinGet\Packages\zig.zig_Microsoft.Winget.Source_8wekyb3d8bbwe\zig-x86_64-windows-0.16.0\lib\std\fmt.zig:636:27: 0x7ff6f07b9e46 in allocPrint__anon_67376 (test_zcu.obj)
           return aw.toOwnedSlice();
                                 ^
       C:\Users\tvolo\dev\ai-dala\My-Fab\tests\integration\concurrent_instances_test.zig:94:30: 0x7ff6f0db66fa in uuidToHexStr (test_zcu.obj)
           return std.fmt.allocPrint(
                                    ^
       C:\Users\tvolo\dev\ai-dala\My-Fab\tests\integration\concurrent_instances_test.zig:160:41: 0x7ff6f0db68a8 in setupInstanceWithTask (test_zcu.obj)
           const inst_id_hex = try uuidToHexStr(allocator, inst.instance_id);
                                               ^
       C:\Users\tvolo\dev\ai-dala\My-Fab\tests\integration\concurrent_instances_test.zig:288:50: 0x7ff6f0dbbfb0 in test.TC-EE-12-01/03: 100 concurrent task completions on distinct instances all succeed (test_zcu.obj)
               const task_id = try setupInstanceWithTask(
                                                        ^
       C:\Users\tvolo\AppData\Local\Microsoft\WinGet\Packages\zig.zig_Microsoft.Winget.Source_8wekyb3d8bbwe\zig-x86_64-windows-0.16.0\lib\compiler\test_runner.zig:140:68: 0x7ff6f077e95c in mainServer (test_zcu.obj)
                       const status: TestResults.Status = if (test_fn.func()) |v| s: {
                                                                          ^
       C:\Users\tvolo\AppData\Local\Microsoft\WinGet\Packages\zig.zig_Microsoft.Winget.Source_8wekyb3d8bbwe\zig-x86_64-windows-0.16.0\lib\compiler\test_runner.zig:71:26: 0x7ff6f077eff9 in main (test_zcu.obj)
               return mainServer(init) catch |err| panic("internal test runner failure: {t}", .{err});
                                ^
       C:\Users\tvolo\AppData\Local\Microsoft\WinGet\Packages\zig.zig_Microsoft.Winget.Source_8wekyb3d8bbwe\zig-x86_64-windows-0.16.0\lib\std\start.zig:699: 0x7ff6f077d1cc in callMain (test_zcu.obj)
           if (fn_info.params[0].type.? == std.process.Init.Minimal) return wrapMain(root.main(.{
       
       C:\Users\tvolo\AppData\Local\Microsoft\WinGet\Packages\zig.zig_Microsoft.Winget.Source_8wekyb3d8bbwe\zig-x86_64-windows-0.16.0\lib\std\start.zig:485:17: 0x7ff6f077d1cc in WinStartup (test_zcu.obj)
               callMain(std.os.windows.peb().ProcessParameters.CommandLine.slice(), .global),
                       ^
       ???:?:?: 0x7ffd06bee956 in ??? (KERNEL32.DLL)
       ???:?:?: 0x7ffd0768427b in ??? (ntdll.dll)
       
       [DebugAllocator] (err): memory address 0x1d3f90510c0 leaked: 
       C:\Users\tvolo\AppData\Local\Microsoft\WinGet\Packages\zig.zig_Microsoft.Winget.Source_8wekyb3d8bbwe\zig-x86_64-windows-0.16.0\lib\std\fmt.zig:636:27: 0x7ff6f07b9e46 in allocPrint__anon_67376 (test_zcu.obj)
           return aw.toOwnedSlice();
                                 ^
       C:\Users\tvolo\dev\ai-dala\My-Fab\tests\integration\concurrent_instances_test.zig:94:30: 0x7ff6f0db66fa in uuidToHexStr (test_zcu.obj)
           return std.fmt.allocPrint(
                                    ^
       C:\Users\tvolo\dev\ai-dala\My-Fab\tests\integration\concurrent_instances_test.zig:160:41: 0x7ff6f0db68a8 in setupInstanceWithTask (test_zcu.obj)
           const inst_id_hex = try uuidToHexStr(allocator, inst.instance_id);
                                               ^
       C:\Users\tvolo\dev\ai-dala\My-Fab\tests\integration\concurrent_instances_test.zig:288:50: 0x7ff6f0dbbfb0 in test.TC-EE-12-01/03: 100 concurrent task completions on distinct instances all succeed (test_zcu.obj)
               const task_id = try setupInstanceWithTask(
                                                        ^
       C:\Users\tvolo\AppData\Local\Microsoft\WinGet\Packages\zig.zig_Microsoft.Winget.Source_8wekyb3d8bbwe\zig-x86_64-windows-0.16.0\lib\compiler\test_runner.zig:140:68: 0x7ff6f077e95c in mainServer (test_zcu.obj)
                       const status: TestResults.Status = if (test_fn.func()) |v| s: {
                                                                          ^
       C:\Users\tvolo\AppData\Local\Microsoft\WinGet\Packages\zig.zig_Microsoft.Winget.Source_8wekyb3d8bbwe\zig-x86_64-windows-0.16.0\lib\compiler\test_runner.zig:71:26: 0x7ff6f077eff9 in main (test_zcu.obj)
               return mainServer(init) catch |err| panic("internal test runner failure: {t}", .{err});
                                ^
       C:\Users\tvolo\AppData\Local\Microsoft\WinGet\Packages\zig.zig_Microsoft.Winget.Source_8wekyb3d8bbwe\zig-x86_64-windows-0.16.0\lib\std\start.zig:699: 0x7ff6f077d1cc in callMain (test_zcu.obj)
           if (fn_info.params[0].type.? == std.process.Init.Minimal) return wrapMain(root.main(.{
       
       C:\Users\tvolo\AppData\Local\Microsoft\WinGet\Packages\zig.zig_Microsoft.Winget.Source_8wekyb3d8bbwe\zig-x86_64-windows-0.16.0\lib\std\start.zig:485:17: 0x7ff6f077d1cc in WinStartup (test_zcu.obj)
               callMain(std.os.windows.peb().ProcessParameters.CommandLine.slice(), .global),
                       ^
       ???:?:?: 0x7ffd06bee956 in ??? (KERNEL32.DLL)
       ???:?:?: 0x7ffd0768427b in ??? (ntdll.dll)
       
       [DebugAllocator] (err): memory address 0x1d3f90513c0 leaked: 
       C:\Users\tvolo\AppData\Local\Microsoft\WinGet\Packages\zig.zig_Microsoft.Winget.Source_8wekyb3d8bbwe\zig-x86_64-windows-0.16.0\lib\std\fmt.zig:636:27: 0x7ff6f07b9e46 in allocPrint__anon_67376 (test_zcu.obj)
           return aw.toOwnedSlice();
                                 ^
       C:\Users\tvolo\dev\ai-dala\My-Fab\tests\integration\concurrent_instances_test.zig:94:30: 0x7ff6f0db66fa in uuidToHexStr (test_zcu.obj)
           return std.fmt.allocPrint(
                                    ^
       C:\Users\tvolo\dev\ai-dala\My-Fab\tests\integration\concurrent_instances_test.zig:160:41: 0x7ff6f0db68a8 in setupInstanceWithTask (test_zcu.obj)
           const inst_id_hex = try uuidToHexStr(allocator, inst.instance_id);
                                               ^
       C:\Users\tvolo\dev\ai-dala\My-Fab\tests\integration\concurrent_instances_test.zig:288:50: 0x7ff6f0dbbfb0 in test.TC-EE-12-01/03: 100 concurrent task completions on distinct instances all succeed (test_zcu.obj)
               const task_id = try setupInstanceWithTask(
                                                        ^
       C:\Users\tvolo\AppData\Local\Microsoft\WinGet\Packages\zig.zig_Microsoft.Winget.Source_8wekyb3d8bbwe\zig-x86_64-windows-0.16.0\lib\compiler\test_runner.zig:140:68: 0x7ff6f077e95c in mainServer (test_zcu.obj)
                       const status: TestResults.Status = if (test_fn.func()) |v| s: {
                                                                          ^
       C:\Users\tvolo\AppData\Local\Microsoft\WinGet\Packages\zig.zig_Microsoft.Winget.Source_8wekyb3d8bbwe\zig-x86_64-windows-0.16.0\lib\compiler\test_runner.zig:71:26: 0x7ff6f077eff9 in main (test_zcu.obj)
               return mainServer(init) catch |err| panic("internal test runner failure: {t}", .{err});
                                ^
       C:\Users\tvolo\AppData\Local\Microsoft\WinGet\Packages\zig.zig_Microsoft.Winget.Source_8wekyb3d8bbwe\zig-x86_64-windows-0.16.0\lib\std\start.zig:699: 0x7ff6f077d1cc in callMain (test_zcu.obj)
           if (fn_info.params[0].type.? == std.process.Init.Minimal) return wrapMain(root.main(.{
       
       C:\Users\tvolo\AppData\Local\Microsoft\WinGet\Packages\zig.zig_Microsoft.Winget.Source_8wekyb3d8bbwe\zig-x86_64-windows-0.16.0\lib\std\start.zig:485:17: 0x7ff6f077d1cc in WinStartup (test_zcu.obj)
               callMain(std.os.windows.peb().ProcessParameters.CommandLine.slice(), .global),
                       ^
       ???:?:?: 0x7ffd06bee956 in ??? (KERNEL32.DLL)
       ???:?:?: 0x7ffd0768427b in ??? (ntdll.dll)
       
       [DebugAllocator] (err): memory address 0x1d3f90516c0 leaked: 
       C:\Users\tvolo\AppData\Local\Microsoft\WinGet\Packages\zig.zig_Microsoft.Winget.Source_8wekyb3d8bbwe\zig-x86_64-windows-0.16.0\lib\std\fmt.zig:636:27: 0x7ff6f07b9e46 in allocPrint__anon_67376 (test_zcu.obj)
           return aw.toOwnedSlice();
                                 ^
       C:\Users\tvolo\dev\ai-dala\My-Fab\tests\integration\concurrent_instances_test.zig:94:30: 0x7ff6f0db66fa in uuidToHexStr (test_zcu.obj)
           return std.fmt.allocPrint(
                                    ^
       C:\Users\tvolo\dev\ai-dala\My-Fab\tests\integration\concurrent_instances_test.zig:160:41: 0x7ff6f0db68a8 in setupInstanceWithTask (test_zcu.obj)
           const inst_id_hex = try uuidToHexStr(allocator, inst.instance_id);
                                               ^
       C:\Users\tvolo\dev\ai-dala\My-Fab\tests\integration\concurrent_instances_test.zig:288:50: 0x7ff6f0dbbfb0 in test.TC-EE-12-01/03: 100 concurrent task completions on distinct instances all succeed (test_zcu.obj)
               const task_id = try setupInstanceWithTask(
                                                        ^
       C:\Users\tvolo\AppData\Local\Microsoft\WinGet\Packages\zig.zig_Microsoft.Winget.Source_8wekyb3d8bbwe\zig-x86_64-windows-0.16.0\lib\compiler\test_runner.zig:140:68: 0x7ff6f077e95c in mainServer (test_zcu.obj)
                       const status: TestResults.Status = if (test_fn.func()) |v| s: {
                                                                          ^
       C:\Users\tvolo\AppData\Local\Microsoft\WinGet\Packages\zig.zig_Microsoft.Winget.Source_8wekyb3d8bbwe\zig-x86_64-windows-0.16.0\lib\compiler\test_runner.zig:71:26: 0x7ff6f077eff9 in main (test_zcu.obj)
               return mainServer(init) catch |err| panic("internal test runner failure: {t}", .{err});
                                ^
       C:\Users\tvolo\AppData\Local\Microsoft\WinGet\Packages\zig.zig_Microsoft.Winget.Source_8wekyb3d8bbwe\zig-x86_64-windows-0.16.0\lib\std\start.zig:699: 0x7ff6f077d1cc in callMain (test_zcu.obj)
           if (fn_info.params[0].type.? == std.process.Init.Minimal) return wrapMain(root.main(.{
       
       C:\Users\tvolo\AppData\Local\Microsoft\WinGet\Packages\zig.zig_Microsoft.Winget.Source_8wekyb3d8bbwe\zig-x86_64-windows-0.16.0\lib\std\start.zig:485:17: 0x7ff6f077d1cc in WinStartup (test_zcu.obj)
               callMain(std.os.windows.peb().ProcessParameters.CommandLine.slice(), .global),
                       ^
       ???:?:?: 0x7ffd06bee956 in ??? (KERNEL32.DLL)
       ???:?:?: 0x7ffd0768427b in ??? (ntdll.dll)
       
       [DebugAllocator] (err): memory address 0x1d3f90519c0 leaked: 
       C:\Users\tvolo\AppData\Local\Microsoft\WinGet\Packages\zig.zig_Microsoft.Winget.Source_8wekyb3d8bbwe\zig-x86_64-windows-0.16.0\lib\std\fmt.zig:636:27: 0x7ff6f07b9e46 in allocPrint__anon_67376 (test_zcu.obj)
           return aw.toOwnedSlice();
                                 ^
       C:\Users\tvolo\dev\ai-dala\My-Fab\tests\integration\concurrent_instances_test.zig:94:30: 0x7ff6f0db66fa in uuidToHexStr (test_zcu.obj)
           return std.fmt.allocPrint(
                                    ^
       C:\Users\tvolo\dev\ai-dala\My-Fab\tests\integration\concurrent_instances_test.zig:160:41: 0x7ff6f0db68a8 in setupInstanceWithTask (test_zcu.obj)
           const inst_id_hex = try uuidToHexStr(allocator, inst.instance_id);
                                               ^
       C:\Users\tvolo\dev\ai-dala\My-Fab\tests\integration\concurrent_instances_test.zig:288:50: 0x7ff6f0dbbfb0 in test.TC-EE-12-01/03: 100 concurrent task completions on distinct instances all succeed (test_zcu.obj)
               const task_id = try setupInstanceWithTask(
                                                        ^
       C:\Users\tvolo\AppData\Local\Microsoft\WinGet\Packages\zig.zig_Microsoft.Winget.Source_8wekyb3d8bbwe\zig-x86_64-windows-0.16.0\lib\compiler\test_runner.zig:140:68: 0x7ff6f077e95c in mainServer (test_zcu.obj)
                       const status: TestResults.Status = if (test_fn.func()) |v| s: {
                                                                          ^
       C:\Users\tvolo\AppData\Local\Microsoft\WinGet\Packages\zig.zig_Microsoft.Winget.Source_8wekyb3d8bbwe\zig-x86_64-windows-0.16.0\lib\compiler\test_runner.zig:71:26: 0x7ff6f077eff9 in main (test_zcu.obj)
               return mainServer(init) catch |err| panic("internal test runner failure: {t}", .{err});
                                ^
       C:\Users\tvolo\AppData\Local\Microsoft\WinGet\Packages\zig.zig_Microsoft.Winget.Source_8wekyb3d8bbwe\zig-x86_64-windows-0.16.0\lib\std\start.zig:699: 0x7ff6f077d1cc in callMain (test_zcu.obj)
           if (fn_info.params[0].type.? == std.process.Init.Minimal) return wrapMain(root.main(.{
       
       C:\Users\tvolo\AppData\Local\Microsoft\WinGet\Packages\zig.zig_Microsoft.Winget.Source_8wekyb3d8bbwe\zig-x86_64-windows-0.16.0\lib\std\start.zig:485:17: 0x7ff6f077d1cc in WinStartup (test_zcu.obj)
               callMain(std.os.windows.peb().ProcessParameters.CommandLine.slice(), .global),
                       ^
       ???:?:?: 0x7ffd06bee956 in ??? (KERNEL32.DLL)
       ???:?:?: 0x7ffd0768427b in ??? (ntdll.dll)
       
       [DebugAllocator] (err): memory address 0x1d3f9051cc0 leaked: 
       C:\Users\tvolo\AppData\Local\Microsoft\WinGet\Packages\zig.zig_Microsoft.Winget.Source_8wekyb3d8bbwe\zig-x86_64-windows-0.16.0\lib\std\fmt.zig:636:27: 0x7ff6f07b9e46 in allocPrint__anon_67376 (test_zcu.obj)
           return aw.toOwnedSlice();
                                 ^
       C:\Users\tvolo\dev\ai-dala\My-Fab\tests\integration\concurrent_instances_test.zig:94:30: 0x7ff6f0db66fa in uuidToHexStr (test_zcu.obj)
           return std.fmt.allocPrint(
                                    ^
       C:\Users\tvolo\dev\ai-dala\My-Fab\tests\integration\concurrent_instances_test.zig:160:41: 0x7ff6f0db68a8 in setupInstanceWithTask (test_zcu.obj)
           const inst_id_hex = try uuidToHexStr(allocator, inst.instance_id);
                                               ^
       C:\Users\tvolo\dev\ai-dala\My-Fab\tests\integration\concurrent_instances_test.zig:288:50: 0x7ff6f0dbbfb0 in test.TC-EE-12-01/03: 100 concurrent task completions on distinct instances all succeed (test_zcu.obj)
               const task_id = try setupInstanceWithTask(
                                                        ^
       C:\Users\tvolo\AppData\Local\Microsoft\WinGet\Packages\zig.zig_Microsoft.Winget.Source_8wekyb3d8bbwe\zig-x86_64-windows-0.16.0\lib\compiler\test_runner.zig:140:68: 0x7ff6f077e95c in mainServer (test_zcu.obj)
                       const status: TestResults.Status = if (test_fn.func()) |v| s: {
                                                                          ^
       C:\Users\tvolo\AppData\Local\Microsoft\WinGet\Packages\zig.zig_Microsoft.Winget.Source_8wekyb3d8bbwe\zig-x86_64-windows-0.16.0\lib\compiler\test_runner.zig:71:26: 0x7ff6f077eff9 in main (test_zcu.obj)
               return mainServer(init) catch |err| panic("internal test runner failure: {t}", .{err});
                                ^
       C:\Users\tvolo\AppData\Local\Microsoft\WinGet\Packages\zig.zig_Microsoft.Winget.Source_8wekyb3d8bbwe\zig-x86_64-windows-0.16.0\lib\std\start.zig:699: 0x7ff6f077d1cc in callMain (test_zcu.obj)
           if (fn_info.params[0].type.? == std.process.Init.Minimal) return wrapMain(root.main(.{
       
       C:\Users\tvolo\AppData\Local\Microsoft\WinGet\Packages\zig.zig_Microsoft.Winget.Source_8wekyb3d8bbwe\zig-x86_64-windows-0.16.0\lib\std\start.zig:485:17: 0x7ff6f077d1cc in WinStartup (test_zcu.obj)
               callMain(std.os.windows.peb().ProcessParameters.CommandLine.slice(), .global),
                       ^
       ???:?:?: 0x7ffd06bee956 in ??? (KERNEL32.DLL)
       ???:?:?: 0x7ffd0768427b in ??? (ntdll.dll)
       
       [DebugAllocator] (err): memory address 0x1d3f9051fc0 leaked: 
       C:\Users\tvolo\AppData\Local\Microsoft\WinGet\Packages\zig.zig_Microsoft.Winget.Source_8wekyb3d8bbwe\zig-x86_64-windows-0.16.0\lib\std\fmt.zig:636:27: 0x7ff6f07b9e46 in allocPrint__anon_67376 (test_zcu.obj)
           return aw.toOwnedSlice();
                                 ^
       C:\Users\tvolo\dev\ai-dala\My-Fab\tests\integration\concurrent_instances_test.zig:94:30: 0x7ff6f0db66fa in uuidToHexStr (test_zcu.obj)
           return std.fmt.allocPrint(
                                    ^
       C:\Users\tvolo\dev\ai-dala\My-Fab\tests\integration\concurrent_instances_test.zig:160:41: 0x7ff6f0db68a8 in setupInstanceWithTask (test_zcu.obj)
           const inst_id_hex = try uuidToHexStr(allocator, inst.instance_id);
                                               ^
       C:\Users\tvolo\dev\ai-dala\My-Fab\tests\integration\concurrent_instances_test.zig:288:50: 0x7ff6f0dbbfb0 in test.TC-EE-12-01/03: 100 concurrent task completions on distinct instances all succeed (test_zcu.obj)
               const task_id = try setupInstanceWithTask(
                                                        ^
       C:\Users\tvolo\AppData\Local\Microsoft\WinGet\Packages\zig.zig_Microsoft.Winget.Source_8wekyb3d8bbwe\zig-x86_64-windows-0.16.0\lib\compiler\test_runner.zig:140:68: 0x7ff6f077e95c in mainServer (test_zcu.obj)
                       const status: TestResults.Status = if (test_fn.func()) |v| s: {
                                                                          ^
       C:\Users\tvolo\AppData\Local\Microsoft\WinGet\Packages\zig.zig_Microsoft.Winget.Source_8wekyb3d8bbwe\zig-x86_64-windows-0.16.0\lib\compiler\test_runner.zig:71:26: 0x7ff6f077eff9 in main (test_zcu.obj)
               return mainServer(init) catch |err| panic("internal test runner failure: {t}", .{err});
                                ^
       C:\Users\tvolo\AppData\Local\Microsoft\WinGet\Packages\zig.zig_Microsoft.Winget.Source_8wekyb3d8bbwe\zig-x86_64-windows-0.16.0\lib\std\start.zig:699: 0x7ff6f077d1cc in callMain (test_zcu.obj)
           if (fn_info.params[0].type.? == std.process.Init.Minimal) return wrapMain(root.main(.{
       
       C:\Users\tvolo\AppData\Local\Microsoft\WinGet\Packages\zig.zig_Microsoft.Winget.Source_8wekyb3d8bbwe\zig-x86_64-windows-0.16.0\lib\std\start.zig:485:17: 0x7ff6f077d1cc in WinStartup (test_zcu.obj)
               callMain(std.os.windows.peb().ProcessParameters.CommandLine.slice(), .global),
                       ^
       ???:?:?: 0x7ffd06bee956 in ??? (KERNEL32.DLL)
       ???:?:?: 0x7ffd0768427b in ??? (ntdll.dll)
       
       [DebugAllocator] (err): memory address 0x1d3f90522c0 leaked: 
       C:\Users\tvolo\AppData\Local\Microsoft\WinGet\Packages\zig.zig_Microsoft.Winget.Source_8wekyb3d8bbwe\zig-x86_64-windows-0.16.0\lib\std\fmt.zig:636:27: 0x7ff6f07b9e46 in allocPrint__anon_67376 (test_zcu.obj)
           return aw.toOwnedSlice();
                                 ^
       C:\Users\tvolo\dev\ai-dala\My-Fab\tests\integration\concurrent_instances_test.zig:94:30: 0x7ff6f0db66fa in uuidToHexStr (test_zcu.obj)
           return std.fmt.allocPrint(
                                    ^
       C:\Users\tvolo\dev\ai-dala\My-Fab\tests\integration\concurrent_instances_test.zig:160:41: 0x7ff6f0db68a8 in setupInstanceWithTask (test_zcu.obj)
           const inst_id_hex = try uuidToHexStr(allocator, inst.instance_id);
                                               ^
       C:\Users\tvolo\dev\ai-dala\My-Fab\tests\integration\concurrent_instances_test.zig:288:50: 0x7ff6f0dbbfb0 in test.TC-EE-12-01/03: 100 concurrent task completions on distinct instances all succeed (test_zcu.obj)
               const task_id = try setupInstanceWithTask(
                                                        ^
       C:\Users\tvolo\AppData\Local\Microsoft\WinGet\Packages\zig.zig_Microsoft.Winget.Source_8wekyb3d8bbwe\zig-x86_64-windows-0.16.0\lib\compiler\test_runner.zig:140:68: 0x7ff6f077e95c in mainServer (test_zcu.obj)
                       const status: TestResults.Status = if (test_fn.func()) |v| s: {
                                                                          ^
       C:\Users\tvolo\AppData\Local\Microsoft\WinGet\Packages\zig.zig_Microsoft.Winget.Source_8wekyb3d8bbwe\zig-x86_64-windows-0.16.0\lib\compiler\test_runner.zig:71:26: 0x7ff6f077eff9 in main (test_zcu.obj)
               return mainServer(init) catch |err| panic("internal test runner failure: {t}", .{err});
                                ^
       C:\Users\tvolo\AppData\Local\Microsoft\WinGet\Packages\zig.zig_Microsoft.Winget.Source_8wekyb3d8bbwe\zig-x86_64-windows-0.16.0\lib\std\start.zig:699: 0x7ff6f077d1cc in callMain (test_zcu.obj)
           if (fn_info.params[0].type.? == std.process.Init.Minimal) return wrapMain(root.main(.{
       
       C:\Users\tvolo\AppData\Local\Microsoft\WinGet\Packages\zig.zig_Microsoft.Winget.Source_8wekyb3d8bbwe\zig-x86_64-windows-0.16.0\lib\std\start.zig:485:17: 0x7ff6f077d1cc in WinStartup (test_zcu.obj)
               callMain(std.os.windows.peb().ProcessParameters.CommandLine.slice(), .global),
                       ^
       ???:?:?: 0x7ffd06bee956 in ??? (KERNEL32.DLL)
       ???:?:?: 0x7ffd0768427b in ??? (ntdll.dll)
       
       [DebugAllocator] (err): memory address 0x1d3f90525c0 leaked: 
       C:\Users\tvolo\AppData\Local\Microsoft\WinGet\Packages\zig.zig_Microsoft.Winget.Source_8wekyb3d8bbwe\zig-x86_64-windows-0.16.0\lib\std\fmt.zig:636:27: 0x7ff6f07b9e46 in allocPrint__anon_67376 (test_zcu.obj)
           return aw.toOwnedSlice();
                                 ^
       C:\Users\tvolo\dev\ai-dala\My-Fab\tests\integration\concurrent_instances_test.zig:94:30: 0x7ff6f0db66fa in uuidToHexStr (test_zcu.obj)
           return std.fmt.allocPrint(
                                    ^
       C:\Users\tvolo\dev\ai-dala\My-Fab\tests\integration\concurrent_instances_test.zig:160:41: 0x7ff6f0db68a8 in setupInstanceWithTask (test_zcu.obj)
           const inst_id_hex = try uuidToHexStr(allocator, inst.instance_id);
                                               ^
       C:\Users\tvolo\dev\ai-dala\My-Fab\tests\integration\concurrent_instances_test.zig:288:50: 0x7ff6f0dbbfb0 in test.TC-EE-12-01/03: 100 concurrent task completions on distinct instances all succeed (test_zcu.obj)
               const task_id = try setupInstanceWithTask(
                                                        ^
       C:\Users\tvolo\AppData\Local\Microsoft\WinGet\Packages\zig.zig_Microsoft.Winget.Source_8wekyb3d8bbwe\zig-x86_64-windows-0.16.0\lib\compiler\test_runner.zig:140:68: 0x7ff6f077e95c in mainServer (test_zcu.obj)
                       const status: TestResults.Status = if (test_fn.func()) |v| s: {
                                                                          ^
       C:\Users\tvolo\AppData\Local\Microsoft\WinGet\Packages\zig.zig_Microsoft.Winget.Source_8wekyb3d8bbwe\zig-x86_64-windows-0.16.0\lib\compiler\test_runner.zig:71:26: 0x7ff6f077eff9 in main (test_zcu.obj)
               return mainServer(init) catch |err| panic("internal test runner failure: {t}", .{err});
                                ^
       C:\Users\tvolo\AppData\Local\Microsoft\WinGet\Packages\zig.zig_Microsoft.Winget.Source_8wekyb3d8bbwe\zig-x86_64-windows-0.16.0\lib\std\start.zig:699: 0x7ff6f077d1cc in callMain (test_zcu.obj)
           if (fn_info.params[0].type.? == std.process.Init.Minimal) return wrapMain(root.main(.{
       
       C:\Users\tvolo\AppData\Local\Microsoft\WinGet\Packages\zig.zig_Microsoft.Winget.Source_8wekyb3d8bbwe\zig-x86_64-windows-0.16.0\lib\std\start.zig:485:17: 0x7ff6f077d1cc in WinStartup (test_zcu.obj)
               callMain(std.os.windows.peb().ProcessParameters.CommandLine.slice(), .global),
                       ^
       ???:?:?: 0x7ffd06bee956 in ??? (KERNEL32.DLL)
       ???:?:?: 0x7ffd0768427b in ??? (ntdll.dll)
       
       [DebugAllocator] (err): memory address 0x1d3f90528c0 leaked: 
       C:\Users\tvolo\AppData\Local\Microsoft\WinGet\Packages\zig.zig_Microsoft.Winget.Source_8wekyb3d8bbwe\zig-x86_64-windows-0.16.0\lib\std\fmt.zig:636:27: 0x7ff6f07b9e46 in allocPrint__anon_67376 (test_zcu.obj)
           return aw.toOwnedSlice();
                                 ^
       C:\Users\tvolo\dev\ai-dala\My-Fab\tests\integration\concurrent_instances_test.zig:94:30: 0x7ff6f0db66fa in uuidToHexStr (test_zcu.obj)
           return std.fmt.allocPrint(
                                    ^
       C:\Users\tvolo\dev\ai-dala\My-Fab\tests\integration\concurrent_instances_test.zig:160:41: 0x7ff6f0db68a8 in setupInstanceWithTask (test_zcu.obj)
           const inst_id_hex = try uuidToHexStr(allocator, inst.instance_id);
                                               ^
       C:\Users\tvolo\dev\ai-dala\My-Fab\tests\integration\concurrent_instances_test.zig:288:50: 0x7ff6f0dbbfb0 in test.TC-EE-12-01/03: 100 concurrent task completions on distinct instances all succeed (test_zcu.obj)
               const task_id = try setupInstanceWithTask(
                                                        ^
       C:\Users\tvolo\AppData\Local\Microsoft\WinGet\Packages\zig.zig_Microsoft.Winget.Source_8wekyb3d8bbwe\zig-x86_64-windows-0.16.0\lib\compiler\test_runner.zig:140:68: 0x7ff6f077e95c in mainServer (test_zcu.obj)
                       const status: TestResults.Status = if (test_fn.func()) |v| s: {
                                                                          ^
       C:\Users\tvolo\AppData\Local\Microsoft\WinGet\Packages\zig.zig_Microsoft.Winget.Source_8wekyb3d8bbwe\zig-x86_64-windows-0.16.0\lib\compiler\test_runner.zig:71:26: 0x7ff6f077eff9 in main (test_zcu.obj)
               return mainServer(init) catch |err| panic("internal test runner failure: {t}", .{err});
                                ^
       C:\Users\tvolo\AppData\Local\Microsoft\WinGet\Packages\zig.zig_Microsoft.Winget.Source_8wekyb3d8bbwe\zig-x86_64-windows-0.16.0\lib\std\start.zig:699: 0x7ff6f077d1cc in callMain (test_zcu.obj)
           if (fn_info.params[0].type.? == std.process.Init.Minimal) return wrapMain(root.main(.{
       
       C:\Users\tvolo\AppData\Local\Microsoft\WinGet\Packages\zig.zig_Microsoft.Winget.Source_8wekyb3d8bbwe\zig-x86_64-windows-0.16.0\lib\std\start.zig:485:17: 0x7ff6f077d1cc in WinStartup (test_zcu.obj)
               callMain(std.os.windows.peb().ProcessParameters.CommandLine.slice(), .global),
                       ^
       ???:?:?: 0x7ffd06bee956 in ??? (KERNEL32.DLL)
       ???:?:?: 0x7ffd0768427b in ??? (ntdll.dll)
       
       [DebugAllocator] (err): memory address 0x1d3f9052bc0 leaked: 
       C:\Users\tvolo\AppData\Local\Microsoft\WinGet\Packages\zig.zig_Microsoft.Winget.Source_8wekyb3d8bbwe\zig-x86_64-windows-0.16.0\lib\std\fmt.zig:636:27: 0x7ff6f07b9e46 in allocPrint__anon_67376 (test_zcu.obj)
           return aw.toOwnedSlice();
                                 ^
       C:\Users\tvolo\dev\ai-dala\My-Fab\tests\integration\concurrent_instances_test.zig:94:30: 0x7ff6f0db66fa in uuidToHexStr (test_zcu.obj)
           return std.fmt.allocPrint(
                                    ^
       C:\Users\tvolo\dev\ai-dala\My-Fab\tests\integration\concurrent_instances_test.zig:160:41: 0x7ff6f0db68a8 in setupInstanceWithTask (test_zcu.obj)
           const inst_id_hex = try uuidToHexStr(allocator, inst.instance_id);
                                               ^
       C:\Users\tvolo\dev\ai-dala\My-Fab\tests\integration\concurrent_instances_test.zig:288:50: 0x7ff6f0dbbfb0 in test.TC-EE-12-01/03: 100 concurrent task completions on distinct instances all succeed (test_zcu.obj)
               const task_id = try setupInstanceWithTask(
                                                        ^
       C:\Users\tvolo\AppData\Local\Microsoft\WinGet\Packages\zig.zig_Microsoft.Winget.Source_8wekyb3d8bbwe\zig-x86_64-windows-0.16.0\lib\compiler\test_runner.zig:140:68: 0x7ff6f077e95c in mainServer (test_zcu.obj)
                       const status: TestResults.Status = if (test_fn.func()) |v| s: {
                                                                          ^
       C:\Users\tvolo\AppData\Local\Microsoft\WinGet\Packages\zig.zig_Microsoft.Winget.Source_8wekyb3d8bbwe\zig-x86_64-windows-0.16.0\lib\compiler\test_runner.zig:71:26: 0x7ff6f077eff9 in main (test_zcu.obj)
               return mainServer(init) catch |err| panic("internal test runner failure: {t}", .{err});
                                ^
       C:\Users\tvolo\AppData\Local\Microsoft\WinGet\Packages\zig.zig_Microsoft.Winget.Source_8wekyb3d8bbwe\zig-x86_64-windows-0.16.0\lib\std\start.zig:699: 0x7ff6f077d1cc in callMain (test_zcu.obj)
           if (fn_info.params[0].type.? == std.process.Init.Minimal) return wrapMain(root.main(.{
       
       C:\Users\tvolo\AppData\Local\Microsoft\WinGet\Packages\zig.zig_Microsoft.Winget.Source_8wekyb3d8bbwe\zig-x86_64-windows-0.16.0\lib\std\start.zig:485:17: 0x7ff6f077d1cc in WinStartup (test_zcu.obj)
               callMain(std.os.windows.peb().ProcessParameters.CommandLine.slice(), .global),
                       ^
       ???:?:?: 0x7ffd06bee956 in ??? (KERNEL32.DLL)
       ???:?:?: 0x7ffd0768427b in ??? (ntdll.dll)
       
       [DebugAllocator] (err): memory address 0x1d3f9052ec0 leaked: 
       C:\Users\tvolo\AppData\Local\Microsoft\WinGet\Packages\zig.zig_Microsoft.Winget.Source_8wekyb3d8bbwe\zig-x86_64-windows-0.16.0\lib\std\fmt.zig:636:27: 0x7ff6f07b9e46 in allocPrint__anon_67376 (test_zcu.obj)
           return aw.toOwnedSlice();
                                 ^
       C:\Users\tvolo\dev\ai-dala\My-Fab\tests\integration\concurrent_instances_test.zig:94:30: 0x7ff6f0db66fa in uuidToHexStr (test_zcu.obj)
           return std.fmt.allocPrint(
                                    ^
       C:\Users\tvolo\dev\ai-dala\My-Fab\tests\integration\concurrent_instances_test.zig:160:41: 0x7ff6f0db68a8 in setupInstanceWithTask (test_zcu.obj)
           const inst_id_hex = try uuidToHexStr(allocator, inst.instance_id);
                                               ^
       C:\Users\tvolo\dev\ai-dala\My-Fab\tests\integration\concurrent_instances_test.zig:288:50: 0x7ff6f0dbbfb0 in test.TC-EE-12-01/03: 100 concurrent task completions on distinct instances all succeed (test_zcu.obj)
               const task_id = try setupInstanceWithTask(
                                                        ^
       C:\Users\tvolo\AppData\Local\Microsoft\WinGet\Packages\zig.zig_Microsoft.Winget.Source_8wekyb3d8bbwe\zig-x86_64-windows-0.16.0\lib\compiler\test_runner.zig:140:68: 0x7ff6f077e95c in mainServer (test_zcu.obj)
                       const status: TestResults.Status = if (test_fn.func()) |v| s: {
                                                                          ^
       C:\Users\tvolo\AppData\Local\Microsoft\WinGet\Packages\zig.zig_Microsoft.Winget.Source_8wekyb3d8bbwe\zig-x86_64-windows-0.16.0\lib\compiler\test_runner.zig:71:26: 0x7ff6f077eff9 in main (test_zcu.obj)
               return mainServer(init) catch |err| panic("internal test runner failure: {t}", .{err});
                                ^
       C:\Users\tvolo\AppData\Local\Microsoft\WinGet\Packages\zig.zig_Microsoft.Winget.Source_8wekyb3d8bbwe\zig-x86_64-windows-0.16.0\lib\std\start.zig:699: 0x7ff6f077d1cc in callMain (test_zcu.obj)
           if (fn_info.params[0].type.? == std.process.Init.Minimal) return wrapMain(root.main(.{
       
       C:\Users\tvolo\AppData\Local\Microsoft\WinGet\Packages\zig.zig_Microsoft.Winget.Source_8wekyb3d8bbwe\zig-x86_64-windows-0.16.0\lib\std\start.zig:485:17: 0x7ff6f077d1cc in WinStartup (test_zcu.obj)
               callMain(std.os.windows.peb().ProcessParameters.CommandLine.slice(), .global),
                       ^
       ???:?:?: 0x7ffd06bee956 in ??? (KERNEL32.DLL)
       ???:?:?: 0x7ffd0768427b in ??? (ntdll.dll)
       
       [DebugAllocator] (err): memory address 0x1d3f90531c0 leaked: 
       C:\Users\tvolo\AppData\Local\Microsoft\WinGet\Packages\zig.zig_Microsoft.Winget.Source_8wekyb3d8bbwe\zig-x86_64-windows-0.16.0\lib\std\fmt.zig:636:27: 0x7ff6f07b9e46 in allocPrint__anon_67376 (test_zcu.obj)
           return aw.toOwnedSlice();
                                 ^
       C:\Users\tvolo\dev\ai-dala\My-Fab\tests\integration\concurrent_instances_test.zig:94:30: 0x7ff6f0db66fa in uuidToHexStr (test_zcu.obj)
           return std.fmt.allocPrint(
                                    ^
       C:\Users\tvolo\dev\ai-dala\My-Fab\tests\integration\concurrent_instances_test.zig:160:41: 0x7ff6f0db68a8 in setupInstanceWithTask (test_zcu.obj)
           const inst_id_hex = try uuidToHexStr(allocator, inst.instance_id);
                                               ^
       C:\Users\tvolo\dev\ai-dala\My-Fab\tests\integration\concurrent_instances_test.zig:288:50: 0x7ff6f0dbbfb0 in test.TC-EE-12-01/03: 100 concurrent task completions on distinct instances all succeed (test_zcu.obj)
               const task_id = try setupInstanceWithTask(
                                                        ^
       C:\Users\tvolo\AppData\Local\Microsoft\WinGet\Packages\zig.zig_Microsoft.Winget.Source_8wekyb3d8bbwe\zig-x86_64-windows-0.16.0\lib\compiler\test_runner.zig:140:68: 0x7ff6f077e95c in mainServer (test_zcu.obj)
                       const status: TestResults.Status = if (test_fn.func()) |v| s: {
                                                                          ^
       C:\Users\tvolo\AppData\Local\Microsoft\WinGet\Packages\zig.zig_Microsoft.Winget.Source_8wekyb3d8bbwe\zig-x86_64-windows-0.16.0\lib\compiler\test_runner.zig:71:26: 0x7ff6f077eff9 in main (test_zcu.obj)
               return mainServer(init) catch |err| panic("internal test runner failure: {t}", .{err});
                                ^
       C:\Users\tvolo\AppData\Local\Microsoft\WinGet\Packages\zig.zig_Microsoft.Winget.Source_8wekyb3d8bbwe\zig-x86_64-windows-0.16.0\lib\std\start.zig:699: 0x7ff6f077d1cc in callMain (test_zcu.obj)
           if (fn_info.params[0].type.? == std.process.Init.Minimal) return wrapMain(root.main(.{
       
       C:\Users\tvolo\AppData\Local\Microsoft\WinGet\Packages\zig.zig_Microsoft.Winget.Source_8wekyb3d8bbwe\zig-x86_64-windows-0.16.0\lib\std\start.zig:485:17: 0x7ff6f077d1cc in WinStartup (test_zcu.obj)
               callMain(std.os.windows.peb().ProcessParameters.CommandLine.slice(), .global),
                       ^
       ???:?:?: 0x7ffd06bee956 in ??? (KERNEL32.DLL)
       ???:?:?: 0x7ffd0768427b in ??? (ntdll.dll)
       
       [DebugAllocator] (err): memory address 0x1d3f90534c0 leaked: 
       C:\Users\tvolo\AppData\Local\Microsoft\WinGet\Packages\zig.zig_Microsoft.Winget.Source_8wekyb3d8bbwe\zig-x86_64-windows-0.16.0\lib\std\fmt.zig:636:27: 0x7ff6f07b9e46 in allocPrint__anon_67376 (test_zcu.obj)
           return aw.toOwnedSlice();
                                 ^
       C:\Users\tvolo\dev\ai-dala\My-Fab\tests\integration\concurrent_instances_test.zig:94:30: 0x7ff6f0db66fa in uuidToHexStr (test_zcu.obj)
           return std.fmt.allocPrint(
                                    ^
       C:\Users\tvolo\dev\ai-dala\My-Fab\tests\integration\concurrent_instances_test.zig:160:41: 0x7ff6f0db68a8 in setupInstanceWithTask (test_zcu.obj)
           const inst_id_hex = try uuidToHexStr(allocator, inst.instance_id);
                                               ^
       C:\Users\tvolo\dev\ai-dala\My-Fab\tests\integration\concurrent_instances_test.zig:288:50: 0x7ff6f0dbbfb0 in test.TC-EE-12-01/03: 100 concurrent task completions on distinct instances all succeed (test_zcu.obj)
               const task_id = try setupInstanceWithTask(
                                                        ^
       C:\Users\tvolo\AppData\Local\Microsoft\WinGet\Packages\zig.zig_Microsoft.Winget.Source_8wekyb3d8bbwe\zig-x86_64-windows-0.16.0\lib\compiler\test_runner.zig:140:68: 0x7ff6f077e95c in mainServer (test_zcu.obj)
                       const status: TestResults.Status = if (test_fn.func()) |v| s: {
                                                                          ^
       C:\Users\tvolo\AppData\Local\Microsoft\WinGet\Packages\zig.zig_Microsoft.Winget.Source_8wekyb3d8bbwe\zig-x86_64-windows-0.16.0\lib\compiler\test_runner.zig:71:26: 0x7ff6f077eff9 in main (test_zcu.obj)
               return mainServer(init) catch |err| panic("internal test runner failure: {t}", .{err});
                                ^
       C:\Users\tvolo\AppData\Local\Microsoft\WinGet\Packages\zig.zig_Microsoft.Winget.Source_8wekyb3d8bbwe\zig-x86_64-windows-0.16.0\lib\std\start.zig:699: 0x7ff6f077d1cc in callMain (test_zcu.obj)
           if (fn_info.params[0].type.? == std.process.Init.Minimal) return wrapMain(root.main(.{
       
       C:\Users\tvolo\AppData\Local\Microsoft\WinGet\Packages\zig.zig_Microsoft.Winget.Source_8wekyb3d8bbwe\zig-x86_64-windows-0.16.0\lib\std\start.zig:485:17: 0x7ff6f077d1cc in WinStartup (test_zcu.obj)
               callMain(std.os.windows.peb().ProcessParameters.CommandLine.slice(), .global),
                       ^
       ???:?:?: 0x7ffd06bee956 in ??? (KERNEL32.DLL)
       ???:?:?: 0x7ffd0768427b in ??? (ntdll.dll)
       
       [DebugAllocator] (err): memory address 0x1d3f90537c0 leaked: 
       C:\Users\tvolo\AppData\Local\Microsoft\WinGet\Packages\zig.zig_Microsoft.Winget.Source_8wekyb3d8bbwe\zig-x86_64-windows-0.16.0\lib\std\fmt.zig:636:27: 0x7ff6f07b9e46 in allocPrint__anon_67376 (test_zcu.obj)
           return aw.toOwnedSlice();
                                 ^
       C:\Users\tvolo\dev\ai-dala\My-Fab\tests\integration\concurrent_instances_test.zig:94:30: 0x7ff6f0db66fa in uuidToHexStr (test_zcu.obj)
           return std.fmt.allocPrint(
                                    ^
       C:\Users\tvolo\dev\ai-dala\My-Fab\tests\integration\concurrent_instances_test.zig:160:41: 0x7ff6f0db68a8 in setupInstanceWithTask (test_zcu.obj)
           const inst_id_hex = try uuidToHexStr(allocator, inst.instance_id);
                                               ^
       C:\Users\tvolo\dev\ai-dala\My-Fab\tests\integration\concurrent_instances_test.zig:288:50: 0x7ff6f0dbbfb0 in test.TC-EE-12-01/03: 100 concurrent task completions on distinct instances all succeed (test_zcu.obj)
               const task_id = try setupInstanceWithTask(
                                                        ^
       C:\Users\tvolo\AppData\Local\Microsoft\WinGet\Packages\zig.zig_Microsoft.Winget.Source_8wekyb3d8bbwe\zig-x86_64-windows-0.16.0\lib\compiler\test_runner.zig:140:68: 0x7ff6f077e95c in mainServer (test_zcu.obj)
                       const status: TestResults.Status = if (test_fn.func()) |v| s: {
                                                                          ^
       C:\Users\tvolo\AppData\Local\Microsoft\WinGet\Packages\zig.zig_Microsoft.Winget.Source_8wekyb3d8bbwe\zig-x86_64-windows-0.16.0\lib\compiler\test_runner.zig:71:26: 0x7ff6f077eff9 in main (test_zcu.obj)
               return mainServer(init) catch |err| panic("internal test runner failure: {t}", .{err});
                                ^
       C:\Users\tvolo\AppData\Local\Microsoft\WinGet\Packages\zig.zig_Microsoft.Winget.Source_8wekyb3d8bbwe\zig-x86_64-windows-0.16.0\lib\std\start.zig:699: 0x7ff6f077d1cc in callMain (test_zcu.obj)
           if (fn_info.params[0].type.? == std.process.Init.Minimal) return wrapMain(root.main(.{
       
       C:\Users\tvolo\AppData\Local\Microsoft\WinGet\Packages\zig.zig_Microsoft.Winget.Source_8wekyb3d8bbwe\zig-x86_64-windows-0.16.0\lib\std\start.zig:485:17: 0x7ff6f077d1cc in WinStartup (test_zcu.obj)
               callMain(std.os.windows.peb().ProcessParameters.CommandLine.slice(), .global),
                       ^
       ???:?:?: 0x7ffd06bee956 in ??? (KERNEL32.DLL)
       ???:?:?: 0x7ffd0768427b in ??? (ntdll.dll)
       
       [DebugAllocator] (err): memory address 0x1d3f9053ac0 leaked: 
       C:\Users\tvolo\AppData\Local\Microsoft\WinGet\Packages\zig.zig_Microsoft.Winget.Source_8wekyb3d8bbwe\zig-x86_64-windows-0.16.0\lib\std\fmt.zig:636:27: 0x7ff6f07b9e46 in allocPrint__anon_67376 (test_zcu.obj)
           return aw.toOwnedSlice();
                                 ^
       C:\Users\tvolo\dev\ai-dala\My-Fab\tests\integration\concurrent_instances_test.zig:94:30: 0x7ff6f0db66fa in uuidToHexStr (test_zcu.obj)
           return std.fmt.allocPrint(
                                    ^
       C:\Users\tvolo\dev\ai-dala\My-Fab\tests\integration\concurrent_instances_test.zig:160:41: 0x7ff6f0db68a8 in setupInstanceWithTask (test_zcu.obj)
           const inst_id_hex = try uuidToHexStr(allocator, inst.instance_id);
                                               ^
       C:\Users\tvolo\dev\ai-dala\My-Fab\tests\integration\concurrent_instances_test.zig:288:50: 0x7ff6f0dbbfb0 in test.TC-EE-12-01/03: 100 concurrent task completions on distinct instances all succeed (test_zcu.obj)
               const task_id = try setupInstanceWithTask(
                                                        ^
       C:\Users\tvolo\AppData\Local\Microsoft\WinGet\Packages\zig.zig_Microsoft.Winget.Source_8wekyb3d8bbwe\zig-x86_64-windows-0.16.0\lib\compiler\test_runner.zig:140:68: 0x7ff6f077e95c in mainServer (test_zcu.obj)
                       const status: TestResults.Status = if (test_fn.func()) |v| s: {
                                                                          ^
       C:\Users\tvolo\AppData\Local\Microsoft\WinGet\Packages\zig.zig_Microsoft.Winget.Source_8wekyb3d8bbwe\zig-x86_64-windows-0.16.0\lib\compiler\test_runner.zig:71:26: 0x7ff6f077eff9 in main (test_zcu.obj)
               return mainServer(init) catch |err| panic("internal test runner failure: {t}", .{err});
                                ^
       C:\Users\tvolo\AppData\Local\Microsoft\WinGet\Packages\zig.zig_Microsoft.Winget.Source_8wekyb3d8bbwe\zig-x86_64-windows-0.16.0\lib\std\start.zig:699: 0x7ff6f077d1cc in callMain (test_zcu.obj)
           if (fn_info.params[0].type.? == std.process.Init.Minimal) return wrapMain(root.main(.{
       
       C:\Users\tvolo\AppData\Local\Microsoft\WinGet\Packages\zig.zig_Microsoft.Winget.Source_8wekyb3d8bbwe\zig-x86_64-windows-0.16.0\lib\std\start.zig:485:17: 0x7ff6f077d1cc in WinStartup (test_zcu.obj)
               callMain(std.os.windows.peb().ProcessParameters.CommandLine.slice(), .global),
                       ^
       ???:?:?: 0x7ffd06bee956 in ??? (KERNEL32.DLL)
       ???:?:?: 0x7ffd0768427b in ??? (ntdll.dll)
       
       [DebugAllocator] (err): memory address 0x1d3f9053dc0 leaked: 
       C:\Users\tvolo\AppData\Local\Microsoft\WinGet\Packages\zig.zig_Microsoft.Winget.Source_8wekyb3d8bbwe\zig-x86_64-windows-0.16.0\lib\std\fmt.zig:636:27: 0x7ff6f07b9e46 in allocPrint__anon_67376 (test_zcu.obj)
           return aw.toOwnedSlice();
                                 ^
       C:\Users\tvolo\dev\ai-dala\My-Fab\tests\integration\concurrent_instances_test.zig:94:30: 0x7ff6f0db66fa in uuidToHexStr (test_zcu.obj)
           return std.fmt.allocPrint(
                                    ^
       C:\Users\tvolo\dev\ai-dala\My-Fab\tests\integration\concurrent_instances_test.zig:160:41: 0x7ff6f0db68a8 in setupInstanceWithTask (test_zcu.obj)
           const inst_id_hex = try uuidToHexStr(allocator, inst.instance_id);
                                               ^
       C:\Users\tvolo\dev\ai-dala\My-Fab\tests\integration\concurrent_instances_test.zig:288:50: 0x7ff6f0dbbfb0 in test.TC-EE-12-01/03: 100 concurrent task completions on distinct instances all succeed (test_zcu.obj)
               const task_id = try setupInstanceWithTask(
                                                        ^
       C:\Users\tvolo\AppData\Local\Microsoft\WinGet\Packages\zig.zig_Microsoft.Winget.Source_8wekyb3d8bbwe\zig-x86_64-windows-0.16.0\lib\compiler\test_runner.zig:140:68: 0x7ff6f077e95c in mainServer (test_zcu.obj)
                       const status: TestResults.Status = if (test_fn.func()) |v| s: {
                                                                          ^
       C:\Users\tvolo\AppData\Local\Microsoft\WinGet\Packages\zig.zig_Microsoft.Winget.Source_8wekyb3d8bbwe\zig-x86_64-windows-0.16.0\lib\compiler\test_runner.zig:71:26: 0x7ff6f077eff9 in main (test_zcu.obj)
               return mainServer(init) catch |err| panic("internal test runner failure: {t}", .{err});
                                ^
       C:\Users\tvolo\AppData\Local\Microsoft\WinGet\Packages\zig.zig_Microsoft.Winget.Source_8wekyb3d8bbwe\zig-x86_64-windows-0.16.0\lib\std\start.zig:699: 0x7ff6f077d1cc in callMain (test_zcu.obj)
           if (fn_info.params[0].type.? == std.process.Init.Minimal) return wrapMain(root.main(.{
       
       C:\Users\tvolo\AppData\Local\Microsoft\WinGet\Packages\zig.zig_Microsoft.Winget.Source_8wekyb3d8bbwe\zig-x86_64-windows-0.16.0\lib\std\start.zig:485:17: 0x7ff6f077d1cc in WinStartup (test_zcu.obj)
               callMain(std.os.windows.peb().ProcessParameters.CommandLine.slice(), .global),
                       ^
       ???:?:?: 0x7ffd06bee956 in ??? (KERNEL32.DLL)
       ???:?:?: 0x7ffd0768427b in ??? (ntdll.dll)
       
       [DebugAllocator] (err): memory address 0x1d3f90540c0 leaked: 
       C:\Users\tvolo\AppData\Local\Microsoft\WinGet\Packages\zig.zig_Microsoft.Winget.Source_8wekyb3d8bbwe\zig-x86_64-windows-0.16.0\lib\std\fmt.zig:636:27: 0x7ff6f07b9e46 in allocPrint__anon_67376 (test_zcu.obj)
           return aw.toOwnedSlice();
                                 ^
       C:\Users\tvolo\dev\ai-dala\My-Fab\tests\integration\concurrent_instances_test.zig:94:30: 0x7ff6f0db66fa in uuidToHexStr (test_zcu.obj)
           return std.fmt.allocPrint(
                                    ^
       C:\Users\tvolo\dev\ai-dala\My-Fab\tests\integration\concurrent_instances_test.zig:160:41: 0x7ff6f0db68a8 in setupInstanceWithTask (test_zcu.obj)
           const inst_id_hex = try uuidToHexStr(allocator, inst.instance_id);
                                               ^
       C:\Users\tvolo\dev\ai-dala\My-Fab\tests\integration\concurrent_instances_test.zig:288:50: 0x7ff6f0dbbfb0 in test.TC-EE-12-01/03: 100 concurrent task completions on distinct instances all succeed (test_zcu.obj)
               const task_id = try setupInstanceWithTask(
                                                        ^
       C:\Users\tvolo\AppData\Local\Microsoft\WinGet\Packages\zig.zig_Microsoft.Winget.Source_8wekyb3d8bbwe\zig-x86_64-windows-0.16.0\lib\compiler\test_runner.zig:140:68: 0x7ff6f077e95c in mainServer (test_zcu.obj)
                       const status: TestResults.Status = if (test_fn.func()) |v| s: {
                                                                          ^
       C:\Users\tvolo\AppData\Local\Microsoft\WinGet\Packages\zig.zig_Microsoft.Winget.Source_8wekyb3d8bbwe\zig-x86_64-windows-0.16.0\lib\compiler\test_runner.zig:71:26: 0x7ff6f077eff9 in main (test_zcu.obj)
               return mainServer(init) catch |err| panic("internal test runner failure: {t}", .{err});
                                ^
       C:\Users\tvolo\AppData\Local\Microsoft\WinGet\Packages\zig.zig_Microsoft.Winget.Source_8wekyb3d8bbwe\zig-x86_64-windows-0.16.0\lib\std\start.zig:699: 0x7ff6f077d1cc in callMain (test_zcu.obj)
           if (fn_info.params[0].type.? == std.process.Init.Minimal) return wrapMain(root.main(.{
       
       C:\Users\tvolo\AppData\Local\Microsoft\WinGet\Packages\zig.zig_Microsoft.Winget.Source_8wekyb3d8bbwe\zig-x86_64-windows-0.16.0\lib\std\start.zig:485:17: 0x7ff6f077d1cc in WinStartup (test_zcu.obj)
               callMain(std.os.windows.peb().ProcessParameters.CommandLine.slice(), .global),
                       ^
       ???:?:?: 0x7ffd06bee956 in ??? (KERNEL32.DLL)
       ???:?:?: 0x7ffd0768427b in ??? (ntdll.dll)
       
       [DebugAllocator] (err): memory address 0x1d3f90543c0 leaked: 
       C:\Users\tvolo\AppData\Local\Microsoft\WinGet\Packages\zig.zig_Microsoft.Winget.Source_8wekyb3d8bbwe\zig-x86_64-windows-0.16.0\lib\std\fmt.zig:636:27: 0x7ff6f07b9e46 in allocPrint__anon_67376 (test_zcu.obj)
           return aw.toOwnedSlice();
                                 ^
       C:\Users\tvolo\dev\ai-dala\My-Fab\tests\integration\concurrent_instances_test.zig:94:30: 0x7ff6f0db66fa in uuidToHexStr (test_zcu.obj)
           return std.fmt.allocPrint(
                                    ^
       C:\Users\tvolo\dev\ai-dala\My-Fab\tests\integration\concurrent_instances_test.zig:160:41: 0x7ff6f0db68a8 in setupInstanceWithTask (test_zcu.obj)
           const inst_id_hex = try uuidToHexStr(allocator, inst.instance_id);
                                               ^
       C:\Users\tvolo\dev\ai-dala\My-Fab\tests\integration\concurrent_instances_test.zig:288:50: 0x7ff6f0dbbfb0 in test.TC-EE-12-01/03: 100 concurrent task completions on distinct instances all succeed (test_zcu.obj)
               const task_id = try setupInstanceWithTask(
                                                        ^
       C:\Users\tvolo\AppData\Local\Microsoft\WinGet\Packages\zig.zig_Microsoft.Winget.Source_8wekyb3d8bbwe\zig-x86_64-windows-0.16.0\lib\compiler\test_runner.zig:140:68: 0x7ff6f077e95c in mainServer (test_zcu.obj)
                       const status: TestResults.Status = if (test_fn.func()) |v| s: {
                                                                          ^
       C:\Users\tvolo\AppData\Local\Microsoft\WinGet\Packages\zig.zig_Microsoft.Winget.Source_8wekyb3d8bbwe\zig-x86_64-windows-0.16.0\lib\compiler\test_runner.zig:71:26: 0x7ff6f077eff9 in main (test_zcu.obj)
               return mainServer(init) catch |err| panic("internal test runner failure: {t}", .{err});
                                ^
       C:\Users\tvolo\AppData\Local\Microsoft\WinGet\Packages\zig.zig_Microsoft.Winget.Source_8wekyb3d8bbwe\zig-x86_64-windows-0.16.0\lib\std\start.zig:699: 0x7ff6f077d1cc in callMain (test_zcu.obj)
           if (fn_info.params[0].type.? == std.process.Init.Minimal) return wrapMain(root.main(.{
       
       C:\Users\tvolo\AppData\Local\Microsoft\WinGet\Packages\zig.zig_Microsoft.Winget.Source_8wekyb3d8bbwe\zig-x86_64-windows-0.16.0\lib\std\start.zig:485:17: 0x7ff6f077d1cc in WinStartup (test_zcu.obj)
               callMain(std.os.windows.peb().ProcessParameters.CommandLine.slice(), .global),
                       ^
       ???:?:?: 0x7ffd06bee956 in ??? (KERNEL32.DLL)
       ???:?:?: 0x7ffd0768427b in ??? (ntdll.dll)
       
       [DebugAllocator] (err): memory address 0x1d3f90546c0 leaked: 
       C:\Users\tvolo\AppData\Local\Microsoft\WinGet\Packages\zig.zig_Microsoft.Winget.Source_8wekyb3d8bbwe\zig-x86_64-windows-0.16.0\lib\std\fmt.zig:636:27: 0x7ff6f07b9e46 in allocPrint__anon_67376 (test_zcu.obj)
           return aw.toOwnedSlice();
                                 ^
       C:\Users\tvolo\dev\ai-dala\My-Fab\tests\integration\concurrent_instances_test.zig:94:30: 0x7ff6f0db66fa in uuidToHexStr (test_zcu.obj)
           return std.fmt.allocPrint(
                                    ^
       C:\Users\tvolo\dev\ai-dala\My-Fab\tests\integration\concurrent_instances_test.zig:160:41: 0x7ff6f0db68a8 in setupInstanceWithTask (test_zcu.obj)
           const inst_id_hex = try uuidToHexStr(allocator, inst.instance_id);
                                               ^
       C:\Users\tvolo\dev\ai-dala\My-Fab\tests\integration\concurrent_instances_test.zig:288:50: 0x7ff6f0dbbfb0 in test.TC-EE-12-01/03: 100 concurrent task completions on distinct instances all succeed (test_zcu.obj)
               const task_id = try setupInstanceWithTask(
                                                        ^
       C:\Users\tvolo\AppData\Local\Microsoft\WinGet\Packages\zig.zig_Microsoft.Winget.Source_8wekyb3d8bbwe\zig-x86_64-windows-0.16.0\lib\compiler\test_runner.zig:140:68: 0x7ff6f077e95c in mainServer (test_zcu.obj)
                       const status: TestResults.Status = if (test_fn.func()) |v| s: {
                                                                          ^
       C:\Users\tvolo\AppData\Local\Microsoft\WinGet\Packages\zig.zig_Microsoft.Winget.Source_8wekyb3d8bbwe\zig-x86_64-windows-0.16.0\lib\compiler\test_runner.zig:71:26: 0x7ff6f077eff9 in main (test_zcu.obj)
               return mainServer(init) catch |err| panic("internal test runner failure: {t}", .{err});
                                ^
       C:\Users\tvolo\AppData\Local\Microsoft\WinGet\Packages\zig.zig_Microsoft.Winget.Source_8wekyb3d8bbwe\zig-x86_64-windows-0.16.0\lib\std\start.zig:699: 0x7ff6f077d1cc in callMain (test_zcu.obj)
           if (fn_info.params[0].type.? == std.process.Init.Minimal) return wrapMain(root.main(.{
       
       C:\Users\tvolo\AppData\Local\Microsoft\WinGet\Packages\zig.zig_Microsoft.Winget.Source_8wekyb3d8bbwe\zig-x86_64-windows-0.16.0\lib\std\start.zig:485:17: 0x7ff6f077d1cc in WinStartup (test_zcu.obj)
               callMain(std.os.windows.peb().ProcessParameters.CommandLine.slice(), .global),
                       ^
       ???:?:?: 0x7ffd06bee956 in ??? (KERNEL32.DLL)
       ???:?:?: 0x7ffd0768427b in ??? (ntdll.dll)
error: 'sch01_timer_creation_test.test.TC-SCH-01-02: transition/state/event and timer persistence are committed together' failed:
       C:\Users\tvolo\dev\ai-dala\My-Fab\src\definition\snapshot.zig:259:33: 0x7ff6f08ed69e in getByInstanceId (test_zcu.obj)
               if (rows.rows.len == 0) return SnapshotError.DefinitionNotFound;
                                       ^
       C:\Users\tvolo\dev\ai-dala\My-Fab\src\engine\instance.zig:1228:23: 0x7ff6f0ce1621 in completeTask (test_zcu.obj)
               ) catch |err| return switch (err) {
                             ^
       C:\Users\tvolo\dev\ai-dala\My-Fab\tests\integration\sch01_timer_creation_test.zig:270:9: 0x7ff6f0db305a in test.TC-SCH-01-02: transition/state/event and timer persistence are committed together (test_zcu.obj)
           _ = try inst_store.completeTask(allocator, &task_store, task_id, "{}");
               ^
error: 'sch02_timer_polling_test.test.TC-SCH-04-03: completing a task cancels its pending escalation timer and prevents ESCALATION' failed:
       C:\Users\tvolo\dev\ai-dala\My-Fab\src\definition\snapshot.zig:259:33: 0x7ff6f08ed69e in getByInstanceId (test_zcu.obj)
               if (rows.rows.len == 0) return SnapshotError.DefinitionNotFound;
                                       ^
       C:\Users\tvolo\dev\ai-dala\My-Fab\src\engine\instance.zig:1228:23: 0x7ff6f0ce1621 in completeTask (test_zcu.obj)
               ) catch |err| return switch (err) {
                             ^
       C:\Users\tvolo\dev\ai-dala\My-Fab\tests\integration\sch02_timer_polling_test.zig:410:9: 0x7ff6f0da7d6b in test.TC-SCH-04-03: completing a task cancels its pending escalation timer and prevents ESCALATION (test_zcu.obj)
           _ = try inst_store.completeTask(allocator, &task_store, task_id, "{}");
               ^
error: 'sch02_timer_polling_test.test.TC-SCH-02-02: scheduler skips locked timers and does not fire CANCELLED timers' failed:
       C:\Users\tvolo\dev\ai-dala\My-Fab\tests\integration\sch02_timer_polling_test.zig:200:29: 0x7ff6f0d9fc61 in timerIdForInstance (test_zcu.obj)
           if (rows.rows.len == 0) return error.TimerNotFound;
                                   ^
       C:\Users\tvolo\dev\ai-dala\My-Fab\tests\integration\sch02_timer_polling_test.zig:548:26: 0x7ff6f0da343c in test.TC-SCH-02-02: scheduler skips locked timers and does not fire CANCELLED timers (test_zcu.obj)
           const timer_id_hex = try timerIdForInstance(allocator, &pool, inst_id_hex);
                                ^
error: 'sch02_timer_polling_test.test.TC-SCH-02-03: firing rollback keeps timer PENDING when event append fails' failed:
       C:\Users\tvolo\dev\ai-dala\My-Fab\tests\integration\sch02_timer_polling_test.zig:200:29: 0x7ff6f0d9fc61 in timerIdForInstance (test_zcu.obj)
           if (rows.rows.len == 0) return error.TimerNotFound;
                                   ^
       C:\Users\tvolo\dev\ai-dala\My-Fab\tests\integration\sch02_timer_polling_test.zig:644:26: 0x7ff6f0da0988 in test.TC-SCH-02-03: firing rollback keeps timer PENDING when event append fails (test_zcu.obj)
           const timer_id_hex = try timerIdForInstance(allocator, &pool, inst_id_hex);
                                ^
error: 'sch02_timer_polling_test.test.TC-SCH-03-01: completing an instance cancels pending timers and scheduler does not fire them' failed:
       C:\Users\tvolo\dev\ai-dala\My-Fab\src\definition\snapshot.zig:259:33: 0x7ff6f08ed69e in getByInstanceId (test_zcu.obj)
               if (rows.rows.len == 0) return SnapshotError.DefinitionNotFound;
                                       ^
       C:\Users\tvolo\dev\ai-dala\My-Fab\src\engine\instance.zig:1228:23: 0x7ff6f0ce1621 in completeTask (test_zcu.obj)
               ) catch |err| return switch (err) {
                             ^
       C:\Users\tvolo\dev\ai-dala\My-Fab\tests\integration\sch02_timer_polling_test.zig:747:9: 0x7ff6f0d9e277 in test.TC-SCH-03-01: completing an instance cancels pending timers and scheduler does not fire them (test_zcu.obj)
           _ = try inst_store.completeTask(allocator, &task_store, task_id, "{}");
               ^
error: 'sch02_timer_polling_test.test.TC-SCH-05-12: crash/restart — timer inserted with past fires_at is fired with fired_late=true' failed:
       C:\Users\tvolo\AppData\Local\Microsoft\WinGet\Packages\zig.zig_Microsoft.Winget.Source_8wekyb3d8bbwe\zig-x86_64-windows-0.16.0\lib\std\testing.zig:615:14: 0x7ff6f07a91bf in expect (test_zcu.obj)
           if (!ok) return error.TestUnexpectedResult;
                    ^
       C:\Users\tvolo\dev\ai-dala\My-Fab\tests\integration\sch02_timer_polling_test.zig:1620:5: 0x7ff6f0d8c691 in test.TC-SCH-05-12: crash/restart — timer inserted with past fires_at is fired with fired_late=true (test_zcu.obj)
           try std.testing.expect(rows.rows.len > 0);
           ^
error: 'sch02_timer_polling_test.test.TC-SCH-07-02: finite recurring timer R3/PT1H stops after third firing' failed:
       expected 3, found 2
       C:\Users\tvolo\AppData\Local\Microsoft\WinGet\Packages\zig.zig_Microsoft.Winget.Source_8wekyb3d8bbwe\zig-x86_64-windows-0.16.0\lib\std\testing.zig:118:17: 0x7ff6f07a943a in expectEqualInner__anon_67485 (test_zcu.obj)
                       return error.TestExpectedEqual;
                       ^
       C:\Users\tvolo\AppData\Local\Microsoft\WinGet\Packages\zig.zig_Microsoft.Winget.Source_8wekyb3d8bbwe\zig-x86_64-windows-0.16.0\lib\std\testing.zig:83: 0x7ff6f0d88639 in expectEqual (test_zcu.obj)
           return expectEqualInner(T, expected, actual);
       
       C:\Users\tvolo\AppData\Local\Microsoft\WinGet\Packages\zig.zig_Microsoft.Winget.Source_8wekyb3d8bbwe\zig-x86_64-windows-0.16.0\lib\std\testing.zig:83: 0x7ff6f0d88639 in expectEqual (test_zcu.obj)
           return expectEqualInner(T, expected, actual);
       
       C:\Users\tvolo\AppData\Local\Microsoft\WinGet\Packages\zig.zig_Microsoft.Winget.Source_8wekyb3d8bbwe\zig-x86_64-windows-0.16.0\lib\std\testing.zig:83: 0x7ff6f0d88639 in expectEqual (test_zcu.obj)
           return expectEqualInner(T, expected, actual);
       
       C:\Users\tvolo\AppData\Local\Microsoft\WinGet\Packages\zig.zig_Microsoft.Winget.Source_8wekyb3d8bbwe\zig-x86_64-windows-0.16.0\lib\std\testing.zig:83: 0x7ff6f0d88639 in expectEqual (test_zcu.obj)
           return expectEqualInner(T, expected, actual);
       
       C:\Users\tvolo\AppData\Local\Microsoft\WinGet\Packages\zig.zig_Microsoft.Winget.Source_8wekyb3d8bbwe\zig-x86_64-windows-0.16.0\lib\std\testing.zig:83: 0x7ff6f0d88639 in expectEqual (test_zcu.obj)
           return expectEqualInner(T, expected, actual);
       
       C:\Users\tvolo\AppData\Local\Microsoft\WinGet\Packages\zig.zig_Microsoft.Winget.Source_8wekyb3d8bbwe\zig-x86_64-windows-0.16.0\lib\std\testing.zig:83: 0x7ff6f0d88639 in expectEqual (test_zcu.obj)
           return expectEqualInner(T, expected, actual);
       
       C:\Users\tvolo\AppData\Local\Microsoft\WinGet\Packages\zig.zig_Microsoft.Winget.Source_8wekyb3d8bbwe\zig-x86_64-windows-0.16.0\lib\std\testing.zig:83: 0x7ff6f0d88639 in expectEqual (test_zcu.obj)
           return expectEqualInner(T, expected, actual);
       
       C:\Users\tvolo\AppData\Local\Microsoft\WinGet\Packages\zig.zig_Microsoft.Winget.Source_8wekyb3d8bbwe\zig-x86_64-windows-0.16.0\lib\std\testing.zig:83: 0x7ff6f0d88639 in expectEqual (test_zcu.obj)
           return expectEqualInner(T, expected, actual);
       
       C:\Users\tvolo\AppData\Local\Microsoft\WinGet\Packages\zig.zig_Microsoft.Winget.Source_8wekyb3d8bbwe\zig-x86_64-windows-0.16.0\lib\std\testing.zig:83: 0x7ff6f0d88639 in expectEqual (test_zcu.obj)
           return expectEqualInner(T, expected, actual);
       
       C:\Users\tvolo\AppData\Local\Microsoft\WinGet\Packages\zig.zig_Microsoft.Winget.Source_8wekyb3d8bbwe\zig-x86_64-windows-0.16.0\lib\std\testing.zig:83: 0x7ff6f0d88639 in expectEqual (test_zcu.obj)
           return expectEqualInner(T, expected, actual);
       
       C:\Users\tvolo\AppData\Local\Microsoft\WinGet\Packages\zig.zig_Microsoft.Winget.Source_8wekyb3d8bbwe\zig-x86_64-windows-0.16.0\lib\std\testing.zig:83: 0x7ff6f0d88639 in expectEqual (test_zcu.obj)
           return expectEqualInner(T, expected, actual);
       
       C:\Users\tvolo\AppData\Local\Microsoft\WinGet\Packages\zig.zig_Microsoft.Winget.Source_8wekyb3d8bbwe\zig-x86_64-windows-0.16.0\lib\std\testing.zig:83: 0x7ff6f0d88639 in expectEqual (test_zcu.obj)
           return expectEqualInner(T, expected, actual);
       
       C:\Users\tvolo\AppData\Local\Microsoft\WinGet\Packages\zig.zig_Microsoft.Winget.Source_8wekyb3d8bbwe\zig-x86_64-windows-0.16.0\lib\std\testing.zig:83: 0x7ff6f0d88639 in expectEqual (test_zcu.obj)
           return expectEqualInner(T, expected, actual);
       
       C:\Users\tvolo\AppData\Local\Microsoft\WinGet\Packages\zig.zig_Microsoft.Winget.Source_8wekyb3d8bbwe\zig-x86_64-windows-0.16.0\lib\std\testing.zig:83: 0x7ff6f0d88639 in expectEqual (test_zcu.obj)
           return expectEqualInner(T, expected, actual);
       
       C:\Users\tvolo\AppData\Local\Microsoft\WinGet\Packages\zig.zig_Microsoft.Winget.Source_8wekyb3d8bbwe\zig-x86_64-windows-0.16.0\lib\std\testing.zig:83: 0x7ff6f0d88639 in expectEqual (test_zcu.obj)
           return expectEqualInner(T, expected, actual);
       
       C:\Users\tvolo\AppData\Local\Microsoft\WinGet\Packages\zig.zig_Microsoft.Winget.Source_8wekyb3d8bbwe\zig-x86_64-windows-0.16.0\lib\std\testing.zig:83: 0x7ff6f0d88639 in expectEqual (test_zcu.obj)
           return expectEqualInner(T, expected, actual);
       
       C:\Users\tvolo\AppData\Local\Microsoft\WinGet\Packages\zig.zig_Microsoft.Winget.Source_8wekyb3d8bbwe\zig-x86_64-windows-0.16.0\lib\std\testing.zig:83: 0x7ff6f0d88639 in expectEqual (test_zcu.obj)
           return expectEqualInner(T, expected, actual);
       
       C:\Users\tvolo\AppData\Local\Microsoft\WinGet\Packages\zig.zig_Microsoft.Winget.Source_8wekyb3d8bbwe\zig-x86_64-windows-0.16.0\lib\std\testing.zig:83: 0x7ff6f0d88639 in expectEqual (test_zcu.obj)
           return expectEqualInner(T, expected, actual);
       
       C:\Users\tvolo\AppData\Local\Microsoft\WinGet\Packages\zig.zig_Microsoft.Winget.Source_8wekyb3d8bbwe\zig-x86_64-windows-0.16.0\lib\std\testing.zig:83: 0x7ff6f0d88639 in expectEqual (test_zcu.obj)
           return expectEqualInner(T, expected, actual);
       
       C:\Users\tvolo\AppData\Local\Microsoft\WinGet\Packages\zig.zig_Microsoft.Winget.Source_8wekyb3d8bbwe\zig-x86_64-windows-0.16.0\lib\std\testing.zig:83: 0x7ff6f0d88639 in expectEqual (test_zcu.obj)
           return expectEqualInner(T, expected, actual);
       
       C:\Users\tvolo\AppData\Local\Microsoft\WinGet\Packages\zig.zig_Microsoft.Winget.Source_8wekyb3d8bbwe\zig-x86_64-windows-0.16.0\lib\std\testing.zig:83: 0x7ff6f0d88639 in expectEqual (test_zcu.obj)
           return expectEqualInner(T, expected, actual);
       
       C:\Users\tvolo\AppData\Local\Microsoft\WinGet\Packages\zig.zig_Microsoft.Winget.Source_8wekyb3d8bbwe\zig-x86_64-windows-0.16.0\lib\std\testing.zig:83: 0x7ff6f0d88639 in expectEqual (test_zcu.obj)
           return expectEqualInner(T, expected, actual);
       
       C:\Users\tvolo\AppData\Local\Microsoft\WinGet\Packages\zig.zig_Microsoft.Winget.Source_8wekyb3d8bbwe\zig-x86_64-windows-0.16.0\lib\std\testing.zig:83: 0x7ff6f0d88639 in expectEqual (test_zcu.obj)
           return expectEqualInner(T, expected, actual);
       
       C:\Users\tvolo\AppData\Local\Microsoft\WinGet\Packages\zig.zig_Microsoft.Winget.Source_8wekyb3d8bbwe\zig-x86_64-windows-0.16.0\lib\std\testing.zig:83: 0x7ff6f0d88639 in expectEqual (test_zcu.obj)
           return expectEqualInner(T, expected, actual);
       
       C:\Users\tvolo\AppData\Local\Microsoft\WinGet\Packages\zig.zig_Microsoft.Winget.Source_8wekyb3d8bbwe\zig-x86_64-windows-0.16.0\lib\std\testing.zig:83: 0x7ff6f0d88639 in expectEqual (test_zcu.obj)
           return expectEqualInner(T, expected, actual);
       
       C:\Users\tvolo\AppData\Local\Microsoft\WinGet\Packages\zig.zig_Microsoft.Winget.Source_8wekyb3d8bbwe\zig-x86_64-windows-0.16.0\lib\std\testing.zig:83: 0x7ff6f0d88639 in expectEqual (test_zcu.obj)
           return expectEqualInner(T, expected, actual);
       
       C:\Users\tvolo\AppData\Local\Microsoft\WinGet\Packages\zig.zig_Microsoft.Winget.Source_8wekyb3d8bbwe\zig-x86_64-windows-0.16.0\lib\std\testing.zig:83: 0x7ff6f0d88639 in expectEqual (test_zcu.obj)
           return expectEqualInner(T, expected, actual);
       
       C:\Users\tvolo\AppData\Local\Microsoft\WinGet\Packages\zig.zig_Microsoft.Winget.Source_8wekyb3d8bbwe\zig-x86_64-windows-0.16.0\lib\std\testing.zig:83: 0x7ff6f0d88639 in expectEqual (test_zcu.obj)
           return expectEqualInner(T, expected, actual);
       
       C:\Users\tvolo\AppData\Local\Microsoft\WinGet\Packages\zig.zig_Microsoft.Winget.Source_8wekyb3d8bbwe\zig-x86_64-windows-0.16.0\lib\std\testing.zig:83: 0x7ff6f0d88639 in expectEqual (test_zcu.obj)
           return expectEqualInner(T, expected, actual);
       
       C:\Users\tvolo\AppData\Local\Microsoft\WinGet\Packages\zig.zig_Microsoft.Winget.Source_8wekyb3d8bbwe\zig-x86_64-windows-0.16.0\lib\std\testing.zig:83: 0x7ff6f0d88639 in expectEqual (test_zcu.obj)
           return expectEqualInner(T, expected, actual);
       
       C:\Users\tvolo\AppData\Local\Microsoft\WinGet\Packages\zig.zig_Microsoft.Winget.Source_8wekyb3d8bbwe\zig-x86_64-windows-0.16.0\lib\std\testing.zig:83: 0x7ff6f0d88639 in expectEqual (test_zcu.obj)
           return expectEqualInner(T, expected, actual);
       
       C:\Users\tvolo\AppData\Local\Microsoft\WinGet\Packages\zig.zig_Microsoft.Winget.Source_8wekyb3d8bbwe\zig-x86_64-windows-0.16.0\lib\std\testing.zig:83: 0x7ff6f0d88639 in expectEqual (test_zcu.obj)
           return expectEqualInner(T, expected, actual);
       
       C:\Users\tvolo\AppData\Local\Microsoft\WinGet\Packages\zig.zig_Microsoft.Winget.Source_8wekyb3d8bbwe\zig-x86_64-windows-0.16.0\lib\std\testing.zig:83: 0x7ff6f0d88639 in expectEqual (test_zcu.obj)
           return expectEqualInner(T, expected, actual);
       
       C:\Users\tvolo\AppData\Local\Microsoft\WinGet\Packages\zig.zig_Microsoft.Winget.Source_8wekyb3d8bbwe\zig-x86_64-windows-0.16.0\lib\std\testing.zig:83: 0x7ff6f0d88639 in expectEqual (test_zcu.obj)
           return expectEqualInner(T, expected, actual);
       
       C:\Users\tvolo\AppData\Local\Microsoft\WinGet\Packages\zig.zig_Microsoft.Winget.Source_8wekyb3d8bbwe\zig-x86_64-windows-0.16.0\lib\std\testing.zig:83: 0x7ff6f0d88639 in expectEqual (test_zcu.obj)
           return expectEqualInner(T, expected, actual);
       
       C:\Users\tvolo\AppData\Local\Microsoft\WinGet\Packages\zig.zig_Microsoft.Winget.Source_8wekyb3d8bbwe\zig-x86_64-windows-0.16.0\lib\std\testing.zig:83: 0x7ff6f0d88639 in expectEqual (test_zcu.obj)
           return expectEqualInner(T, expected, actual);
       
       C:\Users\tvolo\AppData\Local\Microsoft\WinGet\Packages\zig.zig_Microsoft.Winget.Source_8wekyb3d8bbwe\zig-x86_64-windows-0.16.0\lib\std\testing.zig:83: 0x7ff6f0d88639 in expectEqual (test_zcu.obj)
           return expectEqualInner(T, expected, actual);
       
       C:\Users\tvolo\AppData\Local\Microsoft\WinGet\Packages\zig.zig_Microsoft.Winget.Source_8wekyb3d8bbwe\zig-x86_64-windows-0.16.0\lib\std\testing.zig:83: 0x7ff6f0d88639 in expectEqual (test_zcu.obj)
           return expectEqualInner(T, expected, actual);
       
       C:\Users\tvolo\AppData\Local\Microsoft\WinGet\Packages\zig.zig_Microsoft.Winget.Source_8wekyb3d8bbwe\zig-x86_64-windows-0.16.0\lib\std\testing.zig:83: 0x7ff6f0d88639 in expectEqual (test_zcu.obj)
           return expectEqualInner(T, expected, actual);
       
       C:\Users\tvolo\AppData\Local\Microsoft\WinGet\Packages\zig.zig_Microsoft.Winget.Source_8wekyb3d8bbwe\zig-x86_64-windows-0.16.0\lib\std\testing.zig:83: 0x7ff6f0d88639 in expectEqual (test_zcu.obj)
           return expectEqualInner(T, expected, actual);
       
       C:\Users\tvolo\AppData\Local\Microsoft\WinGet\Packages\zig.zig_Microsoft.Winget.Source_8wekyb3d8bbwe\zig-x86_64-windows-0.16.0\lib\std\testing.zig:83: 0x7ff6f0d88639 in expectEqual (test_zcu.obj)
           return expectEqualInner(T, expected, actual);
       
       C:\Users\tvolo\AppData\Local\Microsoft\WinGet\Packages\zig.zig_Microsoft.Winget.Source_8wekyb3d8bbwe\zig-x86_64-windows-0.16.0\lib\std\testing.zig:83: 0x7ff6f0d88639 in expectEqual (test_zcu.obj)
           return expectEqualInner(T, expected, actual);
       
       C:\Users\tvolo\AppData\Local\Microsoft\WinGet\Packages\zig.zig_Microsoft.Winget.Source_8wekyb3d8bbwe\zig-x86_64-windows-0.16.0\lib\std\testing.zig:83: 0x7ff6f0d88639 in expectEqual (test_zcu.obj)
           return expectEqualInner(T, expected, actual);
       
       C:\Users\tvolo\AppData\Local\Microsoft\WinGet\Packages\zig.zig_Microsoft.Winget.Source_8wekyb3d8bbwe\zig-x86_64-windows-0.16.0\lib\std\testing.zig:83: 0x7ff6f0d88639 in expectEqual (test_zcu.obj)
           return expectEqualInner(T, expected, actual);
       
       C:\Users\tvolo\AppData\Local\Microsoft\WinGet\Packages\zig.zig_Microsoft.Winget.Source_8wekyb3d8bbwe\zig-x86_64-windows-0.16.0\lib\std\testing.zig:83: 0x7ff6f0d88639 in expectEqual (test_zcu.obj)
           return expectEqualInner(T, expected, actual);
       
       C:\Users\tvolo\AppData\Local\Microsoft\WinGet\Packages\zig.zig_Microsoft.Winget.Source_8wekyb3d8bbwe\zig-x86_64-windows-0.16.0\lib\std\testing.zig:83: 0x7ff6f0d88639 in expectEqual (test_zcu.obj)
           return expectEqualInner(T, expected, actual);
       
       C:\Users\tvolo\AppData\Local\Microsoft\WinGet\Packages\zig.zig_Microsoft.Winget.Source_8wekyb3d8bbwe\zig-x86_64-windows-0.16.0\lib\std\testing.zig:83: 0x7ff6f0d88639 in expectEqual (test_zcu.obj)
           return expectEqualInner(T, expected, actual);
       
       C:\Users\tvolo\AppData\Local\Microsoft\WinGet\Packages\zig.zig_Microsoft.Winget.Source_8wekyb3d8bbwe\zig-x86_64-windows-0.16.0\lib\std\testing.zig:83: 0x7ff6f0d88639 in expectEqual (test_zcu.obj)
           return expectEqualInner(T, expected, actual);
       
       C:\Users\tvolo\AppData\Local\Microsoft\WinGet\Packages\zig.zig_Microsoft.Winget.Source_8wekyb3d8bbwe\zig-x86_64-windows-0.16.0\lib\std\testing.zig:83: 0x7ff6f0d88639 in expectEqual (test_zcu.obj)
           return expectEqualInner(T, expected, actual);
       
       C:\Users\tvolo\AppData\Local\Microsoft\WinGet\Packages\zig.zig_Microsoft.Winget.Source_8wekyb3d8bbwe\zig-x86_64-windows-0.16.0\lib\std\testing.zig:83: 0x7ff6f0d88639 in expectEqual (test_zcu.obj)
           return expectEqualInner(T, expected, actual);
       
       C:\Users\tvolo\AppData\Local\Microsoft\WinGet\Packages\zig.zig_Microsoft.Winget.Source_8wekyb3d8bbwe\zig-x86_64-windows-0.16.0\lib\std\testing.zig:83: 0x7ff6f0d88639 in expectEqual (test_zcu.obj)
           return expectEqualInner(T, expected, actual);
       
       C:\Users\tvolo\AppData\Local\Microsoft\WinGet\Packages\zig.zig_Microsoft.Winget.Source_8wekyb3d8bbwe\zig-x86_64-windows-0.16.0\lib\std\testing.zig:83: 0x7ff6f0d88639 in expectEqual (test_zcu.obj)
           return expectEqualInner(T, expected, actual);
       
       C:\Users\tvolo\AppData\Local\Microsoft\WinGet\Packages\zig.zig_Microsoft.Winget.Source_8wekyb3d8bbwe\zig-x86_64-windows-0.16.0\lib\std\testing.zig:83: 0x7ff6f0d88639 in expectEqual (test_zcu.obj)
           return expectEqualInner(T, expected, actual);
       
       C:\Users\tvolo\AppData\Local\Microsoft\WinGet\Packages\zig.zig_Microsoft.Winget.Source_8wekyb3d8bbwe\zig-x86_64-windows-0.16.0\lib\std\testing.zig:83: 0x7ff6f0d88639 in expectEqual (test_zcu.obj)
           return expectEqualInner(T, expected, actual);
       
       C:\Users\tvolo\AppData\Local\Microsoft\WinGet\Packages\zig.zig_Microsoft.Winget.Source_8wekyb3d8bbwe\zig-x86_64-windows-0.16.0\lib\std\testing.zig:83: 0x7ff6f0d88639 in expectEqual (test_zcu.obj)
           return expectEqualInner(T, expected, actual);
       
       C:\Users\tvolo\AppData\Local\Microsoft\WinGet\Packages\zig.zig_Microsoft.Winget.Source_8wekyb3d8bbwe\zig-x86_64-windows-0.16.0\lib\std\testing.zig:83: 0x7ff6f0d88639 in expectEqual (test_zcu.obj)
           return expectEqualInner(T, expected, actual);
       
       C:\Users\tvolo\AppData\Local\Microsoft\WinGet\Packages\zig.zig_Microsoft.Winget.Source_8wekyb3d8bbwe\zig-x86_64-windows-0.16.0\lib\std\testing.zig:83: 0x7ff6f0d88639 in expectEqual (test_zcu.obj)
           return expectEqualInner(T, expected, actual);
       
       C:\Users\tvolo\AppData\Local\Microsoft\WinGet\Packages\zig.zig_Microsoft.Winget.Source_8wekyb3d8bbwe\zig-x86_64-windows-0.16.0\lib\std\testing.zig:83: 0x7ff6f0d88639 in expectEqual (test_zcu.obj)
           return expectEqualInner(T, expected, actual);
       
       C:\Users\tvolo\AppData\Local\Microsoft\WinGet\Packages\zig.zig_Microsoft.Winget.Source_8wekyb3d8bbwe\zig-x86_64-windows-0.16.0\lib\std\testing.zig:83: 0x7ff6f0d88639 in expectEqual (test_zcu.obj)
           return expectEqualInner(T, expected, actual);
       
       C:\Users\tvolo\AppData\Local\Microsoft\WinGet\Packages\zig.zig_Microsoft.Winget.Source_8wekyb3d8bbwe\zig-x86_64-windows-0.16.0\lib\std\testing.zig:83: 0x7ff6f0d88639 in expectEqual (test_zcu.obj)
           return expectEqualInner(T, expected, actual);
       
       C:\Users\tvolo\AppData\Local\Microsoft\WinGet\Packages\zig.zig_Microsoft.Winget.Source_8wekyb3d8bbwe\zig-x86_64-windows-0.16.0\lib\std\testing.zig:83: 0x7ff6f0d88639 in expectEqual (test_zcu.obj)
           return expectEqualInner(T, expected, actual);
       
       C:\Users\tvolo\AppData\Local\Microsoft\WinGet\Packages\zig.zig_Microsoft.Winget.Source_8wekyb3d8bbwe\zig-x86_64-windows-0.16.0\lib\std\testing.zig:83: 0x7ff6f0d88639 in expectEqual (test_zcu.obj)
           return expectEqualInner(T, expected, actual);
       
       C:\Users\tvolo\AppData\Local\Microsoft\WinGet\Packages\zig.zig_Microsoft.Winget.Source_8wekyb3d8bbwe\zig-x86_64-windows-0.16.0\lib\std\testing.zig:83: 0x7ff6f0d88639 in expectEqual (test_zcu.obj)
           return expectEqualInner(T, expected, actual);
       
       C:\Users\tvolo\AppData\Local\Microsoft\WinGet\Packages\zig.zig_Microsoft.Winget.Source_8wekyb3d8bbwe\zig-x86_64-windows-0.16.0\lib\std\testing.zig:83: 0x7ff6f0d88639 in expectEqual (test_zcu.obj)
           return expectEqualInner(T, expected, actual);
       
       C:\Users\tvolo\AppData\Local\Microsoft\WinGet\Packages\zig.zig_Microsoft.Winget.Source_8wekyb3d8bbwe\zig-x86_64-windows-0.16.0\lib\std\testing.zig:83: 0x7ff6f0d88639 in expectEqual (test_zcu.obj)
           return expectEqualInner(T, expected, actual);
       
       C:\Users\tvolo\AppData\Local\Microsoft\WinGet\Packages\zig.zig_Microsoft.Winget.Source_8wekyb3d8bbwe\zig-x86_64-windows-0.16.0\lib\std\testing.zig:83: 0x7ff6f0d88639 in expectEqual (test_zcu.obj)
           return expectEqualInner(T, expected, actual);
       
       C:\Users\tvolo\AppData\Local\Microsoft\WinGet\Packages\zig.zig_Microsoft.Winget.Source_8wekyb3d8bbwe\zig-x86_64-windows-0.16.0\lib\std\testing.zig:83: 0x7ff6f0d88639 in expectEqual (test_zcu.obj)
           return expectEqualInner(T, expected, actual);
       
       C:\Users\tvolo\AppData\Local\Microsoft\WinGet\Packages\zig.zig_Microsoft.Winget.Source_8wekyb3d8bbwe\zig-x86_64-windows-0.16.0\lib\std\testing.zig:83: 0x7ff6f0d88639 in expectEqual (test_zcu.obj)
           return expectEqualInner(T, expected, actual);
       
       C:\Users\tvolo\AppData\Local\Microsoft\WinGet\Packages\zig.zig_Microsoft.Winget.Source_8wekyb3d8bbwe\zig-x86_64-windows-0.16.0\lib\std\testing.zig:83: 0x7ff6f0d88639 in expectEqual (test_zcu.obj)
           return expectEqualInner(T, expected, actual);
       
       C:\Users\tvolo\AppData\Local\Microsoft\WinGet\Packages\zig.zig_Microsoft.Winget.Source_8wekyb3d8bbwe\zig-x86_64-windows-0.16.0\lib\std\testing.zig:83: 0x7ff6f0d88639 in expectEqual (test_zcu.obj)
           return expectEqualInner(T, expected, actual);
       
       C:\Users\tvolo\AppData\Local\Microsoft\WinGet\Packages\zig.zig_Microsoft.Winget.Source_8wekyb3d8bbwe\zig-x86_64-windows-0.16.0\lib\std\testing.zig:83: 0x7ff6f0d88639 in expectEqual (test_zcu.obj)
           return expectEqualInner(T, expected, actual);
       
       C:\Users\tvolo\AppData\Local\Microsoft\WinGet\Packages\zig.zig_Microsoft.Winget.Source_8wekyb3d8bbwe\zig-x86_64-windows-0.16.0\lib\std\testing.zig:83: 0x7ff6f0d88639 in expectEqual (test_zcu.obj)
           return expectEqualInner(T, expected, actual);
       
       C:\Users\tvolo\AppData\Local\Microsoft\WinGet\Packages\zig.zig_Microsoft.Winget.Source_8wekyb3d8bbwe\zig-x86_64-windows-0.16.0\lib\std\testing.zig:83: 0x7ff6f0d88639 in expectEqual (test_zcu.obj)
           return expectEqualInner(T, expected, actual);
       
       C:\Users\tvolo\AppData\Local\Microsoft\WinGet\Packages\zig.zig_Microsoft.Winget.Source_8wekyb3d8bbwe\zig-x86_64-windows-0.16.0\lib\std\testing.zig:83: 0x7ff6f0d88639 in expectEqual (test_zcu.obj)
           return expectEqualInner(T, expected, actual);
       
       C:\Users\tvolo\AppData\Local\Microsoft\WinGet\Packages\zig.zig_Microsoft.Winget.Source_8wekyb3d8bbwe\zig-x86_64-windows-0.16.0\lib\std\testing.zig:83: 0x7ff6f0d88639 in expectEqual (test_zcu.obj)
           return expectEqualInner(T, expected, actual);
       
       C:\Users\tvolo\AppData\Local\Microsoft\WinGet\Packages\zig.zig_Microsoft.Winget.Source_8wekyb3d8bbwe\zig-x86_64-windows-0.16.0\lib\std\testing.zig:83: 0x7ff6f0d88639 in expectEqual (test_zcu.obj)
           return expectEqualInner(T, expected, actual);
       
       C:\Users\tvolo\AppData\Local\Microsoft\WinGet\Packages\zig.zig_Microsoft.Winget.Source_8wekyb3d8bbwe\zig-x86_64-windows-0.16.0\lib\std\testing.zig:83: 0x7ff6f0d88639 in expectEqual (test_zcu.obj)
           return expectEqualInner(T, expected, actual);
       
       C:\Users\tvolo\AppData\Local\Microsoft\WinGet\Packages\zig.zig_Microsoft.Winget.Source_8wekyb3d8bbwe\zig-x86_64-windows-0.16.0\lib\std\testing.zig:83: 0x7ff6f0d88639 in expectEqual (test_zcu.obj)
           return expectEqualInner(T, expected, actual);
       
       C:\Users\tvolo\AppData\Local\Microsoft\WinGet\Packages\zig.zig_Microsoft.Winget.Source_8wekyb3d8bbwe\zig-x86_64-windows-0.16.0\lib\std\testing.zig:83: 0x7ff6f0d88639 in expectEqual (test_zcu.obj)
           return expectEqualInner(T, expected, actual);
       
       C:\Users\tvolo\AppData\Local\Microsoft\WinGet\Packages\zig.zig_Microsoft.Winget.Source_8wekyb3d8bbwe\zig-x86_64-windows-0.16.0\lib\std\testing.zig:83: 0x7ff6f0d88639 in expectEqual (test_zcu.obj)
           return expectEqualInner(T, expected, actual);
       
       C:\Users\tvolo\AppData\Local\Microsoft\WinGet\Packages\zig.zig_Microsoft.Winget.Source_8wekyb3d8bbwe\zig-x86_64-windows-0.16.0\lib\std\testing.zig:83: 0x7ff6f0d88639 in expectEqual (test_zcu.obj)
           return expectEqualInner(T, expected, actual);
       
       C:\Users\tvolo\AppData\Local\Microsoft\WinGet\Packages\zig.zig_Microsoft.Winget.Source_8wekyb3d8bbwe\zig-x86_64-windows-0.16.0\lib\std\testing.zig:83: 0x7ff6f0d88639 in expectEqual (test_zcu.obj)
           return expectEqualInner(T, expected, actual);
       
       C:\Users\tvolo\AppData\Local\Microsoft\WinGet\Packages\zig.zig_Microsoft.Winget.Source_8wekyb3d8bbwe\zig-x86_64-windows-0.16.0\lib\std\testing.zig:83: 0x7ff6f0d88639 in expectEqual (test_zcu.obj)
           return expectEqualInner(T, expected, actual);
       
       C:\Users\tvolo\AppData\Local\Microsoft\WinGet\Packages\zig.zig_Microsoft.Winget.Source_8wekyb3d8bbwe\zig-x86_64-windows-0.16.0\lib\std\testing.zig:83: 0x7ff6f0d88639 in expectEqual (test_zcu.obj)
           return expectEqualInner(T, expected, actual);
       
       C:\Users\tvolo\AppData\Local\Microsoft\WinGet\Packages\zig.zig_Microsoft.Winget.Source_8wekyb3d8bbwe\zig-x86_64-windows-0.16.0\lib\std\testing.zig:83: 0x7ff6f0d88639 in expectEqual (test_zcu.obj)
           return expectEqualInner(T, expected, actual);
       
       C:\Users\tvolo\AppData\Local\Microsoft\WinGet\Packages\zig.zig_Microsoft.Winget.Source_8wekyb3d8bbwe\zig-x86_64-windows-0.16.0\lib\std\testing.zig:83: 0x7ff6f0d88639 in expectEqual (test_zcu.obj)
           return expectEqualInner(T, expected, actual);
       
       C:\Users\tvolo\AppData\Local\Microsoft\WinGet\Packages\zig.zig_Microsoft.Winget.Source_8wekyb3d8bbwe\zig-x86_64-windows-0.16.0\lib\std\testing.zig:83: 0x7ff6f0d88639 in expectEqual (test_zcu.obj)
           return expectEqualInner(T, expected, actual);
       
       C:\Users\tvolo\AppData\Local\Microsoft\WinGet\Packages\zig.zig_Microsoft.Winget.Source_8wekyb3d8bbwe\zig-x86_64-windows-0.16.0\lib\std\testing.zig:83: 0x7ff6f0d88639 in expectEqual (test_zcu.obj)
           return expectEqualInner(T, expected, actual);
       
       C:\Users\tvolo\AppData\Local\Microsoft\WinGet\Packages\zig.zig_Microsoft.Winget.Source_8wekyb3d8bbwe\zig-x86_64-windows-0.16.0\lib\std\testing.zig:83: 0x7ff6f0d88639 in expectEqual (test_zcu.obj)
           return expectEqualInner(T, expected, actual);
       
       C:\Users\tvolo\AppData\Local\Microsoft\WinGet\Packages\zig.zig_Microsoft.Winget.Source_8wekyb3d8bbwe\zig-x86_64-windows-0.16.0\lib\std\testing.zig:83: 0x7ff6f0d88639 in expectEqual (test_zcu.obj)
           return expectEqualInner(T, expected, actual);
       
       C:\Users\tvolo\AppData\Local\Microsoft\WinGet\Packages\zig.zig_Microsoft.Winget.Source_8wekyb3d8bbwe\zig-x86_64-windows-0.16.0\lib\std\testing.zig:83: 0x7ff6f0d88639 in expectEqual (test_zcu.obj)
           return expectEqualInner(T, expected, actual);
       
       C:\Users\tvolo\AppData\Local\Microsoft\WinGet\Packages\zig.zig_Microsoft.Winget.Source_8wekyb3d8bbwe\zig-x86_64-windows-0.16.0\lib\std\testing.zig:83: 0x7ff6f0d88639 in expectEqual (test_zcu.obj)
           return expectEqualInner(T, expected, actual);
       
       C:\Users\tvolo\AppData\Local\Microsoft\WinGet\Packages\zig.zig_Microsoft.Winget.Source_8wekyb3d8bbwe\zig-x86_64-windows-0.16.0\lib\std\testing.zig:83: 0x7ff6f0d88639 in expectEqual (test_zcu.obj)
           return expectEqualInner(T, expected, actual);
       
       C:\Users\tvolo\AppData\Local\Microsoft\WinGet\Packages\zig.zig_Microsoft.Winget.Source_8wekyb3d8bbwe\zig-x86_64-windows-0.16.0\lib\std\testing.zig:83: 0x7ff6f0d88639 in expectEqual (test_zcu.obj)
           return expectEqualInner(T, expected, actual);
       
       C:\Users\tvolo\AppData\Local\Microsoft\WinGet\Packages\zig.zig_Microsoft.Winget.Source_8wekyb3d8bbwe\zig-x86_64-windows-0.16.0\lib\std\testing.zig:83: 0x7ff6f0d88639 in expectEqual (test_zcu.obj)
           return expectEqualInner(T, expected, actual);
       
       C:\Users\tvolo\AppData\Local\Microsoft\WinGet\Packages\zig.zig_Microsoft.Winget.Source_8wekyb3d8bbwe\zig-x86_64-windows-0.16.0\lib\std\testing.zig:83: 0x7ff6f0d88639 in expectEqual (test_zcu.obj)
           return expectEqualInner(T, expected, actual);
       
       C:\Users\tvolo\AppData\Local\Microsoft\WinGet\Packages\zig.zig_Microsoft.Winget.Source_8wekyb3d8bbwe\zig-x86_64-windows-0.16.0\lib\std\testing.zig:83: 0x7ff6f0d88639 in expectEqual (test_zcu.obj)
           return expectEqualInner(T, expected, actual);
       
       C:\Users\tvolo\AppData\Local\Microsoft\WinGet\Packages\zig.zig_Microsoft.Winget.Source_8wekyb3d8bbwe\zig-x86_64-windows-0.16.0\lib\std\testing.zig:83: 0x7ff6f0d88639 in expectEqual (test_zcu.obj)
           return expectEqualInner(T, expected, actual);
       
       C:\Users\tvolo\AppData\Local\Microsoft\WinGet\Packages\zig.zig_Microsoft.Winget.Source_8wekyb3d8bbwe\zig-x86_64-windows-0.16.0\lib\std\testing.zig:83: 0x7ff6f0d88639 in expectEqual (test_zcu.obj)
           return expectEqualInner(T, expected, actual);
       
       C:\Users\tvolo\AppData\Local\Microsoft\WinGet\Packages\zig.zig_Microsoft.Winget.Source_8wekyb3d8bbwe\zig-x86_64-windows-0.16.0\lib\std\testing.zig:83: 0x7ff6f0d88639 in expectEqual (test_zcu.obj)
           return expectEqualInner(T, expected, actual);
       
       C:\Users\tvolo\AppData\Local\Microsoft\WinGet\Packages\zig.zig_Microsoft.Winget.Source_8wekyb3d8bbwe\zig-x86_64-windows-0.16.0\lib\std\testing.zig:83: 0x7ff6f0d88639 in expectEqual (test_zcu.obj)
           return expectEqualInner(T, expected, actual);
       
       C:\Users\tvolo\AppData\Local\Microsoft\WinGet\Packages\zig.zig_Microsoft.Winget.Source_8wekyb3d8bbwe\zig-x86_64-windows-0.16.0\lib\std\testing.zig:83: 0x7ff6f0d88639 in expectEqual (test_zcu.obj)
           return expectEqualInner(T, expected, actual);
       
       C:\Users\tvolo\AppData\Local\Microsoft\WinGet\Packages\zig.zig_Microsoft.Winget.Source_8wekyb3d8bbwe\zig-x86_64-windows-0.16.0\lib\std\testing.zig:83: 0x7ff6f0d88639 in expectEqual (test_zcu.obj)
           return expectEqualInner(T, expected, actual);
       
       C:\Users\tvolo\AppData\Local\Microsoft\WinGet\Packages\zig.zig_Microsoft.Winget.Source_8wekyb3d8bbwe\zig-x86_64-windows-0.16.0\lib\std\testing.zig:83: 0x7ff6f0d88639 in expectEqual (test_zcu.obj)
           return expectEqualInner(T, expected, actual);
       
       C:\Users\tvolo\AppData\Local\Microsoft\WinGet\Packages\zig.zig_Microsoft.Winget.Source_8wekyb3d8bbwe\zig-x86_64-windows-0.16.0\lib\std\testing.zig:83: 0x7ff6f0d88639 in expectEqual (test_zcu.obj)
           return expectEqualInner(T, expected, actual);
       
       C:\Users\tvolo\AppData\Local\Microsoft\WinGet\Packages\zig.zig_Microsoft.Winget.Source_8wekyb3d8bbwe\zig-x86_64-windows-0.16.0\lib\std\testing.zig:83: 0x7ff6f0d88639 in expectEqual (test_zcu.obj)
           return expectEqualInner(T, expected, actual);
       
       C:\Users\tvolo\AppData\Local\Microsoft\WinGet\Packages\zig.zig_Microsoft.Winget.Source_8wekyb3d8bbwe\zig-x86_64-windows-0.16.0\lib\std\testing.zig:83: 0x7ff6f0d88639 in expectEqual (test_zcu.obj)
           return expectEqualInner(T, expected, actual);
       
       C:\Users\tvolo\AppData\Local\Microsoft\WinGet\Packages\zig.zig_Microsoft.Winget.Source_8wekyb3d8bbwe\zig-x86_64-windows-0.16.0\lib\std\testing.zig:83: 0x7ff6f0d88639 in expectEqual (test_zcu.obj)
           return expectEqualInner(T, expected, actual);
       
       C:\Users\tvolo\AppData\Local\Microsoft\WinGet\Packages\zig.zig_Microsoft.Winget.Source_8wekyb3d8bbwe\zig-x86_64-windows-0.16.0\lib\std\testing.zig:83: 0x7ff6f0d88639 in expectEqual (test_zcu.obj)
           return expectEqualInner(T, expected, actual);
       
       C:\Users\tvolo\AppData\Local\Microsoft\WinGet\Packages\zig.zig_Microsoft.Winget.Source_8wekyb3d8bbwe\zig-x86_64-windows-0.16.0\lib\std\testing.zig:83: 0x7ff6f0d88639 in expectEqual (test_zcu.obj)
           return expectEqualInner(T, expected, actual);
       
       C:\Users\tvolo\AppData\Local\Microsoft\WinGet\Packages\zig.zig_Microsoft.Winget.Source_8wekyb3d8bbwe\zig-x86_64-windows-0.16.0\lib\std\testing.zig:83: 0x7ff6f0d88639 in expectEqual (test_zcu.obj)
           return expectEqualInner(T, expected, actual);
       
       C:\Users\tvolo\AppData\Local\Microsoft\WinGet\Packages\zig.zig_Microsoft.Winget.Source_8wekyb3d8bbwe\zig-x86_64-windows-0.16.0\lib\std\testing.zig:83: 0x7ff6f0d88639 in expectEqual (test_zcu.obj)
           return expectEqualInner(T, expected, actual);
       
       C:\Users\tvolo\AppData\Local\Microsoft\WinGet\Packages\zig.zig_Microsoft.Winget.Source_8wekyb3d8bbwe\zig-x86_64-windows-0.16.0\lib\std\testing.zig:83: 0x7ff6f0d88639 in expectEqual (test_zcu.obj)
           return expectEqualInner(T, expected, actual);
       
       C:\Users\tvolo\AppData\Local\Microsoft\WinGet\Packages\zig.zig_Microsoft.Winget.Source_8wekyb3d8bbwe\zig-x86_64-windows-0.16.0\lib\std\testing.zig:83: 0x7ff6f0d88639 in expectEqual (test_zcu.obj)
           return expectEqualInner(T, expected, actual);
       
       C:\Users\tvolo\AppData\Local\Microsoft\WinGet\Packages\zig.zig_Microsoft.Winget.Source_8wekyb3d8bbwe\zig-x86_64-windows-0.16.0\lib\std\testing.zig:83: 0x7ff6f0d88639 in expectEqual (test_zcu.obj)
           return expectEqualInner(T, expected, actual);
       
       C:\Users\tvolo\AppData\Local\Microsoft\WinGet\Packages\zig.zig_Microsoft.Winget.Source_8wekyb3d8bbwe\zig-x86_64-windows-0.16.0\lib\std\testing.zig:83: 0x7ff6f0d88639 in expectEqual (test_zcu.obj)
           return expectEqualInner(T, expected, actual);
       
       C:\Users\tvolo\AppData\Local\Microsoft\WinGet\Packages\zig.zig_Microsoft.Winget.Source_8wekyb3d8bbwe\zig-x86_64-windows-0.16.0\lib\std\testing.zig:83: 0x7ff6f0d88639 in expectEqual (test_zcu.obj)
           return expectEqualInner(T, expected, actual);
       
       C:\Users\tvolo\AppData\Local\Microsoft\WinGet\Packages\zig.zig_Microsoft.Winget.Source_8wekyb3d8bbwe\zig-x86_64-windows-0.16.0\lib\std\testing.zig:83: 0x7ff6f0d88639 in expectEqual (test_zcu.obj)
           return expectEqualInner(T, expected, actual);
       
       C:\Users\tvolo\AppData\Local\Microsoft\WinGet\Packages\zig.zig_Microsoft.Winget.Source_8wekyb3d8bbwe\zig-x86_64-windows-0.16.0\lib\std\testing.zig:83: 0x7ff6f0d88639 in expectEqual (test_zcu.obj)
           return expectEqualInner(T, expected, actual);
       
       C:\Users\tvolo\AppData\Local\Microsoft\WinGet\Packages\zig.zig_Microsoft.Winget.Source_8wekyb3d8bbwe\zig-x86_64-windows-0.16.0\lib\std\testing.zig:83: 0x7ff6f0d88639 in expectEqual (test_zcu.obj)
           return expectEqualInner(T, expected, actual);
       
       C:\Users\tvolo\AppData\Local\Microsoft\WinGet\Packages\zig.zig_Microsoft.Winget.Source_8wekyb3d8bbwe\zig-x86_64-windows-0.16.0\lib\std\testing.zig:83: 0x7ff6f0d88639 in expectEqual (test_zcu.obj)
           return expectEqualInner(T, expected, actual);
       
       C:\Users\tvolo\AppData\Local\Microsoft\WinGet\Packages\zig.zig_Microsoft.Winget.Source_8wekyb3d8bbwe\zig-x86_64-windows-0.16.0\lib\std\testing.zig:83: 0x7ff6f0d88639 in expectEqual (test_zcu.obj)
           return expectEqualInner(T, expected, actual);
       
       C:\Users\tvolo\AppData\Local\Microsoft\WinGet\Packages\zig.zig_Microsoft.Winget.Source_8wekyb3d8bbwe\zig-x86_64-windows-0.16.0\lib\std\testing.zig:83: 0x7ff6f0d88639 in expectEqual (test_zcu.obj)
           return expectEqualInner(T, expected, actual);
       
       C:\Users\tvolo\AppData\Local\Microsoft\WinGet\Packages\zig.zig_Microsoft.Winget.Source_8wekyb3d8bbwe\zig-x86_64-windows-0.16.0\lib\std\testing.zig:83: 0x7ff6f0d88639 in expectEqual (test_zcu.obj)
           return expectEqualInner(T, expected, actual);
       
       C:\Users\tvolo\AppData\Local\Microsoft\WinGet\Packages\zig.zig_Microsoft.Winget.Source_8wekyb3d8bbwe\zig-x86_64-windows-0.16.0\lib\std\testing.zig:83: 0x7ff6f0d88639 in expectEqual (test_zcu.obj)
           return expectEqualInner(T, expected, actual);
       
       C:\Users\tvolo\AppData\Local\Microsoft\WinGet\Packages\zig.zig_Microsoft.Winget.Source_8wekyb3d8bbwe\zig-x86_64-windows-0.16.0\lib\std\testing.zig:83: 0x7ff6f0d88639 in expectEqual (test_zcu.obj)
           return expectEqualInner(T, expected, actual);
       
       C:\Users\tvolo\AppData\Local\Microsoft\WinGet\Packages\zig.zig_Microsoft.Winget.Source_8wekyb3d8bbwe\zig-x86_64-windows-0.16.0\lib\std\testing.zig:83: 0x7ff6f0d88639 in expectEqual (test_zcu.obj)
           return expectEqualInner(T, expected, actual);
       
       C:\Users\tvolo\AppData\Local\Microsoft\WinGet\Packages\zig.zig_Microsoft.Winget.Source_8wekyb3d8bbwe\zig-x86_64-windows-0.16.0\lib\std\testing.zig:83: 0x7ff6f0d88639 in expectEqual (test_zcu.obj)
           return expectEqualInner(T, expected, actual);
       
       C:\Users\tvolo\AppData\Local\Microsoft\WinGet\Packages\zig.zig_Microsoft.Winget.Source_8wekyb3d8bbwe\zig-x86_64-windows-0.16.0\lib\std\testing.zig:83: 0x7ff6f0d88639 in expectEqual (test_zcu.obj)
           return expectEqualInner(T, expected, actual);
       
       C:\Users\tvolo\AppData\Local\Microsoft\WinGet\Packages\zig.zig_Microsoft.Winget.Source_8wekyb3d8bbwe\zig-x86_64-windows-0.16.0\lib\std\testing.zig:83: 0x7ff6f0d88639 in expectEqual (test_zcu.obj)
           return expectEqualInner(T, expected, actual);
       
       C:\Users\tvolo\AppData\Local\Microsoft\WinGet\Packages\zig.zig_Microsoft.Winget.Source_8wekyb3d8bbwe\zig-x86_64-windows-0.16.0\lib\std\testing.zig:83: 0x7ff6f0d88639 in expectEqual (test_zcu.obj)
           return expectEqualInner(T, expected, actual);
       
       C:\Users\tvolo\AppData\Local\Microsoft\WinGet\Packages\zig.zig_Microsoft.Winget.Source_8wekyb3d8bbwe\zig-x86_64-windows-0.16.0\lib\std\testing.zig:83: 0x7ff6f0d88639 in expectEqual (test_zcu.obj)
           return expectEqualInner(T, expected, actual);
       
       C:\Users\tvolo\AppData\Local\Microsoft\WinGet\Packages\zig.zig_Microsoft.Winget.Source_8wekyb3d8bbwe\zig-x86_64-windows-0.16.0\lib\std\testing.zig:83: 0x7ff6f0d88639 in expectEqual (test_zcu.obj)
           return expectEqualInner(T, expected, actual);
       
       C:\Users\tvolo\AppData\Local\Microsoft\WinGet\Packages\zig.zig_Microsoft.Winget.Source_8wekyb3d8bbwe\zig-x86_64-windows-0.16.0\lib\std\testing.zig:83: 0x7ff6f0d88639 in expectEqual (test_zcu.obj)
           return expectEqualInner(T, expected, actual);
       
       C:\Users\tvolo\AppData\Local\Microsoft\WinGet\Packages\zig.zig_Microsoft.Winget.Source_8wekyb3d8bbwe\zig-x86_64-windows-0.16.0\lib\std\testing.zig:83: 0x7ff6f0d88639 in expectEqual (test_zcu.obj)
           return expectEqualInner(T, expected, actual);
       
       C:\Users\tvolo\AppData\Local\Microsoft\WinGet\Packages\zig.zig_Microsoft.Winget.Source_8wekyb3d8bbwe\zig-x86_64-windows-0.16.0\lib\std\testing.zig:83: 0x7ff6f0d88639 in expectEqual (test_zcu.obj)
           return expectEqualInner(T, expected, actual);
       
       C:\Users\tvolo\AppData\Local\Microsoft\WinGet\Packages\zig.zig_Microsoft.Winget.Source_8wekyb3d8bbwe\zig-x86_64-windows-0.16.0\lib\std\testing.zig:83: 0x7ff6f0d88639 in expectEqual (test_zcu.obj)
           return expectEqualInner(T, expected, actual);
       
       C:\Users\tvolo\AppData\Local\Microsoft\WinGet\Packages\zig.zig_Microsoft.Winget.Source_8wekyb3d8bbwe\zig-x86_64-windows-0.16.0\lib\std\testing.zig:83: 0x7ff6f0d88639 in expectEqual (test_zcu.obj)
           return expectEqualInner(T, expected, actual);
       
       C:\Users\tvolo\AppData\Local\Microsoft\WinGet\Packages\zig.zig_Microsoft.Winget.Source_8wekyb3d8bbwe\zig-x86_64-windows-0.16.0\lib\std\testing.zig:83: 0x7ff6f0d88639 in expectEqual (test_zcu.obj)
           return expectEqualInner(T, expected, actual);
       
       C:\Users\tvolo\AppData\Local\Microsoft\WinGet\Packages\zig.zig_Microsoft.Winget.Source_8wekyb3d8bbwe\zig-x86_64-windows-0.16.0\lib\std\testing.zig:83: 0x7ff6f0d88639 in expectEqual (test_zcu.obj)
           return expectEqualInner(T, expected, actual);
       
       C:\Users\tvolo\AppData\Local\Microsoft\WinGet\Packages\zig.zig_Microsoft.Winget.Source_8wekyb3d8bbwe\zig-x86_64-windows-0.16.0\lib\std\testing.zig:83: 0x7ff6f0d88639 in expectEqual (test_zcu.obj)
           return expectEqualInner(T, expected, actual);
       
       C:\Users\tvolo\AppData\Local\Microsoft\WinGet\Packages\zig.zig_Microsoft.Winget.Source_8wekyb3d8bbwe\zig-x86_64-windows-0.16.0\lib\std\testing.zig:83: 0x7ff6f0d88639 in expectEqual (test_zcu.obj)
           return expectEqualInner(T, expected, actual);
       
       C:\Users\tvolo\AppData\Local\Microsoft\WinGet\Packages\zig.zig_Microsoft.Winget.Source_8wekyb3d8bbwe\zig-x86_64-windows-0.16.0\lib\std\testing.zig:83: 0x7ff6f0d88639 in expectEqual (test_zcu.obj)
           return expectEqualInner(T, expected, actual);
       
       C:\Users\tvolo\AppData\Local\Microsoft\WinGet\Packages\zig.zig_Microsoft.Winget.Source_8wekyb3d8bbwe\zig-x86_64-windows-0.16.0\lib\std\testing.zig:83: 0x7ff6f0d88639 in expectEqual (test_zcu.obj)
           return expectEqualInner(T, expected, actual);
       
       C:\Users\tvolo\AppData\Local\Microsoft\WinGet\Packages\zig.zig_Microsoft.Winget.Source_8wekyb3d8bbwe\zig-x86_64-windows-0.16.0\lib\std\testing.zig:83: 0x7ff6f0d88639 in expectEqual (test_zcu.obj)
           return expectEqualInner(T, expected, actual);
       
       C:\Users\tvolo\AppData\Local\Microsoft\WinGet\Packages\zig.zig_Microsoft.Winget.Source_8wekyb3d8bbwe\zig-x86_64-windows-0.16.0\lib\std\testing.zig:83: 0x7ff6f0d88639 in expectEqual (test_zcu.obj)
           return expectEqualInner(T, expected, actual);
       
       C:\Users\tvolo\AppData\Local\Microsoft\WinGet\Packages\zig.zig_Microsoft.Winget.Source_8wekyb3d8bbwe\zig-x86_64-windows-0.16.0\lib\std\testing.zig:83: 0x7ff6f0d88639 in expectEqual (test_zcu.obj)
           return expectEqualInner(T, expected, actual);
       
       C:\Users\tvolo\AppData\Local\Microsoft\WinGet\Packages\zig.zig_Microsoft.Winget.Source_8wekyb3d8bbwe\zig-x86_64-windows-0.16.0\lib\std\testing.zig:83: 0x7ff6f0d88639 in expectEqual (test_zcu.obj)
           return expectEqualInner(T, expected, actual);
       
       C:\Users\tvolo\AppData\Local\Microsoft\WinGet\Packages\zig.zig_Microsoft.Winget.Source_8wekyb3d8bbwe\zig-x86_64-windows-0.16.0\lib\std\testing.zig:83: 0x7ff6f0d88639 in expectEqual (test_zcu.obj)
           return expectEqualInner(T, expected, actual);
       
       C:\Users\tvolo\AppData\Local\Microsoft\WinGet\Packages\zig.zig_Microsoft.Winget.Source_8wekyb3d8bbwe\zig-x86_64-windows-0.16.0\lib\std\testing.zig:83: 0x7ff6f0d88639 in expectEqual (test_zcu.obj)
           return expectEqualInner(T, expected, actual);
       
       C:\Users\tvolo\AppData\Local\Microsoft\WinGet\Packages\zig.zig_Microsoft.Winget.Source_8wekyb3d8bbwe\zig-x86_64-windows-0.16.0\lib\std\testing.zig:83: 0x7ff6f0d88639 in expectEqual (test_zcu.obj)
           return expectEqualInner(T, expected, actual);
       
       C:\Users\tvolo\AppData\Local\Microsoft\WinGet\Packages\zig.zig_Microsoft.Winget.Source_8wekyb3d8bbwe\zig-x86_64-windows-0.16.0\lib\std\testing.zig:83: 0x7ff6f0d88639 in expectEqual (test_zcu.obj)
           return expectEqualInner(T, expected, actual);
       
       C:\Users\tvolo\AppData\Local\Microsoft\WinGet\Packages\zig.zig_Microsoft.Winget.Source_8wekyb3d8bbwe\zig-x86_64-windows-0.16.0\lib\std\testing.zig:83: 0x7ff6f0d88639 in expectEqual (test_zcu.obj)
           return expectEqualInner(T, expected, actual);
       
       C:\Users\tvolo\AppData\Local\Microsoft\WinGet\Packages\zig.zig_Microsoft.Winget.Source_8wekyb3d8bbwe\zig-x86_64-windows-0.16.0\lib\std\testing.zig:83: 0x7ff6f0d88639 in expectEqual (test_zcu.obj)
           return expectEqualInner(T, expected, actual);
       
       C:\Users\tvolo\AppData\Local\Microsoft\WinGet\Packages\zig.zig_Microsoft.Winget.Source_8wekyb3d8bbwe\zig-x86_64-windows-0.16.0\lib\std\testing.zig:83: 0x7ff6f0d88639 in expectEqual (test_zcu.obj)
           return expectEqualInner(T, expected, actual);
       
       C:\Users\tvolo\AppData\Local\Microsoft\WinGet\Packages\zig.zig_Microsoft.Winget.Source_8wekyb3d8bbwe\zig-x86_64-windows-0.16.0\lib\std\testing.zig:83: 0x7ff6f0d88639 in expectEqual (test_zcu.obj)
           return expectEqualInner(T, expected, actual);
       
       C:\Users\tvolo\AppData\Local\Microsoft\WinGet\Packages\zig.zig_Microsoft.Winget.Source_8wekyb3d8bbwe\zig-x86_64-windows-0.16.0\lib\std\testing.zig:83: 0x7ff6f0d88639 in expectEqual (test_zcu.obj)
           return expectEqualInner(T, expected, actual);
       
       C:\Users\tvolo\AppData\Local\Microsoft\WinGet\Packages\zig.zig_Microsoft.Winget.Source_8wekyb3d8bbwe\zig-x86_64-windows-0.16.0\lib\std\testing.zig:83: 0x7ff6f0d88639 in expectEqual (test_zcu.obj)
           return expectEqualInner(T, expected, actual);
       
       C:\Users\tvolo\AppData\Local\Microsoft\WinGet\Packages\zig.zig_Microsoft.Winget.Source_8wekyb3d8bbwe\zig-x86_64-windows-0.16.0\lib\std\testing.zig:83: 0x7ff6f0d88639 in expectEqual (test_zcu.obj)
           return expectEqualInner(T, expected, actual);
       
       C:\Users\tvolo\AppData\Local\Microsoft\WinGet\Packages\zig.zig_Microsoft.Winget.Source_8wekyb3d8bbwe\zig-x86_64-windows-0.16.0\lib\std\testing.zig:83: 0x7ff6f0d88639 in expectEqual (test_zcu.obj)
           return expectEqualInner(T, expected, actual);
       
       C:\Users\tvolo\AppData\Local\Microsoft\WinGet\Packages\zig.zig_Microsoft.Winget.Source_8wekyb3d8bbwe\zig-x86_64-windows-0.16.0\lib\std\testing.zig:83: 0x7ff6f0d88639 in expectEqual (test_zcu.obj)
           return expectEqualInner(T, expected, actual);
       
       C:\Users\tvolo\AppData\Local\Microsoft\WinGet\Packages\zig.zig_Microsoft.Winget.Source_8wekyb3d8bbwe\zig-x86_64-windows-0.16.0\lib\std\testing.zig:83: 0x7ff6f0d88639 in expectEqual (test_zcu.obj)
           return expectEqualInner(T, expected, actual);
       
       C:\Users\tvolo\AppData\Local\Microsoft\WinGet\Packages\zig.zig_Microsoft.Winget.Source_8wekyb3d8bbwe\zig-x86_64-windows-0.16.0\lib\std\testing.zig:83: 0x7ff6f0d88639 in expectEqual (test_zcu.obj)
           return expectEqualInner(T, expected, actual);
       
       C:\Users\tvolo\AppData\Local\Microsoft\WinGet\Packages\zig.zig_Microsoft.Winget.Source_8wekyb3d8bbwe\zig-x86_64-windows-0.16.0\lib\std\testing.zig:83: 0x7ff6f0d88639 in expectEqual (test_zcu.obj)
           return expectEqualInner(T, expected, actual);
       
       C:\Users\tvolo\AppData\Local\Microsoft\WinGet\Packages\zig.zig_Microsoft.Winget.Source_8wekyb3d8bbwe\zig-x86_64-windows-0.16.0\lib\std\testing.zig:83: 0x7ff6f0d88639 in expectEqual (test_zcu.obj)
           return expectEqualInner(T, expected, actual);
       
       C:\Users\tvolo\AppData\Local\Microsoft\WinGet\Packages\zig.zig_Microsoft.Winget.Source_8wekyb3d8bbwe\zig-x86_64-windows-0.16.0\lib\std\testing.zig:83: 0x7ff6f0d88639 in expectEqual (test_zcu.obj)
           return expectEqualInner(T, expected, actual);
       
       C:\Users\tvolo\AppData\Local\Microsoft\WinGet\Packages\zig.zig_Microsoft.Winget.Source_8wekyb3d8bbwe\zig-x86_64-windows-0.16.0\lib\std\testing.zig:83: 0x7ff6f0d88639 in expectEqual (test_zcu.obj)
           return expectEqualInner(T, expected, actual);
       
       C:\Users\tvolo\AppData\Local\Microsoft\WinGet\Packages\zig.zig_Microsoft.Winget.Source_8wekyb3d8bbwe\zig-x86_64-windows-0.16.0\lib\std\testing.zig:83: 0x7ff6f0d88639 in expectEqual (test_zcu.obj)
           return expectEqualInner(T, expected, actual);
       
       C:\Users\tvolo\AppData\Local\Microsoft\WinGet\Packages\zig.zig_Microsoft.Winget.Source_8wekyb3d8bbwe\zig-x86_64-windows-0.16.0\lib\std\testing.zig:83: 0x7ff6f0d88639 in expectEqual (test_zcu.obj)
           return expectEqualInner(T, expected, actual);
       
       C:\Users\tvolo\AppData\Local\Microsoft\WinGet\Packages\zig.zig_Microsoft.Winget.Source_8wekyb3d8bbwe\zig-x86_64-windows-0.16.0\lib\std\testing.zig:83: 0x7ff6f0d88639 in expectEqual (test_zcu.obj)
           return expectEqualInner(T, expected, actual);
       
       C:\Users\tvolo\AppData\Local\Microsoft\WinGet\Packages\zig.zig_Microsoft.Winget.Source_8wekyb3d8bbwe\zig-x86_64-windows-0.16.0\lib\std\testing.zig:83: 0x7ff6f0d88639 in expectEqual (test_zcu.obj)
           return expectEqualInner(T, expected, actual);
       
       C:\Users\tvolo\AppData\Local\Microsoft\WinGet\Packages\zig.zig_Microsoft.Winget.Source_8wekyb3d8bbwe\zig-x86_64-windows-0.16.0\lib\std\testing.zig:83: 0x7ff6f0d88639 in expectEqual (test_zcu.obj)
           return expectEqualInner(T, expected, actual);
       
       C:\Users\tvolo\AppData\Local\Microsoft\WinGet\Packages\zig.zig_Microsoft.Winget.Source_8wekyb3d8bbwe\zig-x86_64-windows-0.16.0\lib\std\testing.zig:83: 0x7ff6f0d88639 in expectEqual (test_zcu.obj)
           return expectEqualInner(T, expected, actual);
       
       C:\Users\tvolo\AppData\Local\Microsoft\WinGet\Packages\zig.zig_Microsoft.Winget.Source_8wekyb3d8bbwe\zig-x86_64-windows-0.16.0\lib\std\testing.zig:83: 0x7ff6f0d88639 in expectEqual (test_zcu.obj)
           return expectEqualInner(T, expected, actual);
       
       C:\Users\tvolo\AppData\Local\Microsoft\WinGet\Packages\zig.zig_Microsoft.Winget.Source_8wekyb3d8bbwe\zig-x86_64-windows-0.16.0\lib\std\testing.zig:83: 0x7ff6f0d88639 in expectEqual (test_zcu.obj)
           return expectEqualInner(T, expected, actual);
       
       C:\Users\tvolo\AppData\Local\Microsoft\WinGet\Packages\zig.zig_Microsoft.Winget.Source_8wekyb3d8bbwe\zig-x86_64-windows-0.16.0\lib\std\testing.zig:83: 0x7ff6f0d88639 in expectEqual (test_zcu.obj)
           return expectEqualInner(T, expected, actual);
       
       C:\Users\tvolo\AppData\Local\Microsoft\WinGet\Packages\zig.zig_Microsoft.Winget.Source_8wekyb3d8bbwe\zig-x86_64-windows-0.16.0\lib\std\testing.zig:83: 0x7ff6f0d88639 in expectEqual (test_zcu.obj)
           return expectEqualInner(T, expected, actual);
       
       C:\Users\tvolo\AppData\Local\Microsoft\WinGet\Packages\zig.zig_Microsoft.Winget.Source_8wekyb3d8bbwe\zig-x86_64-windows-0.16.0\lib\std\testing.zig:83: 0x7ff6f0d88639 in expectEqual (test_zcu.obj)
           return expectEqualInner(T, expected, actual);
       
       C:\Users\tvolo\AppData\Local\Microsoft\WinGet\Packages\zig.zig_Microsoft.Winget.Source_8wekyb3d8bbwe\zig-x86_64-windows-0.16.0\lib\std\testing.zig:83: 0x7ff6f0d88639 in expectEqual (test_zcu.obj)
           return expectEqualInner(T, expected, actual);
       
       C:\Users\tvolo\AppData\Local\Microsoft\WinGet\Packages\zig.zig_Microsoft.Winget.Source_8wekyb3d8bbwe\zig-x86_64-windows-0.16.0\lib\std\testing.zig:83: 0x7ff6f0d88639 in expectEqual (test_zcu.obj)
           return expectEqualInner(T, expected, actual);
       
       C:\Users\tvolo\AppData\Local\Microsoft\WinGet\Packages\zig.zig_Microsoft.Winget.Source_8wekyb3d8bbwe\zig-x86_64-windows-0.16.0\lib\std\testing.zig:83: 0x7ff6f0d88639 in expectEqual (test_zcu.obj)
           return expectEqualInner(T, expected, actual);
       
       C:\Users\tvolo\AppData\Local\Microsoft\WinGet\Packages\zig.zig_Microsoft.Winget.Source_8wekyb3d8bbwe\zig-x86_64-windows-0.16.0\lib\std\testing.zig:83: 0x7ff6f0d88639 in expectEqual (test_zcu.obj)
           return expectEqualInner(T, expected, actual);
       
       C:\Users\tvolo\AppData\Local\Microsoft\WinGet\Packages\zig.zig_Microsoft.Winget.Source_8wekyb3d8bbwe\zig-x86_64-windows-0.16.0\lib\std\testing.zig:83: 0x7ff6f0d88639 in expectEqual (test_zcu.obj)
           return expectEqualInner(T, expected, actual);
       
       C:\Users\tvolo\AppData\Local\Microsoft\WinGet\Packages\zig.zig_Microsoft.Winget.Source_8wekyb3d8bbwe\zig-x86_64-windows-0.16.0\lib\std\testing.zig:83: 0x7ff6f0d88639 in expectEqual (test_zcu.obj)
           return expectEqualInner(T, expected, actual);
       
       C:\Users\tvolo\AppData\Local\Microsoft\WinGet\Packages\zig.zig_Microsoft.Winget.Source_8wekyb3d8bbwe\zig-x86_64-windows-0.16.0\lib\std\testing.zig:83: 0x7ff6f0d88639 in expectEqual (test_zcu.obj)
           return expectEqualInner(T, expected, actual);
       
       C:\Users\tvolo\AppData\Local\Microsoft\WinGet\Packages\zig.zig_Microsoft.Winget.Source_8wekyb3d8bbwe\zig-x86_64-windows-0.16.0\lib\std\testing.zig:83: 0x7ff6f0d88639 in expectEqual (test_zcu.obj)
           return expectEqualInner(T, expected, actual);
       
       C:\Users\tvolo\AppData\Local\Microsoft\WinGet\Packages\zig.zig_Microsoft.Winget.Source_8wekyb3d8bbwe\zig-x86_64-windows-0.16.0\lib\std\testing.zig:83: 0x7ff6f0d88639 in expectEqual (test_zcu.obj)
           return expectEqualInner(T, expected, actual);
       
       C:\Users\tvolo\AppData\Local\Microsoft\WinGet\Packages\zig.zig_Microsoft.Winget.Source_8wekyb3d8bbwe\zig-x86_64-windows-0.16.0\lib\std\testing.zig:83: 0x7ff6f0d88639 in expectEqual (test_zcu.obj)
           return expectEqualInner(T, expected, actual);
       
       C:\Users\tvolo\AppData\Local\Microsoft\WinGet\Packages\zig.zig_Microsoft.Winget.Source_8wekyb3d8bbwe\zig-x86_64-windows-0.16.0\lib\std\testing.zig:83: 0x7ff6f0d88639 in expectEqual (test_zcu.obj)
           return expectEqualInner(T, expected, actual);
       
       C:\Users\tvolo\AppData\Local\Microsoft\WinGet\Packages\zig.zig_Microsoft.Winget.Source_8wekyb3d8bbwe\zig-x86_64-windows-0.16.0\lib\std\testing.zig:83: 0x7ff6f0d88639 in expectEqual (test_zcu.obj)
           return expectEqualInner(T, expected, actual);
       
       C:\Users\tvolo\AppData\Local\Microsoft\WinGet\Packages\zig.zig_Microsoft.Winget.Source_8wekyb3d8bbwe\zig-x86_64-windows-0.16.0\lib\std\testing.zig:83: 0x7ff6f0d88639 in expectEqual (test_zcu.obj)
           return expectEqualInner(T, expected, actual);
       
       C:\Users\tvolo\AppData\Local\Microsoft\WinGet\Packages\zig.zig_Microsoft.Winget.Source_8wekyb3d8bbwe\zig-x86_64-windows-0.16.0\lib\std\testing.zig:83: 0x7ff6f0d88639 in expectEqual (test_zcu.obj)
           return expectEqualInner(T, expected, actual);
       
       C:\Users\tvolo\AppData\Local\Microsoft\WinGet\Packages\zig.zig_Microsoft.Winget.Source_8wekyb3d8bbwe\zig-x86_64-windows-0.16.0\lib\std\testing.zig:83: 0x7ff6f0d88639 in expectEqual (test_zcu.obj)
           return expectEqualInner(T, expected, actual);
       
       C:\Users\tvolo\AppData\Local\Microsoft\WinGet\Packages\zig.zig_Microsoft.Winget.Source_8wekyb3d8bbwe\zig-x86_64-windows-0.16.0\lib\std\testing.zig:83: 0x7ff6f0d88639 in expectEqual (test_zcu.obj)
           return expectEqualInner(T, expected, actual);
       
       C:\Users\tvolo\AppData\Local\Microsoft\WinGet\Packages\zig.zig_Microsoft.Winget.Source_8wekyb3d8bbwe\zig-x86_64-windows-0.16.0\lib\std\testing.zig:83: 0x7ff6f0d88639 in expectEqual (test_zcu.obj)
           return expectEqualInner(T, expected, actual);
       
       C:\Users\tvolo\AppData\Local\Microsoft\WinGet\Packages\zig.zig_Microsoft.Winget.Source_8wekyb3d8bbwe\zig-x86_64-windows-0.16.0\lib\std\testing.zig:83: 0x7ff6f0d88639 in expectEqual (test_zcu.obj)
           return expectEqualInner(T, expected, actual);
       
       C:\Users\tvolo\AppData\Local\Microsoft\WinGet\Packages\zig.zig_Microsoft.Winget.Source_8wekyb3d8bbwe\zig-x86_64-windows-0.16.0\lib\std\testing.zig:83: 0x7ff6f0d88639 in expectEqual (test_zcu.obj)
           return expectEqualInner(T, expected, actual);
       
       C:\Users\tvolo\AppData\Local\Microsoft\WinGet\Packages\zig.zig_Microsoft.Winget.Source_8wekyb3d8bbwe\zig-x86_64-windows-0.16.0\lib\std\testing.zig:83: 0x7ff6f0d88639 in expectEqual (test_zcu.obj)
           return expectEqualInner(T, expected, actual);
       
       C:\Users\tvolo\AppData\Local\Microsoft\WinGet\Packages\zig.zig_Microsoft.Winget.Source_8wekyb3d8bbwe\zig-x86_64-windows-0.16.0\lib\std\testing.zig:83: 0x7ff6f0d88639 in expectEqual (test_zcu.obj)
           return expectEqualInner(T, expected, actual);
       
       C:\Users\tvolo\AppData\Local\Microsoft\WinGet\Packages\zig.zig_Microsoft.Winget.Source_8wekyb3d8bbwe\zig-x86_64-windows-0.16.0\lib\std\testing.zig:83: 0x7ff6f0d88639 in expectEqual (test_zcu.obj)
           return expectEqualInner(T, expected, actual);
       
       C:\Users\tvolo\AppData\Local\Microsoft\WinGet\Packages\zig.zig_Microsoft.Winget.Source_8wekyb3d8bbwe\zig-x86_64-windows-0.16.0\lib\std\testing.zig:83: 0x7ff6f0d88639 in expectEqual (test_zcu.obj)
           return expectEqualInner(T, expected, actual);
       
       C:\Users\tvolo\AppData\Local\Microsoft\WinGet\Packages\zig.zig_Microsoft.Winget.Source_8wekyb3d8bbwe\zig-x86_64-windows-0.16.0\lib\std\testing.zig:83: 0x7ff6f0d88639 in expectEqual (test_zcu.obj)
           return expectEqualInner(T, expected, actual);
       
       C:\Users\tvolo\AppData\Local\Microsoft\WinGet\Packages\zig.zig_Microsoft.Winget.Source_8wekyb3d8bbwe\zig-x86_64-windows-0.16.0\lib\std\testing.zig:83: 0x7ff6f0d88639 in expectEqual (test_zcu.obj)
           return expectEqualInner(T, expected, actual);
       
       C:\Users\tvolo\AppData\Local\Microsoft\WinGet\Packages\zig.zig_Microsoft.Winget.Source_8wekyb3d8bbwe\zig-x86_64-windows-0.16.0\lib\std\testing.zig:83: 0x7ff6f0d88639 in expectEqual (test_zcu.obj)
           return expectEqualInner(T, expected, actual);
       
       C:\Users\tvolo\AppData\Local\Microsoft\WinGet\Packages\zig.zig_Microsoft.Winget.Source_8wekyb3d8bbwe\zig-x86_64-windows-0.16.0\lib\std\testing.zig:83: 0x7ff6f0d88639 in expectEqual (test_zcu.obj)
           return expectEqualInner(T, expected, actual);
       
       C:\Users\tvolo\AppData\Local\Microsoft\WinGet\Packages\zig.zig_Microsoft.Winget.Source_8wekyb3d8bbwe\zig-x86_64-windows-0.16.0\lib\std\testing.zig:83: 0x7ff6f0d88639 in expectEqual (test_zcu.obj)
           return expectEqualInner(T, expected, actual);
       
       C:\Users\tvolo\AppData\Local\Microsoft\WinGet\Packages\zig.zig_Microsoft.Winget.Source_8wekyb3d8bbwe\zig-x86_64-windows-0.16.0\lib\std\testing.zig:83: 0x7ff6f0d88639 in expectEqual (test_zcu.obj)
           return expectEqualInner(T, expected, actual);
       
       C:\Users\tvolo\AppData\Local\Microsoft\WinGet\Packages\zig.zig_Microsoft.Winget.Source_8wekyb3d8bbwe\zig-x86_64-windows-0.16.0\lib\std\testing.zig:83: 0x7ff6f0d88639 in expectEqual (test_zcu.obj)
           return expectEqualInner(T, expected, actual);
       
       C:\Users\tvolo\AppData\Local\Microsoft\WinGet\Packages\zig.zig_Microsoft.Winget.Source_8wekyb3d8bbwe\zig-x86_64-windows-0.16.0\lib\std\testing.zig:83: 0x7ff6f0d88639 in expectEqual (test_zcu.obj)
           return expectEqualInner(T, expected, actual);
       
       C:\Users\tvolo\AppData\Local\Microsoft\WinGet\Packages\zig.zig_Microsoft.Winget.Source_8wekyb3d8bbwe\zig-x86_64-windows-0.16.0\lib\std\testing.zig:83: 0x7ff6f0d88639 in expectEqual (test_zcu.obj)
           return expectEqualInner(T, expected, actual);
       
       C:\Users\tvolo\AppData\Local\Microsoft\WinGet\Packages\zig.zig_Microsoft.Winget.Source_8wekyb3d8bbwe\zig-x86_64-windows-0.16.0\lib\std\testing.zig:83: 0x7ff6f0d88639 in expectEqual (test_zcu.obj)
           return expectEqualInner(T, expected, actual);
       
       C:\Users\tvolo\AppData\Local\Microsoft\WinGet\Packages\zig.zig_Microsoft.Winget.Source_8wekyb3d8bbwe\zig-x86_64-windows-0.16.0\lib\std\testing.zig:83: 0x7ff6f0d88639 in expectEqual (test_zcu.obj)
           return expectEqualInner(T, expected, actual);
       
       C:\Users\tvolo\AppData\Local\Microsoft\WinGet\Packages\zig.zig_Microsoft.Winget.Source_8wekyb3d8bbwe\zig-x86_64-windows-0.16.0\lib\std\testing.zig:83: 0x7ff6f0d88639 in expectEqual (test_zcu.obj)
           return expectEqualInner(T, expected, actual);
       
       C:\Users\tvolo\AppData\Local\Microsoft\WinGet\Packages\zig.zig_Microsoft.Winget.Source_8wekyb3d8bbwe\zig-x86_64-windows-0.16.0\lib\std\testing.zig:83: 0x7ff6f0d88639 in expectEqual (test_zcu.obj)
           return expectEqualInner(T, expected, actual);
       
       C:\Users\tvolo\AppData\Local\Microsoft\WinGet\Packages\zig.zig_Microsoft.Winget.Source_8wekyb3d8bbwe\zig-x86_64-windows-0.16.0\lib\std\testing.zig:83: 0x7ff6f0d88639 in expectEqual (test_zcu.obj)
           return expectEqualInner(T, expected, actual);
       
       C:\Users\tvolo\AppData\Local\Microsoft\WinGet\Packages\zig.zig_Microsoft.Winget.Source_8wekyb3d8bbwe\zig-x86_64-windows-0.16.0\lib\std\testing.zig:83: 0x7ff6f0d88639 in expectEqual (test_zcu.obj)
           return expectEqualInner(T, expected, actual);
       
       C:\Users\tvolo\AppData\Local\Microsoft\WinGet\Packages\zig.zig_Microsoft.Winget.Source_8wekyb3d8bbwe\zig-x86_64-windows-0.16.0\lib\std\testing.zig:83: 0x7ff6f0d88639 in expectEqual (test_zcu.obj)
           return expectEqualInner(T, expected, actual);
       
       C:\Users\tvolo\AppData\Local\Microsoft\WinGet\Packages\zig.zig_Microsoft.Winget.Source_8wekyb3d8bbwe\zig-x86_64-windows-0.16.0\lib\std\testing.zig:83: 0x7ff6f0d88639 in expectEqual (test_zcu.obj)
           return expectEqualInner(T, expected, actual);
       
       C:\Users\tvolo\AppData\Local\Microsoft\WinGet\Packages\zig.zig_Microsoft.Winget.Source_8wekyb3d8bbwe\zig-x86_64-windows-0.16.0\lib\std\testing.zig:83: 0x7ff6f0d88639 in expectEqual (test_zcu.obj)
           return expectEqualInner(T, expected, actual);
       
       C:\Users\tvolo\AppData\Local\Microsoft\WinGet\Packages\zig.zig_Microsoft.Winget.Source_8wekyb3d8bbwe\zig-x86_64-windows-0.16.0\lib\std\testing.zig:83: 0x7ff6f0d88639 in expectEqual (test_zcu.obj)
           return expectEqualInner(T, expected, actual);
       
       C:\Users\tvolo\AppData\Local\Microsoft\WinGet\Packages\zig.zig_Microsoft.Winget.Source_8wekyb3d8bbwe\zig-x86_64-windows-0.16.0\lib\std\testing.zig:83: 0x7ff6f0d88639 in expectEqual (test_zcu.obj)
           return expectEqualInner(T, expected, actual);
       
       C:\Users\tvolo\AppData\Local\Microsoft\WinGet\Packages\zig.zig_Microsoft.Winget.Source_8wekyb3d8bbwe\zig-x86_64-windows-0.16.0\lib\std\testing.zig:83: 0x7ff6f0d88639 in expectEqual (test_zcu.obj)
           return expectEqualInner(T, expected, actual);
       
       C:\Users\tvolo\AppData\Local\Microsoft\WinGet\Packages\zig.zig_Microsoft.Winget.Source_8wekyb3d8bbwe\zig-x86_64-windows-0.16.0\lib\std\testing.zig:83: 0x7ff6f0d88639 in expectEqual (test_zcu.obj)
           return expectEqualInner(T, expected, actual);
       
       C:\Users\tvolo\AppData\Local\Microsoft\WinGet\Packages\zig.zig_Microsoft.Winget.Source_8wekyb3d8bbwe\zig-x86_64-windows-0.16.0\lib\std\testing.zig:83: 0x7ff6f0d88639 in expectEqual (test_zcu.obj)
           return expectEqualInner(T, expected, actual);
       
       C:\Users\tvolo\AppData\Local\Microsoft\WinGet\Packages\zig.zig_Microsoft.Winget.Source_8wekyb3d8bbwe\zig-x86_64-windows-0.16.0\lib\std\testing.zig:83: 0x7ff6f0d88639 in expectEqual (test_zcu.obj)
           return expectEqualInner(T, expected, actual);
       
       C:\Users\tvolo\AppData\Local\Microsoft\WinGet\Packages\zig.zig_Microsoft.Winget.Source_8wekyb3d8bbwe\zig-x86_64-windows-0.16.0\lib\std\testing.zig:83: 0x7ff6f0d88639 in expectEqual (test_zcu.obj)
           return expectEqualInner(T, expected, actual);
       
       C:\Users\tvolo\AppData\Local\Microsoft\WinGet\Packages\zig.zig_Microsoft.Winget.Source_8wekyb3d8bbwe\zig-x86_64-windows-0.16.0\lib\std\testing.zig:83: 0x7ff6f0d88639 in expectEqual (test_zcu.obj)
           return expectEqualInner(T, expected, actual);
       
       C:\Users\tvolo\AppData\Local\Microsoft\WinGet\Packages\zig.zig_Microsoft.Winget.Source_8wekyb3d8bbwe\zig-x86_64-windows-0.16.0\lib\std\testing.zig:83: 0x7ff6f0d88639 in expectEqual (test_zcu.obj)
           return expectEqualInner(T, expected, actual);
       
       C:\Users\tvolo\AppData\Local\Microsoft\WinGet\Packages\zig.zig_Microsoft.Winget.Source_8wekyb3d8bbwe\zig-x86_64-windows-0.16.0\lib\std\testing.zig:83: 0x7ff6f0d88639 in expectEqual (test_zcu.obj)
           return expectEqualInner(T, expected, actual);
       
       C:\Users\tvolo\AppData\Local\Microsoft\WinGet\Packages\zig.zig_Microsoft.Winget.Source_8wekyb3d8bbwe\zig-x86_64-windows-0.16.0\lib\std\testing.zig:83: 0x7ff6f0d88639 in expectEqual (test_zcu.obj)
           return expectEqualInner(T, expected, actual);
       
       C:\Users\tvolo\AppData\Local\Microsoft\WinGet\Packages\zig.zig_Microsoft.Winget.Source_8wekyb3d8bbwe\zig-x86_64-windows-0.16.0\lib\std\testing.zig:83: 0x7ff6f0d88639 in expectEqual (test_zcu.obj)
           return expectEqualInner(T, expected, actual);
       
       C:\Users\tvolo\AppData\Local\Microsoft\WinGet\Packages\zig.zig_Microsoft.Winget.Source_8wekyb3d8bbwe\zig-x86_64-windows-0.16.0\lib\std\testing.zig:83: 0x7ff6f0d88639 in expectEqual (test_zcu.obj)
           return expectEqualInner(T, expected, actual);
       
       C:\Users\tvolo\AppData\Local\Microsoft\WinGet\Packages\zig.zig_Microsoft.Winget.Source_8wekyb3d8bbwe\zig-x86_64-windows-0.16.0\lib\std\testing.zig:83: 0x7ff6f0d88639 in expectEqual (test_zcu.obj)
           return expectEqualInner(T, expected, actual);
       
       C:\Users\tvolo\AppData\Local\Microsoft\WinGet\Packages\zig.zig_Microsoft.Winget.Source_8wekyb3d8bbwe\zig-x86_64-windows-0.16.0\lib\std\testing.zig:83: 0x7ff6f0d88639 in expectEqual (test_zcu.obj)
           return expectEqualInner(T, expected, actual);
       
       C:\Users\tvolo\AppData\Local\Microsoft\WinGet\Packages\zig.zig_Microsoft.Winget.Source_8wekyb3d8bbwe\zig-x86_64-windows-0.16.0\lib\std\testing.zig:83: 0x7ff6f0d88639 in expectEqual (test_zcu.obj)
           return expectEqualInner(T, expected, actual);
       
       C:\Users\tvolo\AppData\Local\Microsoft\WinGet\Packages\zig.zig_Microsoft.Winget.Source_8wekyb3d8bbwe\zig-x86_64-windows-0.16.0\lib\std\testing.zig:83: 0x7ff6f0d88639 in expectEqual (test_zcu.obj)
           return expectEqualInner(T, expected, actual);
       
       C:\Users\tvolo\AppData\Local\Microsoft\WinGet\Packages\zig.zig_Microsoft.Winget.Source_8wekyb3d8bbwe\zig-x86_64-windows-0.16.0\lib\std\testing.zig:83: 0x7ff6f0d88639 in expectEqual (test_zcu.obj)
           return expectEqualInner(T, expected, actual);
       
       C:\Users\tvolo\AppData\Local\Microsoft\WinGet\Packages\zig.zig_Microsoft.Winget.Source_8wekyb3d8bbwe\zig-x86_64-windows-0.16.0\lib\std\testing.zig:83: 0x7ff6f0d88639 in expectEqual (test_zcu.obj)
           return expectEqualInner(T, expected, actual);
       
       C:\Users\tvolo\AppData\Local\Microsoft\WinGet\Packages\zig.zig_Microsoft.Winget.Source_8wekyb3d8bbwe\zig-x86_64-windows-0.16.0\lib\std\testing.zig:83: 0x7ff6f0d88639 in expectEqual (test_zcu.obj)
           return expectEqualInner(T, expected, actual);
       
       C:\Users\tvolo\AppData\Local\Microsoft\WinGet\Packages\zig.zig_Microsoft.Winget.Source_8wekyb3d8bbwe\zig-x86_64-windows-0.16.0\lib\std\testing.zig:83: 0x7ff6f0d88639 in expectEqual (test_zcu.obj)
           return expectEqualInner(T, expected, actual);
       
       C:\Users\tvolo\AppData\Local\Microsoft\WinGet\Packages\zig.zig_Microsoft.Winget.Source_8wekyb3d8bbwe\zig-x86_64-windows-0.16.0\lib\std\testing.zig:83: 0x7ff6f0d88639 in expectEqual (test_zcu.obj)
           return expectEqualInner(T, expected, actual);
       
       C:\Users\tvolo\AppData\Local\Microsoft\WinGet\Packages\zig.zig_Microsoft.Winget.Source_8wekyb3d8bbwe\zig-x86_64-windows-0.16.0\lib\std\testing.zig:83: 0x7ff6f0d88639 in expectEqual (test_zcu.obj)
           return expectEqualInner(T, expected, actual);
       
       C:\Users\tvolo\AppData\Local\Microsoft\WinGet\Packages\zig.zig_Microsoft.Winget.Source_8wekyb3d8bbwe\zig-x86_64-windows-0.16.0\lib\std\testing.zig:83: 0x7ff6f0d88639 in expectEqual (test_zcu.obj)
           return expectEqualInner(T, expected, actual);
       
       C:\Users\tvolo\AppData\Local\Microsoft\WinGet\Packages\zig.zig_Microsoft.Winget.Source_8wekyb3d8bbwe\zig-x86_64-windows-0.16.0\lib\std\testing.zig:83: 0x7ff6f0d88639 in expectEqual (test_zcu.obj)
           return expectEqualInner(T, expected, actual);
       
       C:\Users\tvolo\AppData\Local\Microsoft\WinGet\Packages\zig.zig_Microsoft.Winget.Source_8wekyb3d8bbwe\zig-x86_64-windows-0.16.0\lib\std\testing.zig:83: 0x7ff6f0d88639 in expectEqual (test_zcu.obj)
           return expectEqualInner(T, expected, actual);
       
       C:\Users\tvolo\AppData\Local\Microsoft\WinGet\Packages\zig.zig_Microsoft.Winget.Source_8wekyb3d8bbwe\zig-x86_64-windows-0.16.0\lib\std\testing.zig:83: 0x7ff6f0d88639 in expectEqual (test_zcu.obj)
           return expectEqualInner(T, expected, actual);
       
       C:\Users\tvolo\AppData\Local\Microsoft\WinGet\Packages\zig.zig_Microsoft.Winget.Source_8wekyb3d8bbwe\zig-x86_64-windows-0.16.0\lib\std\testing.zig:83: 0x7ff6f0d88639 in expectEqual (test_zcu.obj)
           return expectEqualInner(T, expected, actual);
       
       C:\Users\tvolo\AppData\Local\Microsoft\WinGet\Packages\zig.zig_Microsoft.Winget.Source_8wekyb3d8bbwe\zig-x86_64-windows-0.16.0\lib\std\testing.zig:83: 0x7ff6f0d88639 in expectEqual (test_zcu.obj)
           return expectEqualInner(T, expected, actual);
       
       C:\Users\tvolo\AppData\Local\Microsoft\WinGet\Packages\zig.zig_Microsoft.Winget.Source_8wekyb3d8bbwe\zig-x86_64-windows-0.16.0\lib\std\testing.zig:83: 0x7ff6f0d88639 in expectEqual (test_zcu.obj)
           return expectEqualInner(T, expected, actual);
       
       C:\Users\tvolo\AppData\Local\Microsoft\WinGet\Packages\zig.zig_Microsoft.Winget.Source_8wekyb3d8bbwe\zig-x86_64-windows-0.16.0\lib\std\testing.zig:83: 0x7ff6f0d88639 in expectEqual (test_zcu.obj)
           return expectEqualInner(T, expected, actual);
       
       C:\Users\tvolo\AppData\Local\Microsoft\WinGet\Packages\zig.zig_Microsoft.Winget.Source_8wekyb3d8bbwe\zig-x86_64-windows-0.16.0\lib\std\testing.zig:83: 0x7ff6f0d88639 in expectEqual (test_zcu.obj)
           return expectEqualInner(T, expected, actual);
       
       C:\Users\tvolo\AppData\Local\Microsoft\WinGet\Packages\zig.zig_Microsoft.Winget.Source_8wekyb3d8bbwe\zig-x86_64-windows-0.16.0\lib\std\testing.zig:83: 0x7ff6f0d88639 in expectEqual (test_zcu.obj)
           return expectEqualInner(T, expected, actual);
       
       C:\Users\tvolo\AppData\Local\Microsoft\WinGet\Packages\zig.zig_Microsoft.Winget.Source_8wekyb3d8bbwe\zig-x86_64-windows-0.16.0\lib\std\testing.zig:83: 0x7ff6f0d88639 in expectEqual (test_zcu.obj)
           return expectEqualInner(T, expected, actual);
       
       C:\Users\tvolo\AppData\Local\Microsoft\WinGet\Packages\zig.zig_Microsoft.Winget.Source_8wekyb3d8bbwe\zig-x86_64-windows-0.16.0\lib\std\testing.zig:83: 0x7ff6f0d88639 in expectEqual (test_zcu.obj)
           return expectEqualInner(T, expected, actual);
       
       C:\Users\tvolo\AppData\Local\Microsoft\WinGet\Packages\zig.zig_Microsoft.Winget.Source_8wekyb3d8bbwe\zig-x86_64-windows-0.16.0\lib\std\testing.zig:83: 0x7ff6f0d88639 in expectEqual (test_zcu.obj)
           return expectEqualInner(T, expected, actual);
       
       C:\Users\tvolo\AppData\Local\Microsoft\WinGet\Packages\zig.zig_Microsoft.Winget.Source_8wekyb3d8bbwe\zig-x86_64-windows-0.16.0\lib\std\testing.zig:83: 0x7ff6f0d88639 in expectEqual (test_zcu.obj)
           return expectEqualInner(T, expected, actual);
       
       C:\Users\tvolo\AppData\Local\Microsoft\WinGet\Packages\zig.zig_Microsoft.Winget.Source_8wekyb3d8bbwe\zig-x86_64-windows-0.16.0\lib\std\testing.zig:83: 0x7ff6f0d88639 in expectEqual (test_zcu.obj)
           return expectEqualInner(T, expected, actual);
       
       C:\Users\tvolo\AppData\Local\Microsoft\WinGet\Packages\zig.zig_Microsoft.Winget.Source_8wekyb3d8bbwe\zig-x86_64-windows-0.16.0\lib\std\testing.zig:83: 0x7ff6f0d88639 in expectEqual (test_zcu.obj)
           return expectEqualInner(T, expected, actual);
       
       C:\Users\tvolo\AppData\Local\Microsoft\WinGet\Packages\zig.zig_Microsoft.Winget.Source_8wekyb3d8bbwe\zig-x86_64-windows-0.16.0\lib\std\testing.zig:83: 0x7ff6f0d88639 in expectEqual (test_zcu.obj)
           return expectEqualInner(T, expected, actual);
       
       C:\Users\tvolo\AppData\Local\Microsoft\WinGet\Packages\zig.zig_Microsoft.Winget.Source_8wekyb3d8bbwe\zig-x86_64-windows-0.16.0\lib\std\testing.zig:83: 0x7ff6f0d88639 in expectEqual (test_zcu.obj)
           return expectEqualInner(T, expected, actual);
       
       C:\Users\tvolo\AppData\Local\Microsoft\WinGet\Packages\zig.zig_Microsoft.Winget.Source_8wekyb3d8bbwe\zig-x86_64-windows-0.16.0\lib\std\testing.zig:83: 0x7ff6f0d88639 in expectEqual (test_zcu.obj)
           return expectEqualInner(T, expected, actual);
       
       C:\Users\tvolo\AppData\Local\Microsoft\WinGet\Packages\zig.zig_Microsoft.Winget.Source_8wekyb3d8bbwe\zig-x86_64-windows-0.16.0\lib\std\testing.zig:83: 0x7ff6f0d88639 in expectEqual (test_zcu.obj)
           return expectEqualInner(T, expected, actual);
       
       C:\Users\tvolo\AppData\Local\Microsoft\WinGet\Packages\zig.zig_Microsoft.Winget.Source_8wekyb3d8bbwe\zig-x86_64-windows-0.16.0\lib\std\testing.zig:83: 0x7ff6f0d88639 in expectEqual (test_zcu.obj)
           return expectEqualInner(T, expected, actual);
       
       C:\Users\tvolo\AppData\Local\Microsoft\WinGet\Packages\zig.zig_Microsoft.Winget.Source_8wekyb3d8bbwe\zig-x86_64-windows-0.16.0\lib\std\testing.zig:83: 0x7ff6f0d88639 in expectEqual (test_zcu.obj)
           return expectEqualInner(T, expected, actual);
       
       C:\Users\tvolo\AppData\Local\Microsoft\WinGet\Packages\zig.zig_Microsoft.Winget.Source_8wekyb3d8bbwe\zig-x86_64-windows-0.16.0\lib\std\testing.zig:83: 0x7ff6f0d88639 in expectEqual (test_zcu.obj)
           return expectEqualInner(T, expected, actual);
       
       C:\Users\tvolo\AppData\Local\Microsoft\WinGet\Packages\zig.zig_Microsoft.Winget.Source_8wekyb3d8bbwe\zig-x86_64-windows-0.16.0\lib\std\testing.zig:83: 0x7ff6f0d88639 in expectEqual (test_zcu.obj)
           return expectEqualInner(T, expected, actual);
       
       C:\Users\tvolo\AppData\Local\Microsoft\WinGet\Packages\zig.zig_Microsoft.Winget.Source_8wekyb3d8bbwe\zig-x86_64-windows-0.16.0\lib\std\testing.zig:83: 0x7ff6f0d88639 in expectEqual (test_zcu.obj)
           return expectEqualInner(T, expected, actual);
       
       C:\Users\tvolo\AppData\Local\Microsoft\WinGet\Packages\zig.zig_Microsoft.Winget.Source_8wekyb3d8bbwe\zig-x86_64-windows-0.16.0\lib\std\testing.zig:83: 0x7ff6f0d88639 in expectEqual (test_zcu.obj)
           return expectEqualInner(T, expected, actual);
       
       C:\Users\tvolo\AppData\Local\Microsoft\WinGet\Packages\zig.zig_Microsoft.Winget.Source_8wekyb3d8bbwe\zig-x86_64-windows-0.16.0\lib\std\testing.zig:83: 0x7ff6f0d88639 in expectEqual (test_zcu.obj)
           return expectEqualInner(T, expected, actual);
       
       C:\Users\tvolo\AppData\Local\Microsoft\WinGet\Packages\zig.zig_Microsoft.Winget.Source_8wekyb3d8bbwe\zig-x86_64-windows-0.16.0\lib\std\testing.zig:83: 0x7ff6f0d88639 in expectEqual (test_zcu.obj)
           return expectEqualInner(T, expected, actual);
       
       C:\Users\tvolo\AppData\Local\Microsoft\WinGet\Packages\zig.zig_Microsoft.Winget.Source_8wekyb3d8bbwe\zig-x86_64-windows-0.16.0\lib\std\testing.zig:83: 0x7ff6f0d88639 in expectEqual (test_zcu.obj)
           return expectEqualInner(T, expected, actual);
       
       C:\Users\tvolo\AppData\Local\Microsoft\WinGet\Packages\zig.zig_Microsoft.Winget.Source_8wekyb3d8bbwe\zig-x86_64-windows-0.16.0\lib\std\testing.zig:83: 0x7ff6f0d88639 in expectEqual (test_zcu.obj)
           return expectEqualInner(T, expected, actual);
       
       C:\Users\tvolo\AppData\Local\Microsoft\WinGet\Packages\zig.zig_Microsoft.Winget.Source_8wekyb3d8bbwe\zig-x86_64-windows-0.16.0\lib\std\testing.zig:83: 0x7ff6f0d88639 in expectEqual (test_zcu.obj)
           return expectEqualInner(T, expected, actual);
       
       C:\Users\tvolo\AppData\Local\Microsoft\WinGet\Packages\zig.zig_Microsoft.Winget.Source_8wekyb3d8bbwe\zig-x86_64-windows-0.16.0\lib\std\testing.zig:83: 0x7ff6f0d88639 in expectEqual (test_zcu.obj)
           return expectEqualInner(T, expected, actual);
       
       C:\Users\tvolo\AppData\Local\Microsoft\WinGet\Packages\zig.zig_Microsoft.Winget.Source_8wekyb3d8bbwe\zig-x86_64-windows-0.16.0\lib\std\testing.zig:83: 0x7ff6f0d88639 in expectEqual (test_zcu.obj)
           return expectEqualInner(T, expected, actual);
       
       C:\Users\tvolo\AppData\Local\Microsoft\WinGet\Packages\zig.zig_Microsoft.Winget.Source_8wekyb3d8bbwe\zig-x86_64-windows-0.16.0\lib\std\testing.zig:83: 0x7ff6f0d88639 in expectEqual (test_zcu.obj)
           return expectEqualInner(T, expected, actual);
       
       C:\Users\tvolo\AppData\Local\Microsoft\WinGet\Packages\zig.zig_Microsoft.Winget.Source_8wekyb3d8bbwe\zig-x86_64-windows-0.16.0\lib\std\testing.zig:83: 0x7ff6f0d88639 in expectEqual (test_zcu.obj)
           return expectEqualInner(T, expected, actual);
       
       C:\Users\tvolo\AppData\Local\Microsoft\WinGet\Packages\zig.zig_Microsoft.Winget.Source_8wekyb3d8bbwe\zig-x86_64-windows-0.16.0\lib\std\testing.zig:83: 0x7ff6f0d88639 in expectEqual (test_zcu.obj)
           return expectEqualInner(T, expected, actual);
       
       C:\Users\tvolo\AppData\Local\Microsoft\WinGet\Packages\zig.zig_Microsoft.Winget.Source_8wekyb3d8bbwe\zig-x86_64-windows-0.16.0\lib\std\testing.zig:83: 0x7ff6f0d88639 in expectEqual (test_zcu.obj)
           return expectEqualInner(T, expected, actual);
       
       C:\Users\tvolo\AppData\Local\Microsoft\WinGet\Packages\zig.zig_Microsoft.Winget.Source_8wekyb3d8bbwe\zig-x86_64-windows-0.16.0\lib\std\testing.zig:83: 0x7ff6f0d88639 in expectEqual (test_zcu.obj)
           return expectEqualInner(T, expected, actual);
       
       C:\Users\tvolo\AppData\Local\Microsoft\WinGet\Packages\zig.zig_Microsoft.Winget.Source_8wekyb3d8bbwe\zig-x86_64-windows-0.16.0\lib\std\testing.zig:83: 0x7ff6f0d88639 in expectEqual (test_zcu.obj)
           return expectEqualInner(T, expected, actual);
       
       C:\Users\tvolo\AppData\Local\Microsoft\WinGet\Packages\zig.zig_Microsoft.Winget.Source_8wekyb3d8bbwe\zig-x86_64-windows-0.16.0\lib\std\testing.zig:83: 0x7ff6f0d88639 in expectEqual (test_zcu.obj)
           return expectEqualInner(T, expected, actual);
       
       C:\Users\tvolo\AppData\Local\Microsoft\WinGet\Packages\zig.zig_Microsoft.Winget.Source_8wekyb3d8bbwe\zig-x86_64-windows-0.16.0\lib\std\testing.zig:83: 0x7ff6f0d88639 in expectEqual (test_zcu.obj)
           return expectEqualInner(T, expected, actual);
       
       C:\Users\tvolo\AppData\Local\Microsoft\WinGet\Packages\zig.zig_Microsoft.Winget.Source_8wekyb3d8bbwe\zig-x86_64-windows-0.16.0\lib\std\testing.zig:83: 0x7ff6f0d88639 in expectEqual (test_zcu.obj)
           return expectEqualInner(T, expected, actual);
       
       C:\Users\tvolo\AppData\Local\Microsoft\WinGet\Packages\zig.zig_Microsoft.Winget.Source_8wekyb3d8bbwe\zig-x86_64-windows-0.16.0\lib\std\testing.zig:83: 0x7ff6f0d88639 in expectEqual (test_zcu.obj)
           return expectEqualInner(T, expected, actual);
       
       C:\Users\tvolo\AppData\Local\Microsoft\WinGet\Packages\zig.zig_Microsoft.Winget.Source_8wekyb3d8bbwe\zig-x86_64-windows-0.16.0\lib\std\testing.zig:83: 0x7ff6f0d88639 in expectEqual (test_zcu.obj)
           return expectEqualInner(T, expected, actual);
       
       C:\Users\tvolo\AppData\Local\Microsoft\WinGet\Packages\zig.zig_Microsoft.Winget.Source_8wekyb3d8bbwe\zig-x86_64-windows-0.16.0\lib\std\testing.zig:83: 0x7ff6f0d88639 in expectEqual (test_zcu.obj)
           return expectEqualInner(T, expected, actual);
       
       C:\Users\tvolo\AppData\Local\Microsoft\WinGet\Packages\zig.zig_Microsoft.Winget.Source_8wekyb3d8bbwe\zig-x86_64-windows-0.16.0\lib\std\testing.zig:83: 0x7ff6f0d88639 in expectEqual (test_zcu.obj)
           return expectEqualInner(T, expected, actual);
       
       C:\Users\tvolo\AppData\Local\Microsoft\WinGet\Packages\zig.zig_Microsoft.Winget.Source_8wekyb3d8bbwe\zig-x86_64-windows-0.16.0\lib\std\testing.zig:83: 0x7ff6f0d88639 in expectEqual (test_zcu.obj)
           return expectEqualInner(T, expected, actual);
       
       C:\Users\tvolo\AppData\Local\Microsoft\WinGet\Packages\zig.zig_Microsoft.Winget.Source_8wekyb3d8bbwe\zig-x86_64-windows-0.16.0\lib\std\testing.zig:83: 0x7ff6f0d88639 in expectEqual (test_zcu.obj)
           return expectEqualInner(T, expected, actual);
       
       C:\Users\tvolo\AppData\Local\Microsoft\WinGet\Packages\zig.zig_Microsoft.Winget.Source_8wekyb3d8bbwe\zig-x86_64-windows-0.16.0\lib\std\testing.zig:83: 0x7ff6f0d88639 in expectEqual (test_zcu.obj)
           return expectEqualInner(T, expected, actual);
       
       C:\Users\tvolo\AppData\Local\Microsoft\WinGet\Packages\zig.zig_Microsoft.Winget.Source_8wekyb3d8bbwe\zig-x86_64-windows-0.16.0\lib\std\testing.zig:83: 0x7ff6f0d88639 in expectEqual (test_zcu.obj)
           return expectEqualInner(T, expected, actual);
       
       C:\Users\tvolo\AppData\Local\Microsoft\WinGet\Packages\zig.zig_Microsoft.Winget.Source_8wekyb3d8bbwe\zig-x86_64-windows-0.16.0\lib\std\testing.zig:83: 0x7ff6f0d88639 in expectEqual (test_zcu.obj)
           return expectEqualInner(T, expected, actual);
       
       C:\Users\tvolo\AppData\Local\Microsoft\WinGet\Packages\zig.zig_Microsoft.Winget.Source_8wekyb3d8bbwe\zig-x86_64-windows-0.16.0\lib\std\testing.zig:83: 0x7ff6f0d88639 in expectEqual (test_zcu.obj)
           return expectEqualInner(T, expected, actual);
       
       C:\Users\tvolo\AppData\Local\Microsoft\WinGet\Packages\zig.zig_Microsoft.Winget.Source_8wekyb3d8bbwe\zig-x86_64-windows-0.16.0\lib\std\testing.zig:83: 0x7ff6f0d88639 in expectEqual (test_zcu.obj)
           return expectEqualInner(T, expected, actual);
       
       C:\Users\tvolo\AppData\Local\Microsoft\WinGet\Packages\zig.zig_Microsoft.Winget.Source_8wekyb3d8bbwe\zig-x86_64-windows-0.16.0\lib\std\testing.zig:83: 0x7ff6f0d88639 in expectEqual (test_zcu.obj)
           return expectEqualInner(T, expected, actual);
       
       C:\Users\tvolo\AppData\Local\Microsoft\WinGet\Packages\zig.zig_Microsoft.Winget.Source_8wekyb3d8bbwe\zig-x86_64-windows-0.16.0\lib\std\testing.zig:83: 0x7ff6f0d88639 in expectEqual (test_zcu.obj)
           return expectEqualInner(T, expected, actual);
       
       C:\Users\tvolo\AppData\Local\Microsoft\WinGet\Packages\zig.zig_Microsoft.Winget.Source_8wekyb3d8bbwe\zig-x86_64-windows-0.16.0\lib\std\testing.zig:83: 0x7ff6f0d88639 in expectEqual (test_zcu.obj)
           return expectEqualInner(T, expected, actual);
       
       C:\Users\tvolo\AppData\Local\Microsoft\WinGet\Packages\zig.zig_Microsoft.Winget.Source_8wekyb3d8bbwe\zig-x86_64-windows-0.16.0\lib\std\testing.zig:83: 0x7ff6f0d88639 in expectEqual (test_zcu.obj)
           return expectEqualInner(T, expected, actual);
       
       C:\Users\tvolo\AppData\Local\Microsoft\WinGet\Packages\zig.zig_Microsoft.Winget.Source_8wekyb3d8bbwe\zig-x86_64-windows-0.16.0\lib\std\testing.zig:83: 0x7ff6f0d88639 in expectEqual (test_zcu.obj)
           return expectEqualInner(T, expected, actual);
       
       C:\Users\tvolo\AppData\Local\Microsoft\WinGet\Packages\zig.zig_Microsoft.Winget.Source_8wekyb3d8bbwe\zig-x86_64-windows-0.16.0\lib\std\testing.zig:83: 0x7ff6f0d88639 in expectEqual (test_zcu.obj)
           return expectEqualInner(T, expected, actual);
       
       C:\Users\tvolo\AppData\Local\Microsoft\WinGet\Packages\zig.zig_Microsoft.Winget.Source_8wekyb3d8bbwe\zig-x86_64-windows-0.16.0\lib\std\testing.zig:83: 0x7ff6f0d88639 in expectEqual (test_zcu.obj)
           return expectEqualInner(T, expected, actual);
       
       C:\Users\tvolo\AppData\Local\Microsoft\WinGet\Packages\zig.zig_Microsoft.Winget.Source_8wekyb3d8bbwe\zig-x86_64-windows-0.16.0\lib\std\testing.zig:83: 0x7ff6f0d88639 in expectEqual (test_zcu.obj)
           return expectEqualInner(T, expected, actual);
       
       C:\Users\tvolo\AppData\Local\Microsoft\WinGet\Packages\zig.zig_Microsoft.Winget.Source_8wekyb3d8bbwe\zig-x86_64-windows-0.16.0\lib\std\testing.zig:83: 0x7ff6f0d88639 in expectEqual (test_zcu.obj)
           return expectEqualInner(T, expected, actual);
       
       C:\Users\tvolo\AppData\Local\Microsoft\WinGet\Packages\zig.zig_Microsoft.Winget.Source_8wekyb3d8bbwe\zig-x86_64-windows-0.16.0\lib\std\testing.zig:83: 0x7ff6f0d88639 in expectEqual (test_zcu.obj)
           return expectEqualInner(T, expected, actual);
       
       C:\Users\tvolo\AppData\Local\Microsoft\WinGet\Packages\zig.zig_Microsoft.Winget.Source_8wekyb3d8bbwe\zig-x86_64-windows-0.16.0\lib\std\testing.zig:83: 0x7ff6f0d88639 in expectEqual (test_zcu.obj)
           return expectEqualInner(T, expected, actual);
       
       C:\Users\tvolo\AppData\Local\Microsoft\WinGet\Packages\zig.zig_Microsoft.Winget.Source_8wekyb3d8bbwe\zig-x86_64-windows-0.16.0\lib\std\testing.zig:83: 0x7ff6f0d88639 in expectEqual (test_zcu.obj)
           return expectEqualInner(T, expected, actual);
       
       C:\Users\tvolo\AppData\Local\Microsoft\WinGet\Packages\zig.zig_Microsoft.Winget.Source_8wekyb3d8bbwe\zig-x86_64-windows-0.16.0\lib\std\testing.zig:83: 0x7ff6f0d88639 in expectEqual (test_zcu.obj)
           return expectEqualInner(T, expected, actual);
       
       C:\Users\tvolo\AppData\Local\Microsoft\WinGet\Packages\zig.zig_Microsoft.Winget.Source_8wekyb3d8bbwe\zig-x86_64-windows-0.16.0\lib\std\testing.zig:83: 0x7ff6f0d88639 in expectEqual (test_zcu.obj)
           return expectEqualInner(T, expected, actual);
       
       C:\Users\tvolo\AppData\Local\Microsoft\WinGet\Packages\zig.zig_Microsoft.Winget.Source_8wekyb3d8bbwe\zig-x86_64-windows-0.16.0\lib\std\testing.zig:83: 0x7ff6f0d88639 in expectEqual (test_zcu.obj)
           return expectEqualInner(T, expected, actual);
       
       C:\Users\tvolo\AppData\Local\Microsoft\WinGet\Packages\zig.zig_Microsoft.Winget.Source_8wekyb3d8bbwe\zig-x86_64-windows-0.16.0\lib\std\testing.zig:83: 0x7ff6f0d88639 in expectEqual (test_zcu.obj)
           return expectEqualInner(T, expected, actual);
       
       C:\Users\tvolo\AppData\Local\Microsoft\WinGet\Packages\zig.zig_Microsoft.Winget.Source_8wekyb3d8bbwe\zig-x86_64-windows-0.16.0\lib\std\testing.zig:83: 0x7ff6f0d88639 in expectEqual (test_zcu.obj)
           return expectEqualInner(T, expected, actual);
       
       C:\Users\tvolo\AppData\Local\Microsoft\WinGet\Packages\zig.zig_Microsoft.Winget.Source_8wekyb3d8bbwe\zig-x86_64-windows-0.16.0\lib\std\testing.zig:83: 0x7ff6f0d88639 in expectEqual (test_zcu.obj)
           return expectEqualInner(T, expected, actual);
       
       C:\Users\tvolo\AppData\Local\Microsoft\WinGet\Packages\zig.zig_Microsoft.Winget.Source_8wekyb3d8bbwe\zig-x86_64-windows-0.16.0\lib\std\testing.zig:83: 0x7ff6f0d88639 in expectEqual (test_zcu.obj)
           return expectEqualInner(T, expected, actual);
       
       C:\Users\tvolo\AppData\Local\Microsoft\WinGet\Packages\zig.zig_Microsoft.Winget.Source_8wekyb3d8bbwe\zig-x86_64-windows-0.16.0\lib\std\testing.zig:83: 0x7ff6f0d88639 in expectEqual (test_zcu.obj)
           return expectEqualInner(T, expected, actual);
       
       C:\Users\tvolo\AppData\Local\Microsoft\WinGet\Packages\zig.zig_Microsoft.Winget.Source_8wekyb3d8bbwe\zig-x86_64-windows-0.16.0\lib\std\testing.zig:83: 0x7ff6f0d88639 in expectEqual (test_zcu.obj)
           return expectEqualInner(T, expected, actual);
       
       C:\Users\tvolo\AppData\Local\Microsoft\WinGet\Packages\zig.zig_Microsoft.Winget.Source_8wekyb3d8bbwe\zig-x86_64-windows-0.16.0\lib\std\testing.zig:83: 0x7ff6f0d88639 in expectEqual (test_zcu.obj)
           return expectEqualInner(T, expected, actual);
       
       C:\Users\tvolo\AppData\Local\Microsoft\WinGet\Packages\zig.zig_Microsoft.Winget.Source_8wekyb3d8bbwe\zig-x86_64-windows-0.16.0\lib\std\testing.zig:83: 0x7ff6f0d88639 in expectEqual (test_zcu.obj)
           return expectEqualInner(T, expected, actual);
       
       C:\Users\tvolo\AppData\Local\Microsoft\WinGet\Packages\zig.zig_Microsoft.Winget.Source_8wekyb3d8bbwe\zig-x86_64-windows-0.16.0\lib\std\testing.zig:83: 0x7ff6f0d88639 in expectEqual (test_zcu.obj)
           return expectEqualInner(T, expected, actual);
       
       C:\Users\tvolo\AppData\Local\Microsoft\WinGet\Packages\zig.zig_Microsoft.Winget.Source_8wekyb3d8bbwe\zig-x86_64-windows-0.16.0\lib\std\testing.zig:83: 0x7ff6f0d88639 in expectEqual (test_zcu.obj)
           return expectEqualInner(T, expected, actual);
       
       C:\Users\tvolo\AppData\Local\Microsoft\WinGet\Packages\zig.zig_Microsoft.Winget.Source_8wekyb3d8bbwe\zig-x86_64-windows-0.16.0\lib\std\testing.zig:83: 0x7ff6f0d88639 in expectEqual (test_zcu.obj)
           return expectEqualInner(T, expected, actual);
       
       C:\Users\tvolo\AppData\Local\Microsoft\WinGet\Packages\zig.zig_Microsoft.Winget.Source_8wekyb3d8bbwe\zig-x86_64-windows-0.16.0\lib\std\testing.zig:83: 0x7ff6f0d88639 in expectEqual (test_zcu.obj)
           return expectEqualInner(T, expected, actual);
       
       C:\Users\tvolo\AppData\Local\Microsoft\WinGet\Packages\zig.zig_Microsoft.Winget.Source_8wekyb3d8bbwe\zig-x86_64-windows-0.16.0\lib\std\testing.zig:83: 0x7ff6f0d88639 in expectEqual (test_zcu.obj)
           return expectEqualInner(T, expected, actual);
       
       C:\Users\tvolo\AppData\Local\Microsoft\WinGet\Packages\zig.zig_Microsoft.Winget.Source_8wekyb3d8bbwe\zig-x86_64-windows-0.16.0\lib\std\testing.zig:83: 0x7ff6f0d88639 in expectEqual (test_zcu.obj)
           return expectEqualInner(T, expected, actual);
       
       C:\Users\tvolo\AppData\Local\Microsoft\WinGet\Packages\zig.zig_Microsoft.Winget.Source_8wekyb3d8bbwe\zig-x86_64-windows-0.16.0\lib\std\testing.zig:83: 0x7ff6f0d88639 in expectEqual (test_zcu.obj)
           return expectEqualInner(T, expected, actual);
       
       C:\Users\tvolo\AppData\Local\Microsoft\WinGet\Packages\zig.zig_Microsoft.Winget.Source_8wekyb3d8bbwe\zig-x86_64-windows-0.16.0\lib\std\testing.zig:83: 0x7ff6f0d88639 in expectEqual (test_zcu.obj)
           return expectEqualInner(T, expected, actual);
       
       C:\Users\tvolo\AppData\Local\Microsoft\WinGet\Packages\zig.zig_Microsoft.Winget.Source_8wekyb3d8bbwe\zig-x86_64-windows-0.16.0\lib\std\testing.zig:83: 0x7ff6f0d88639 in expectEqual (test_zcu.obj)
           return expectEqualInner(T, expected, actual);
       
       C:\Users\tvolo\AppData\Local\Microsoft\WinGet\Packages\zig.zig_Microsoft.Winget.Source_8wekyb3d8bbwe\zig-x86_64-windows-0.16.0\lib\std\testing.zig:83: 0x7ff6f0d88639 in expectEqual (test_zcu.obj)
           return expectEqualInner(T, expected, actual);
       
       C:\Users\tvolo\AppData\Local\Microsoft\WinGet\Packages\zig.zig_Microsoft.Winget.Source_8wekyb3d8bbwe\zig-x86_64-windows-0.16.0\lib\std\testing.zig:83: 0x7ff6f0d88639 in expectEqual (test_zcu.obj)
           return expectEqualInner(T, expected, actual);
       
       C:\Users\tvolo\AppData\Local\Microsoft\WinGet\Packages\zig.zig_Microsoft.Winget.Source_8wekyb3d8bbwe\zig-x86_64-windows-0.16.0\lib\std\testing.zig:83: 0x7ff6f0d88639 in expectEqual (test_zcu.obj)
           return expectEqualInner(T, expected, actual);
       
       C:\Users\tvolo\AppData\Local\Microsoft\WinGet\Packages\zig.zig_Microsoft.Winget.Source_8wekyb3d8bbwe\zig-x86_64-windows-0.16.0\lib\std\testing.zig:83: 0x7ff6f0d88639 in expectEqual (test_zcu.obj)
           return expectEqualInner(T, expected, actual);
       
       C:\Users\tvolo\AppData\Local\Microsoft\WinGet\Packages\zig.zig_Microsoft.Winget.Source_8wekyb3d8bbwe\zig-x86_64-windows-0.16.0\lib\std\testing.zig:83: 0x7ff6f0d88639 in expectEqual (test_zcu.obj)
           return expectEqualInner(T, expected, actual);
       
       C:\Users\tvolo\AppData\Local\Microsoft\WinGet\Packages\zig.zig_Microsoft.Winget.Source_8wekyb3d8bbwe\zig-x86_64-windows-0.16.0\lib\std\testing.zig:83: 0x7ff6f0d88639 in expectEqual (test_zcu.obj)
           return expectEqualInner(T, expected, actual);
       
       C:\Users\tvolo\AppData\Local\Microsoft\WinGet\Packages\zig.zig_Microsoft.Winget.Source_8wekyb3d8bbwe\zig-x86_64-windows-0.16.0\lib\std\testing.zig:83: 0x7ff6f0d88639 in expectEqual (test_zcu.obj)
           return expectEqualInner(T, expected, actual);
       
       C:\Users\tvolo\AppData\Local\Microsoft\WinGet\Packages\zig.zig_Microsoft.Winget.Source_8wekyb3d8bbwe\zig-x86_64-windows-0.16.0\lib\std\testing.zig:83: 0x7ff6f0d88639 in expectEqual (test_zcu.obj)
           return expectEqualInner(T, expected, actual);
       
       C:\Users\tvolo\AppData\Local\Microsoft\WinGet\Packages\zig.zig_Microsoft.Winget.Source_8wekyb3d8bbwe\zig-x86_64-windows-0.16.0\lib\std\testing.zig:83: 0x7ff6f0d88639 in expectEqual (test_zcu.obj)
           return expectEqualInner(T, expected, actual);
       
       C:\Users\tvolo\AppData\Local\Microsoft\WinGet\Packages\zig.zig_Microsoft.Winget.Source_8wekyb3d8bbwe\zig-x86_64-windows-0.16.0\lib\std\testing.zig:83: 0x7ff6f0d88639 in expectEqual (test_zcu.obj)
           return expectEqualInner(T, expected, actual);
       
       C:\Users\tvolo\AppData\Local\Microsoft\WinGet\Packages\zig.zig_Microsoft.Winget.Source_8wekyb3d8bbwe\zig-x86_64-windows-0.16.0\lib\std\testing.zig:83: 0x7ff6f0d88639 in expectEqual (test_zcu.obj)
           return expectEqualInner(T, expected, actual);
       
       C:\Users\tvolo\AppData\Local\Microsoft\WinGet\Packages\zig.zig_Microsoft.Winget.Source_8wekyb3d8bbwe\zig-x86_64-windows-0.16.0\lib\std\testing.zig:83: 0x7ff6f0d88639 in expectEqual (test_zcu.obj)
           return expectEqualInner(T, expected, actual);
       
       C:\Users\tvolo\AppData\Local\Microsoft\WinGet\Packages\zig.zig_Microsoft.Winget.Source_8wekyb3d8bbwe\zig-x86_64-windows-0.16.0\lib\std\testing.zig:83: 0x7ff6f0d88639 in expectEqual (test_zcu.obj)
           return expectEqualInner(T, expected, actual);
       
       C:\Users\tvolo\AppData\Local\Microsoft\WinGet\Packages\zig.zig_Microsoft.Winget.Source_8wekyb3d8bbwe\zig-x86_64-windows-0.16.0\lib\std\testing.zig:83: 0x7ff6f0d88639 in expectEqual (test_zcu.obj)
           return expectEqualInner(T, expected, actual);
       
       C:\Users\tvolo\AppData\Local\Microsoft\WinGet\Packages\zig.zig_Microsoft.Winget.Source_8wekyb3d8bbwe\zig-x86_64-windows-0.16.0\lib\std\testing.zig:83: 0x7ff6f0d88639 in expectEqual (test_zcu.obj)
           return expectEqualInner(T, expected, actual);
       
       C:\Users\tvolo\AppData\Local\Microsoft\WinGet\Packages\zig.zig_Microsoft.Winget.Source_8wekyb3d8bbwe\zig-x86_64-windows-0.16.0\lib\std\testing.zig:83: 0x7ff6f0d88639 in expectEqual (test_zcu.obj)
           return expectEqualInner(T, expected, actual);
       
       C:\Users\tvolo\AppData\Local\Microsoft\WinGet\Packages\zig.zig_Microsoft.Winget.Source_8wekyb3d8bbwe\zig-x86_64-windows-0.16.0\lib\std\testing.zig:83: 0x7ff6f0d88639 in expectEqual (test_zcu.obj)
           return expectEqualInner(T, expected, actual);
       
       C:\Users\tvolo\AppData\Local\Microsoft\WinGet\Packages\zig.zig_Microsoft.Winget.Source_8wekyb3d8bbwe\zig-x86_64-windows-0.16.0\lib\std\testing.zig:83: 0x7ff6f0d88639 in expectEqual (test_zcu.obj)
           return expectEqualInner(T, expected, actual);
       
       C:\Users\tvolo\AppData\Local\Microsoft\WinGet\Packages\zig.zig_Microsoft.Winget.Source_8wekyb3d8bbwe\zig-x86_64-windows-0.16.0\lib\std\testing.zig:83: 0x7ff6f0d88639 in expectEqual (test_zcu.obj)
           return expectEqualInner(T, expected, actual);
       
       C:\Users\tvolo\AppData\Local\Microsoft\WinGet\Packages\zig.zig_Microsoft.Winget.Source_8wekyb3d8bbwe\zig-x86_64-windows-0.16.0\lib\std\testing.zig:83: 0x7ff6f0d88639 in expectEqual (test_zcu.obj)
           return expectEqualInner(T, expected, actual);
       
       C:\Users\tvolo\AppData\Local\Microsoft\WinGet\Packages\zig.zig_Microsoft.Winget.Source_8wekyb3d8bbwe\zig-x86_64-windows-0.16.0\lib\std\testing.zig:83: 0x7ff6f0d88639 in expectEqual (test_zcu.obj)
           return expectEqualInner(T, expected, actual);
       
       C:\Users\tvolo\AppData\Local\Microsoft\WinGet\Packages\zig.zig_Microsoft.Winget.Source_8wekyb3d8bbwe\zig-x86_64-windows-0.16.0\lib\std\testing.zig:83: 0x7ff6f0d88639 in expectEqual (test_zcu.obj)
           return expectEqualInner(T, expected, actual);
       
       C:\Users\tvolo\AppData\Local\Microsoft\WinGet\Packages\zig.zig_Microsoft.Winget.Source_8wekyb3d8bbwe\zig-x86_64-windows-0.16.0\lib\std\testing.zig:83: 0x7ff6f0d88639 in expectEqual (test_zcu.obj)
           return expectEqualInner(T, expected, actual);
       
       C:\Users\tvolo\AppData\Local\Microsoft\WinGet\Packages\zig.zig_Microsoft.Winget.Source_8wekyb3d8bbwe\zig-x86_64-windows-0.16.0\lib\std\testing.zig:83: 0x7ff6f0d88639 in expectEqual (test_zcu.obj)
           return expectEqualInner(T, expected, actual);
       
       C:\Users\tvolo\AppData\Local\Microsoft\WinGet\Packages\zig.zig_Microsoft.Winget.Source_8wekyb3d8bbwe\zig-x86_64-windows-0.16.0\lib\std\testing.zig:83: 0x7ff6f0d88639 in expectEqual (test_zcu.obj)
           return expectEqualInner(T, expected, actual);
       
       C:\Users\tvolo\AppData\Local\Microsoft\WinGet\Packages\zig.zig_Microsoft.Winget.Source_8wekyb3d8bbwe\zig-x86_64-windows-0.16.0\lib\std\testing.zig:83: 0x7ff6f0d88639 in expectEqual (test_zcu.obj)
           return expectEqualInner(T, expected, actual);
       
       C:\Users\tvolo\AppData\Local\Microsoft\WinGet\Packages\zig.zig_Microsoft.Winget.Source_8wekyb3d8bbwe\zig-x86_64-windows-0.16.0\lib\std\testing.zig:83: 0x7ff6f0d88639 in expectEqual (test_zcu.obj)
           return expectEqualInner(T, expected, actual);
       
       C:\Users\tvolo\AppData\Local\Microsoft\WinGet\Packages\zig.zig_Microsoft.Winget.Source_8wekyb3d8bbwe\zig-x86_64-windows-0.16.0\lib\std\testing.zig:83: 0x7ff6f0d88639 in expectEqual (test_zcu.obj)
           return expectEqualInner(T, expected, actual);
       
       C:\Users\tvolo\AppData\Local\Microsoft\WinGet\Packages\zig.zig_Microsoft.Winget.Source_8wekyb3d8bbwe\zig-x86_64-windows-0.16.0\lib\std\testing.zig:83: 0x7ff6f0d88639 in expectEqual (test_zcu.obj)
           return expectEqualInner(T, expected, actual);
       
       C:\Users\tvolo\AppData\Local\Microsoft\WinGet\Packages\zig.zig_Microsoft.Winget.Source_8wekyb3d8bbwe\zig-x86_64-windows-0.16.0\lib\std\testing.zig:83: 0x7ff6f0d88639 in expectEqual (test_zcu.obj)
           return expectEqualInner(T, expected, actual);
       
       C:\Users\tvolo\AppData\Local\Microsoft\WinGet\Packages\zig.zig_Microsoft.Winget.Source_8wekyb3d8bbwe\zig-x86_64-windows-0.16.0\lib\std\testing.zig:83: 0x7ff6f0d88639 in expectEqual (test_zcu.obj)
           return expectEqualInner(T, expected, actual);
       
       C:\Users\tvolo\AppData\Local\Microsoft\WinGet\Packages\zig.zig_Microsoft.Winget.Source_8wekyb3d8bbwe\zig-x86_64-windows-0.16.0\lib\std\testing.zig:83: 0x7ff6f0d88639 in expectEqual (test_zcu.obj)
           return expectEqualInner(T, expected, actual);
       
       C:\Users\tvolo\AppData\Local\Microsoft\WinGet\Packages\zig.zig_Microsoft.Winget.Source_8wekyb3d8bbwe\zig-x86_64-windows-0.16.0\lib\std\testing.zig:83: 0x7ff6f0d88639 in expectEqual (test_zcu.obj)
           return expectEqualInner(T, expected, actual);
       
       C:\Users\tvolo\AppData\Local\Microsoft\WinGet\Packages\zig.zig_Microsoft.Winget.Source_8wekyb3d8bbwe\zig-x86_64-windows-0.16.0\lib\std\testing.zig:83: 0x7ff6f0d88639 in expectEqual (test_zcu.obj)
           return expectEqualInner(T, expected, actual);
       
       C:\Users\tvolo\AppData\Local\Microsoft\WinGet\Packages\zig.zig_Microsoft.Winget.Source_8wekyb3d8bbwe\zig-x86_64-windows-0.16.0\lib\std\testing.zig:83: 0x7ff6f0d88639 in expectEqual (test_zcu.obj)
           return expectEqualInner(T, expected, actual);
       
       C:\Users\tvolo\AppData\Local\Microsoft\WinGet\Packages\zig.zig_Microsoft.Winget.Source_8wekyb3d8bbwe\zig-x86_64-windows-0.16.0\lib\std\testing.zig:83: 0x7ff6f0d88639 in expectEqual (test_zcu.obj)
           return expectEqualInner(T, expected, actual);
       
       C:\Users\tvolo\AppData\Local\Microsoft\WinGet\Packages\zig.zig_Microsoft.Winget.Source_8wekyb3d8bbwe\zig-x86_64-windows-0.16.0\lib\std\testing.zig:83: 0x7ff6f0d88639 in expectEqual (test_zcu.obj)
           return expectEqualInner(T, expected, actual);
       
       C:\Users\tvolo\AppData\Local\Microsoft\WinGet\Packages\zig.zig_Microsoft.Winget.Source_8wekyb3d8bbwe\zig-x86_64-windows-0.16.0\lib\std\testing.zig:83: 0x7ff6f0d88639 in expectEqual (test_zcu.obj)
           return expectEqualInner(T, expected, actual);
       
       C:\Users\tvolo\AppData\Local\Microsoft\WinGet\Packages\zig.zig_Microsoft.Winget.Source_8wekyb3d8bbwe\zig-x86_64-windows-0.16.0\lib\std\testing.zig:83: 0x7ff6f0d88639 in expectEqual (test_zcu.obj)
           return expectEqualInner(T, expected, actual);
       
       C:\Users\tvolo\AppData\Local\Microsoft\WinGet\Packages\zig.zig_Microsoft.Winget.Source_8wekyb3d8bbwe\zig-x86_64-windows-0.16.0\lib\std\testing.zig:83: 0x7ff6f0d88639 in expectEqual (test_zcu.obj)
           return expectEqualInner(T, expected, actual);
       
       C:\Users\tvolo\AppData\Local\Microsoft\WinGet\Packages\zig.zig_Microsoft.Winget.Source_8wekyb3d8bbwe\zig-x86_64-windows-0.16.0\lib\std\testing.zig:83: 0x7ff6f0d88639 in expectEqual (test_zcu.obj)
           return expectEqualInner(T, expected, actual);
       
       C:\Users\tvolo\AppData\Local\Microsoft\WinGet\Packages\zig.zig_Microsoft.Winget.Source_8wekyb3d8bbwe\zig-x86_64-windows-0.16.0\lib\std\testing.zig:83: 0x7ff6f0d88639 in expectEqual (test_zcu.obj)
           return expectEqualInner(T, expected, actual);
       
       C:\Users\tvolo\AppData\Local\Microsoft\WinGet\Packages\zig.zig_Microsoft.Winget.Source_8wekyb3d8bbwe\zig-x86_64-windows-0.16.0\lib\std\testing.zig:83: 0x7ff6f0d88639 in expectEqual (test_zcu.obj)
           return expectEqualInner(T, expected, actual);
       
       C:\Users\tvolo\AppData\Local\Microsoft\WinGet\Packages\zig.zig_Microsoft.Winget.Source_8wekyb3d8bbwe\zig-x86_64-windows-0.16.0\lib\std\testing.zig:83: 0x7ff6f0d88639 in expectEqual (test_zcu.obj)
           return expectEqualInner(T, expected, actual);
       
       C:\Users\tvolo\AppData\Local\Microsoft\WinGet\Packages\zig.zig_Microsoft.Winget.Source_8wekyb3d8bbwe\zig-x86_64-windows-0.16.0\lib\std\testing.zig:83: 0x7ff6f0d88639 in expectEqual (test_zcu.obj)
           return expectEqualInner(T, expected, actual);
       
       C:\Users\tvolo\AppData\Local\Microsoft\WinGet\Packages\zig.zig_Microsoft.Winget.Source_8wekyb3d8bbwe\zig-x86_64-windows-0.16.0\lib\std\testing.zig:83: 0x7ff6f0d88639 in expectEqual (test_zcu.obj)
           return expectEqualInner(T, expected, actual);
       
       C:\Users\tvolo\AppData\Local\Microsoft\WinGet\Packages\zig.zig_Microsoft.Winget.Source_8wekyb3d8bbwe\zig-x86_64-windows-0.16.0\lib\std\testing.zig:83: 0x7ff6f0d88639 in expectEqual (test_zcu.obj)
           return expectEqualInner(T, expected, actual);
       
       C:\Users\tvolo\AppData\Local\Microsoft\WinGet\Packages\zig.zig_Microsoft.Winget.Source_8wekyb3d8bbwe\zig-x86_64-windows-0.16.0\lib\std\testing.zig:83: 0x7ff6f0d88639 in expectEqual (test_zcu.obj)
           return expectEqualInner(T, expected, actual);
       
       C:\Users\tvolo\AppData\Local\Microsoft\WinGet\Packages\zig.zig_Microsoft.Winget.Source_8wekyb3d8bbwe\zig-x86_64-windows-0.16.0\lib\std\testing.zig:83: 0x7ff6f0d88639 in expectEqual (test_zcu.obj)
           return expectEqualInner(T, expected, actual);
       
       C:\Users\tvolo\AppData\Local\Microsoft\WinGet\Packages\zig.zig_Microsoft.Winget.Source_8wekyb3d8bbwe\zig-x86_64-windows-0.16.0\lib\std\testing.zig:83: 0x7ff6f0d88639 in expectEqual (test_zcu.obj)
           return expectEqualInner(T, expected, actual);
       
       C:\Users\tvolo\AppData\Local\Microsoft\WinGet\Packages\zig.zig_Microsoft.Winget.Source_8wekyb3d8bbwe\zig-x86_64-windows-0.16.0\lib\std\testing.zig:83: 0x7ff6f0d88639 in expectEqual (test_zcu.obj)
           return expectEqualInner(T, expected, actual);
       
       C:\Users\tvolo\AppData\Local\Microsoft\WinGet\Packages\zig.zig_Microsoft.Winget.Source_8wekyb3d8bbwe\zig-x86_64-windows-0.16.0\lib\std\testing.zig:83: 0x7ff6f0d88639 in expectEqual (test_zcu.obj)
           return expectEqualInner(T, expected, actual);
       
       C:\Users\tvolo\AppData\Local\Microsoft\WinGet\Packages\zig.zig_Microsoft.Winget.Source_8wekyb3d8bbwe\zig-x86_64-windows-0.16.0\lib\std\testing.zig:83: 0x7ff6f0d88639 in expectEqual (test_zcu.obj)
           return expectEqualInner(T, expected, actual);
       
       C:\Users\tvolo\AppData\Local\Microsoft\WinGet\Packages\zig.zig_Microsoft.Winget.Source_8wekyb3d8bbwe\zig-x86_64-windows-0.16.0\lib\std\testing.zig:83: 0x7ff6f0d88639 in expectEqual (test_zcu.obj)
           return expectEqualInner(T, expected, actual);
       
       C:\Users\tvolo\AppData\Local\Microsoft\WinGet\Packages\zig.zig_Microsoft.Winget.Source_8wekyb3d8bbwe\zig-x86_64-windows-0.16.0\lib\std\testing.zig:83: 0x7ff6f0d88639 in expectEqual (test_zcu.obj)
           return expectEqualInner(T, expected, actual);
       
       C:\Users\tvolo\AppData\Local\Microsoft\WinGet\Packages\zig.zig_Microsoft.Winget.Source_8wekyb3d8bbwe\zig-x86_64-windows-0.16.0\lib\std\testing.zig:83: 0x7ff6f0d88639 in expectEqual (test_zcu.obj)
           return expectEqualInner(T, expected, actual);
       
       C:\Users\tvolo\AppData\Local\Microsoft\WinGet\Packages\zig.zig_Microsoft.Winget.Source_8wekyb3d8bbwe\zig-x86_64-windows-0.16.0\lib\std\testing.zig:83: 0x7ff6f0d88639 in expectEqual (test_zcu.obj)
           return expectEqualInner(T, expected, actual);
       
       C:\Users\tvolo\AppData\Local\Microsoft\WinGet\Packages\zig.zig_Microsoft.Winget.Source_8wekyb3d8bbwe\zig-x86_64-windows-0.16.0\lib\std\testing.zig:83: 0x7ff6f0d88639 in expectEqual (test_zcu.obj)
           return expectEqualInner(T, expected, actual);
       
       C:\Users\tvolo\AppData\Local\Microsoft\WinGet\Packages\zig.zig_Microsoft.Winget.Source_8wekyb3d8bbwe\zig-x86_64-windows-0.16.0\lib\std\testing.zig:83: 0x7ff6f0d88639 in expectEqual (test_zcu.obj)
           return expectEqualInner(T, expected, actual);
       
       C:\Users\tvolo\AppData\Local\Microsoft\WinGet\Packages\zig.zig_Microsoft.Winget.Source_8wekyb3d8bbwe\zig-x86_64-windows-0.16.0\lib\std\testing.zig:83: 0x7ff6f0d88639 in expectEqual (test_zcu.obj)
           return expectEqualInner(T, expected, actual);
       
       C:\Users\tvolo\AppData\Local\Microsoft\WinGet\Packages\zig.zig_Microsoft.Winget.Source_8wekyb3d8bbwe\zig-x86_64-windows-0.16.0\lib\std\testing.zig:83: 0x7ff6f0d88639 in expectEqual (test_zcu.obj)
           return expectEqualInner(T, expected, actual);
       
       C:\Users\tvolo\AppData\Local\Microsoft\WinGet\Packages\zig.zig_Microsoft.Winget.Source_8wekyb3d8bbwe\zig-x86_64-windows-0.16.0\lib\std\testing.zig:83: 0x7ff6f0d88639 in expectEqual (test_zcu.obj)
           return expectEqualInner(T, expected, actual);
       
       C:\Users\tvolo\AppData\Local\Microsoft\WinGet\Packages\zig.zig_Microsoft.Winget.Source_8wekyb3d8bbwe\zig-x86_64-windows-0.16.0\lib\std\testing.zig:83: 0x7ff6f0d88639 in expectEqual (test_zcu.obj)
           return expectEqualInner(T, expected, actual);
       
       C:\Users\tvolo\AppData\Local\Microsoft\WinGet\Packages\zig.zig_Microsoft.Winget.Source_8wekyb3d8bbwe\zig-x86_64-windows-0.16.0\lib\std\testing.zig:83: 0x7ff6f0d88639 in expectEqual (test_zcu.obj)
           return expectEqualInner(T, expected, actual);
       
       C:\Users\tvolo\AppData\Local\Microsoft\WinGet\Packages\zig.zig_Microsoft.Winget.Source_8wekyb3d8bbwe\zig-x86_64-windows-0.16.0\lib\std\testing.zig:83: 0x7ff6f0d88639 in expectEqual (test_zcu.obj)
           return expectEqualInner(T, expected, actual);
       
       C:\Users\tvolo\AppData\Local\Microsoft\WinGet\Packages\zig.zig_Microsoft.Winget.Source_8wekyb3d8bbwe\zig-x86_64-windows-0.16.0\lib\std\testing.zig:83: 0x7ff6f0d88639 in expectEqual (test_zcu.obj)
           return expectEqualInner(T, expected, actual);
       
       C:\Users\tvolo\AppData\Local\Microsoft\WinGet\Packages\zig.zig_Microsoft.Winget.Source_8wekyb3d8bbwe\zig-x86_64-windows-0.16.0\lib\std\testing.zig:83: 0x7ff6f0d88639 in expectEqual (test_zcu.obj)
           return expectEqualInner(T, expected, actual);
       
       C:\Users\tvolo\AppData\Local\Microsoft\WinGet\Packages\zig.zig_Microsoft.Winget.Source_8wekyb3d8bbwe\zig-x86_64-windows-0.16.0\lib\std\testing.zig:83: 0x7ff6f0d88639 in expectEqual (test_zcu.obj)
           return expectEqualInner(T, expected, actual);
       
       C:\Users\tvolo\AppData\Local\Microsoft\WinGet\Packages\zig.zig_Microsoft.Winget.Source_8wekyb3d8bbwe\zig-x86_64-windows-0.16.0\lib\std\testing.zig:83: 0x7ff6f0d88639 in expectEqual (test_zcu.obj)
           return expectEqualInner(T, expected, actual);
       
       C:\Users\tvolo\AppData\Local\Microsoft\WinGet\Packages\zig.zig_Microsoft.Winget.Source_8wekyb3d8bbwe\zig-x86_64-windows-0.16.0\lib\std\testing.zig:83: 0x7ff6f0d88639 in expectEqual (test_zcu.obj)
           return expectEqualInner(T, expected, actual);
       
       C:\Users\tvolo\AppData\Local\Microsoft\WinGet\Packages\zig.zig_Microsoft.Winget.Source_8wekyb3d8bbwe\zig-x86_64-windows-0.16.0\lib\std\testing.zig:83: 0x7ff6f0d88639 in expectEqual (test_zcu.obj)
           return expectEqualInner(T, expected, actual);
       
       C:\Users\tvolo\AppData\Local\Microsoft\WinGet\Packages\zig.zig_Microsoft.Winget.Source_8wekyb3d8bbwe\zig-x86_64-windows-0.16.0\lib\std\testing.zig:83: 0x7ff6f0d88639 in expectEqual (test_zcu.obj)
           return expectEqualInner(T, expected, actual);
       
       C:\Users\tvolo\AppData\Local\Microsoft\WinGet\Packages\zig.zig_Microsoft.Winget.Source_8wekyb3d8bbwe\zig-x86_64-windows-0.16.0\lib\std\testing.zig:83: 0x7ff6f0d88639 in expectEqual (test_zcu.obj)
           return expectEqualInner(T, expected, actual);
       
       C:\Users\tvolo\AppData\Local\Microsoft\WinGet\Packages\zig.zig_Microsoft.Winget.Source_8wekyb3d8bbwe\zig-x86_64-windows-0.16.0\lib\std\testing.zig:83: 0x7ff6f0d88639 in expectEqual (test_zcu.obj)
           return expectEqualInner(T, expected, actual);
       
       C:\Users\tvolo\AppData\Local\Microsoft\WinGet\Packages\zig.zig_Microsoft.Winget.Source_8wekyb3d8bbwe\zig-x86_64-windows-0.16.0\lib\std\testing.zig:83: 0x7ff6f0d88639 in expectEqual (test_zcu.obj)
           return expectEqualInner(T, expected, actual);
       
       C:\Users\tvolo\AppData\Local\Microsoft\WinGet\Packages\zig.zig_Microsoft.Winget.Source_8wekyb3d8bbwe\zig-x86_64-windows-0.16.0\lib\std\testing.zig:83: 0x7ff6f0d88639 in expectEqual (test_zcu.obj)
           return expectEqualInner(T, expected, actual);
       
       C:\Users\tvolo\AppData\Local\Microsoft\WinGet\Packages\zig.zig_Microsoft.Winget.Source_8wekyb3d8bbwe\zig-x86_64-windows-0.16.0\lib\std\testing.zig:83: 0x7ff6f0d88639 in expectEqual (test_zcu.obj)
           return expectEqualInner(T, expected, actual);
       
       C:\Users\tvolo\AppData\Local\Microsoft\WinGet\Packages\zig.zig_Microsoft.Winget.Source_8wekyb3d8bbwe\zig-x86_64-windows-0.16.0\lib\std\testing.zig:83: 0x7ff6f0d88639 in expectEqual (test_zcu.obj)
           return expectEqualInner(T, expected, actual);
       
       C:\Users\tvolo\AppData\Local\Microsoft\WinGet\Packages\zig.zig_Microsoft.Winget.Source_8wekyb3d8bbwe\zig-x86_64-windows-0.16.0\lib\std\testing.zig:83: 0x7ff6f0d88639 in expectEqual (test_zcu.obj)
           return expectEqualInner(T, expected, actual);
       
       C:\Users\tvolo\AppData\Local\Microsoft\WinGet\Packages\zig.zig_Microsoft.Winget.Source_8wekyb3d8bbwe\zig-x86_64-windows-0.16.0\lib\std\testing.zig:83: 0x7ff6f0d88639 in expectEqual (test_zcu.obj)
           return expectEqualInner(T, expected, actual);
       
       C:\Users\tvolo\AppData\Local\Microsoft\WinGet\Packages\zig.zig_Microsoft.Winget.Source_8wekyb3d8bbwe\zig-x86_64-windows-0.16.0\lib\std\testing.zig:83: 0x7ff6f0d88639 in expectEqual (test_zcu.obj)
           return expectEqualInner(T, expected, actual);
       
       C:\Users\tvolo\AppData\Local\Microsoft\WinGet\Packages\zig.zig_Microsoft.Winget.Source_8wekyb3d8bbwe\zig-x86_64-windows-0.16.0\lib\std\testing.zig:83: 0x7ff6f0d88639 in expectEqual (test_zcu.obj)
           return expectEqualInner(T, expected, actual);
       
       C:\Users\tvolo\AppData\Local\Microsoft\WinGet\Packages\zig.zig_Microsoft.Winget.Source_8wekyb3d8bbwe\zig-x86_64-windows-0.16.0\lib\std\testing.zig:83: 0x7ff6f0d88639 in expectEqual (test_zcu.obj)
           return expectEqualInner(T, expected, actual);
       
       C:\Users\tvolo\AppData\Local\Microsoft\WinGet\Packages\zig.zig_Microsoft.Winget.Source_8wekyb3d8bbwe\zig-x86_64-windows-0.16.0\lib\std\testing.zig:83: 0x7ff6f0d88639 in expectEqual (test_zcu.obj)
           return expectEqualInner(T, expected, actual);
       
       C:\Users\tvolo\AppData\Local\Microsoft\WinGet\Packages\zig.zig_Microsoft.Winget.Source_8wekyb3d8bbwe\zig-x86_64-windows-0.16.0\lib\std\testing.zig:83: 0x7ff6f0d88639 in expectEqual (test_zcu.obj)
           return expectEqualInner(T, expected, actual);
       
       C:\Users\tvolo\AppData\Local\Microsoft\WinGet\Packages\zig.zig_Microsoft.Winget.Source_8wekyb3d8bbwe\zig-x86_64-windows-0.16.0\lib\std\testing.zig:83: 0x7ff6f0d88639 in expectEqual (test_zcu.obj)
           return expectEqualInner(T, expected, actual);
       
       C:\Users\tvolo\AppData\Local\Microsoft\WinGet\Packages\zig.zig_Microsoft.Winget.Source_8wekyb3d8bbwe\zig-x86_64-windows-0.16.0\lib\std\testing.zig:83: 0x7ff6f0d88639 in expectEqual (test_zcu.obj)
           return expectEqualInner(T, expected, actual);
       
       C:\Users\tvolo\AppData\Local\Microsoft\WinGet\Packages\zig.zig_Microsoft.Winget.Source_8wekyb3d8bbwe\zig-x86_64-windows-0.16.0\lib\std\testing.zig:83: 0x7ff6f0d88639 in expectEqual (test_zcu.obj)
           return expectEqualInner(T, expected, actual);
       
       C:\Users\tvolo\AppData\Local\Microsoft\WinGet\Packages\zig.zig_Microsoft.Winget.Source_8wekyb3d8bbwe\zig-x86_64-windows-0.16.0\lib\std\testing.zig:83: 0x7ff6f0d88639 in expectEqual (test_zcu.obj)
           return expectEqualInner(T, expected, actual);
       
       C:\Users\tvolo\AppData\Local\Microsoft\WinGet\Packages\zig.zig_Microsoft.Winget.Source_8wekyb3d8bbwe\zig-x86_64-windows-0.16.0\lib\std\testing.zig:83: 0x7ff6f0d88639 in expectEqual (test_zcu.obj)
           return expectEqualInner(T, expected, actual);
       
       C:\Users\tvolo\AppData\Local\Microsoft\WinGet\Packages\zig.zig_Microsoft.Winget.Source_8wekyb3d8bbwe\zig-x86_64-windows-0.16.0\lib\std\testing.zig:83: 0x7ff6f0d88639 in expectEqual (test_zcu.obj)
           return expectEqualInner(T, expected, actual);
       
       C:\Users\tvolo\AppData\Local\Microsoft\WinGet\Packages\zig.zig_Microsoft.Winget.Source_8wekyb3d8bbwe\zig-x86_64-windows-0.16.0\lib\std\testing.zig:83: 0x7ff6f0d88639 in expectEqual (test_zcu.obj)
           return expectEqualInner(T, expected, actual);
       
       C:\Users\tvolo\AppData\Local\Microsoft\WinGet\Packages\zig.zig_Microsoft.Winget.Source_8wekyb3d8bbwe\zig-x86_64-windows-0.16.0\lib\std\testing.zig:83: 0x7ff6f0d88639 in expectEqual (test_zcu.obj)
           return expectEqualInner(T, expected, actual);
       
       C:\Users\tvolo\AppData\Local\Microsoft\WinGet\Packages\zig.zig_Microsoft.Winget.Source_8wekyb3d8bbwe\zig-x86_64-windows-0.16.0\lib\std\testing.zig:83: 0x7ff6f0d88639 in expectEqual (test_zcu.obj)
           return expectEqualInner(T, expected, actual);
       
       C:\Users\tvolo\AppData\Local\Microsoft\WinGet\Packages\zig.zig_Microsoft.Winget.Source_8wekyb3d8bbwe\zig-x86_64-windows-0.16.0\lib\std\testing.zig:83: 0x7ff6f0d88639 in expectEqual (test_zcu.obj)
           return expectEqualInner(T, expected, actual);
       
       C:\Users\tvolo\AppData\Local\Microsoft\WinGet\Packages\zig.zig_Microsoft.Winget.Source_8wekyb3d8bbwe\zig-x86_64-windows-0.16.0\lib\std\testing.zig:83: 0x7ff6f0d88639 in expectEqual (test_zcu.obj)
           return expectEqualInner(T, expected, actual);
       
       C:\Users\tvolo\AppData\Local\Microsoft\WinGet\Packages\zig.zig_Microsoft.Winget.Source_8wekyb3d8bbwe\zig-x86_64-windows-0.16.0\lib\std\testing.zig:83: 0x7ff6f0d88639 in expectEqual (test_zcu.obj)
           return expectEqualInner(T, expected, actual);
       
       C:\Users\tvolo\AppData\Local\Microsoft\WinGet\Packages\zig.zig_Microsoft.Winget.Source_8wekyb3d8bbwe\zig-x86_64-windows-0.16.0\lib\std\testing.zig:83: 0x7ff6f0d88639 in expectEqual (test_zcu.obj)
           return expectEqualInner(T, expected, actual);
       
       C:\Users\tvolo\AppData\Local\Microsoft\WinGet\Packages\zig.zig_Microsoft.Winget.Source_8wekyb3d8bbwe\zig-x86_64-windows-0.16.0\lib\std\testing.zig:83: 0x7ff6f0d88639 in expectEqual (test_zcu.obj)
           return expectEqualInner(T, expected, actual);
       
       C:\Users\tvolo\AppData\Local\Microsoft\WinGet\Packages\zig.zig_Microsoft.Winget.Source_8wekyb3d8bbwe\zig-x86_64-windows-0.16.0\lib\std\testing.zig:83: 0x7ff6f0d88639 in expectEqual (test_zcu.obj)
           return expectEqualInner(T, expected, actual);
       
       C:\Users\tvolo\AppData\Local\Microsoft\WinGet\Packages\zig.zig_Microsoft.Winget.Source_8wekyb3d8bbwe\zig-x86_64-windows-0.16.0\lib\std\testing.zig:83: 0x7ff6f0d88639 in expectEqual (test_zcu.obj)
           return expectEqualInner(T, expected, actual);
       
       C:\Users\tvolo\AppData\Local\Microsoft\WinGet\Packages\zig.zig_Microsoft.Winget.Source_8wekyb3d8bbwe\zig-x86_64-windows-0.16.0\lib\std\testing.zig:83: 0x7ff6f0d88639 in expectEqual (test_zcu.obj)
           return expectEqualInner(T, expected, actual);
       
       C:\Users\tvolo\AppData\Local\Microsoft\WinGet\Packages\zig.zig_Microsoft.Winget.Source_8wekyb3d8bbwe\zig-x86_64-windows-0.16.0\lib\std\testing.zig:83: 0x7ff6f0d88639 in expectEqual (test_zcu.obj)
           return expectEqualInner(T, expected, actual);
       
       C:\Users\tvolo\AppData\Local\Microsoft\WinGet\Packages\zig.zig_Microsoft.Winget.Source_8wekyb3d8bbwe\zig-x86_64-windows-0.16.0\lib\std\testing.zig:83: 0x7ff6f0d88639 in expectEqual (test_zcu.obj)
           return expectEqualInner(T, expected, actual);
       
       C:\Users\tvolo\AppData\Local\Microsoft\WinGet\Packages\zig.zig_Microsoft.Winget.Source_8wekyb3d8bbwe\zig-x86_64-windows-0.16.0\lib\std\testing.zig:83: 0x7ff6f0d88639 in expectEqual (test_zcu.obj)
           return expectEqualInner(T, expected, actual);
       
       C:\Users\tvolo\AppData\Local\Microsoft\WinGet\Packages\zig.zig_Microsoft.Winget.Source_8wekyb3d8bbwe\zig-x86_64-windows-0.16.0\lib\std\testing.zig:83: 0x7ff6f0d88639 in expectEqual (test_zcu.obj)
           return expectEqualInner(T, expected, actual);
       
       C:\Users\tvolo\AppData\Local\Microsoft\WinGet\Packages\zig.zig_Microsoft.Winget.Source_8wekyb3d8bbwe\zig-x86_64-windows-0.16.0\lib\std\testing.zig:83: 0x7ff6f0d88639 in expectEqual (test_zcu.obj)
           return expectEqualInner(T, expected, actual);
       
       C:\Users\tvolo\AppData\Local\Microsoft\WinGet\Packages\zig.zig_Microsoft.Winget.Source_8wekyb3d8bbwe\zig-x86_64-windows-0.16.0\lib\std\testing.zig:83: 0x7ff6f0d88639 in expectEqual (test_zcu.obj)
           return expectEqualInner(T, expected, actual);
       
       C:\Users\tvolo\AppData\Local\Microsoft\WinGet\Packages\zig.zig_Microsoft.Winget.Source_8wekyb3d8bbwe\zig-x86_64-windows-0.16.0\lib\std\testing.zig:83: 0x7ff6f0d88639 in expectEqual (test_zcu.obj)
           return expectEqualInner(T, expected, actual);
       
       C:\Users\tvolo\AppData\Local\Microsoft\WinGet\Packages\zig.zig_Microsoft.Winget.Source_8wekyb3d8bbwe\zig-x86_64-windows-0.16.0\lib\std\testing.zig:83: 0x7ff6f0d88639 in expectEqual (test_zcu.obj)
           return expectEqualInner(T, expected, actual);
       
       C:\Users\tvolo\AppData\Local\Microsoft\WinGet\Packages\zig.zig_Microsoft.Winget.Source_8wekyb3d8bbwe\zig-x86_64-windows-0.16.0\lib\std\testing.zig:83: 0x7ff6f0d88639 in expectEqual (test_zcu.obj)
           return expectEqualInner(T, expected, actual);
       
       C:\Users\tvolo\AppData\Local\Microsoft\WinGet\Packages\zig.zig_Microsoft.Winget.Source_8wekyb3d8bbwe\zig-x86_64-windows-0.16.0\lib\std\testing.zig:83: 0x7ff6f0d88639 in expectEqual (test_zcu.obj)
           return expectEqualInner(T, expected, actual);
       
       C:\Users\tvolo\AppData\Local\Microsoft\WinGet\Packages\zig.zig_Microsoft.Winget.Source_8wekyb3d8bbwe\zig-x86_64-windows-0.16.0\lib\std\testing.zig:83: 0x7ff6f0d88639 in expectEqual (test_zcu.obj)
           return expectEqualInner(T, expected, actual);
       
       C:\Users\tvolo\AppData\Local\Microsoft\WinGet\Packages\zig.zig_Microsoft.Winget.Source_8wekyb3d8bbwe\zig-x86_64-windows-0.16.0\lib\std\testing.zig:83: 0x7ff6f0d88639 in expectEqual (test_zcu.obj)
           return expectEqualInner(T, expected, actual);
       
       C:\Users\tvolo\AppData\Local\Microsoft\WinGet\Packages\zig.zig_Microsoft.Winget.Source_8wekyb3d8bbwe\zig-x86_64-windows-0.16.0\lib\std\testing.zig:83: 0x7ff6f0d88639 in expectEqual (test_zcu.obj)
           return expectEqualInner(T, expected, actual);
       
       C:\Users\tvolo\AppData\Local\Microsoft\WinGet\Packages\zig.zig_Microsoft.Winget.Source_8wekyb3d8bbwe\zig-x86_64-windows-0.16.0\lib\std\testing.zig:83: 0x7ff6f0d88639 in expectEqual (test_zcu.obj)
           return expectEqualInner(T, expected, actual);
       
       C:\Users\tvolo\AppData\Local\Microsoft\WinGet\Packages\zig.zig_Microsoft.Winget.Source_8wekyb3d8bbwe\zig-x86_64-windows-0.16.0\lib\std\testing.zig:83: 0x7ff6f0d88639 in expectEqual (test_zcu.obj)
           return expectEqualInner(T, expected, actual);
       
       C:\Users\tvolo\AppData\Local\Microsoft\WinGet\Packages\zig.zig_Microsoft.Winget.Source_8wekyb3d8bbwe\zig-x86_64-windows-0.16.0\lib\std\testing.zig:83: 0x7ff6f0d88639 in expectEqual (test_zcu.obj)
           return expectEqualInner(T, expected, actual);
       
       C:\Users\tvolo\AppData\Local\Microsoft\WinGet\Packages\zig.zig_Microsoft.Winget.Source_8wekyb3d8bbwe\zig-x86_64-windows-0.16.0\lib\std\testing.zig:83: 0x7ff6f0d88639 in expectEqual (test_zcu.obj)
           return expectEqualInner(T, expected, actual);
       
       C:\Users\tvolo\AppData\Local\Microsoft\WinGet\Packages\zig.zig_Microsoft.Winget.Source_8wekyb3d8bbwe\zig-x86_64-windows-0.16.0\lib\std\testing.zig:83: 0x7ff6f0d88639 in expectEqual (test_zcu.obj)
           return expectEqualInner(T, expected, actual);
       
       C:\Users\tvolo\AppData\Local\Microsoft\WinGet\Packages\zig.zig_Microsoft.Winget.Source_8wekyb3d8bbwe\zig-x86_64-windows-0.16.0\lib\std\testing.zig:83: 0x7ff6f0d88639 in expectEqual (test_zcu.obj)
           return expectEqualInner(T, expected, actual);
       
       C:\Users\tvolo\AppData\Local\Microsoft\WinGet\Packages\zig.zig_Microsoft.Winget.Source_8wekyb3d8bbwe\zig-x86_64-windows-0.16.0\lib\std\testing.zig:83: 0x7ff6f0d88639 in expectEqual (test_zcu.obj)
           return expectEqualInner(T, expected, actual);
       
       C:\Users\tvolo\AppData\Local\Microsoft\WinGet\Packages\zig.zig_Microsoft.Winget.Source_8wekyb3d8bbwe\zig-x86_64-windows-0.16.0\lib\std\testing.zig:83: 0x7ff6f0d88639 in expectEqual (test_zcu.obj)
           return expectEqualInner(T, expected, actual);
       
       C:\Users\tvolo\AppData\Local\Microsoft\WinGet\Packages\zig.zig_Microsoft.Winget.Source_8wekyb3d8bbwe\zig-x86_64-windows-0.16.0\lib\std\testing.zig:83: 0x7ff6f0d88639 in expectEqual (test_zcu.obj)
           return expectEqualInner(T, expected, actual);
       
       C:\Users\tvolo\AppData\Local\Microsoft\WinGet\Packages\zig.zig_Microsoft.Winget.Source_8wekyb3d8bbwe\zig-x86_64-windows-0.16.0\lib\std\testing.zig:83: 0x7ff6f0d88639 in expectEqual (test_zcu.obj)
           return expectEqualInner(T, expected, actual);
       
       C:\Users\tvolo\AppData\Local\Microsoft\WinGet\Packages\zig.zig_Microsoft.Winget.Source_8wekyb3d8bbwe\zig-x86_64-windows-0.16.0\lib\std\testing.zig:83: 0x7ff6f0d88639 in expectEqual (test_zcu.obj)
           return expectEqualInner(T, expected, actual);
       
       C:\Users\tvolo\AppData\Local\Microsoft\WinGet\Packages\zig.zig_Microsoft.Winget.Source_8wekyb3d8bbwe\zig-x86_64-windows-0.16.0\lib\std\testing.zig:83: 0x7ff6f0d88639 in expectEqual (test_zcu.obj)
           return expectEqualInner(T, expected, actual);
       
       C:\Users\tvolo\AppData\Local\Microsoft\WinGet\Packages\zig.zig_Microsoft.Winget.Source_8wekyb3d8bbwe\zig-x86_64-windows-0.16.0\lib\std\testing.zig:83: 0x7ff6f0d88639 in expectEqual (test_zcu.obj)
           return expectEqualInner(T, expected, actual);
       
       C:\Users\tvolo\AppData\Local\Microsoft\WinGet\Packages\zig.zig_Microsoft.Winget.Source_8wekyb3d8bbwe\zig-x86_64-windows-0.16.0\lib\std\testing.zig:83: 0x7ff6f0d88639 in expectEqual (test_zcu.obj)
           return expectEqualInner(T, expected, actual);
       
       C:\Users\tvolo\AppData\Local\Microsoft\WinGet\Packages\zig.zig_Microsoft.Winget.Source_8wekyb3d8bbwe\zig-x86_64-windows-0.16.0\lib\std\testing.zig:83: 0x7ff6f0d88639 in expectEqual (test_zcu.obj)
           return expectEqualInner(T, expected, actual);
       
       C:\Users\tvolo\AppData\Local\Microsoft\WinGet\Packages\zig.zig_Microsoft.Winget.Source_8wekyb3d8bbwe\zig-x86_64-windows-0.16.0\lib\std\testing.zig:83: 0x7ff6f0d88639 in expectEqual (test_zcu.obj)
           return expectEqualInner(T, expected, actual);
       
       C:\Users\tvolo\AppData\Local\Microsoft\WinGet\Packages\zig.zig_Microsoft.Winget.Source_8wekyb3d8bbwe\zig-x86_64-windows-0.16.0\lib\std\testing.zig:83: 0x7ff6f0d88639 in expectEqual (test_zcu.obj)
           return expectEqualInner(T, expected, actual);
       
       C:\Users\tvolo\AppData\Local\Microsoft\WinGet\Packages\zig.zig_Microsoft.Winget.Source_8wekyb3d8bbwe\zig-x86_64-windows-0.16.0\lib\std\testing.zig:83: 0x7ff6f0d88639 in expectEqual (test_zcu.obj)
           return expectEqualInner(T, expected, actual);
       
       C:\Users\tvolo\AppData\Local\Microsoft\WinGet\Packages\zig.zig_Microsoft.Winget.Source_8wekyb3d8bbwe\zig-x86_64-windows-0.16.0\lib\std\testing.zig:83: 0x7ff6f0d88639 in expectEqual (test_zcu.obj)
           return expectEqualInner(T, expected, actual);
       
       C:\Users\tvolo\AppData\Local\Microsoft\WinGet\Packages\zig.zig_Microsoft.Winget.Source_8wekyb3d8bbwe\zig-x86_64-windows-0.16.0\lib\std\testing.zig:83: 0x7ff6f0d88639 in expectEqual (test_zcu.obj)
           return expectEqualInner(T, expected, actual);
       
       C:\Users\tvolo\AppData\Local\Microsoft\WinGet\Packages\zig.zig_Microsoft.Winget.Source_8wekyb3d8bbwe\zig-x86_64-windows-0.16.0\lib\std\testing.zig:83: 0x7ff6f0d88639 in expectEqual (test_zcu.obj)
           return expectEqualInner(T, expected, actual);
       
       C:\Users\tvolo\AppData\Local\Microsoft\WinGet\Packages\zig.zig_Microsoft.Winget.Source_8wekyb3d8bbwe\zig-x86_64-windows-0.16.0\lib\std\testing.zig:83: 0x7ff6f0d88639 in expectEqual (test_zcu.obj)
           return expectEqualInner(T, expected, actual);
       
       C:\Users\tvolo\AppData\Local\Microsoft\WinGet\Packages\zig.zig_Microsoft.Winget.Source_8wekyb3d8bbwe\zig-x86_64-windows-0.16.0\lib\std\testing.zig:83: 0x7ff6f0d88639 in expectEqual (test_zcu.obj)
           return expectEqualInner(T, expected, actual);
       
       C:\Users\tvolo\AppData\Local\Microsoft\WinGet\Packages\zig.zig_Microsoft.Winget.Source_8wekyb3d8bbwe\zig-x86_64-windows-0.16.0\lib\std\testing.zig:83: 0x7ff6f0d88639 in expectEqual (test_zcu.obj)
           return expectEqualInner(T, expected, actual);
       
       C:\Users\tvolo\AppData\Local\Microsoft\WinGet\Packages\zig.zig_Microsoft.Winget.Source_8wekyb3d8bbwe\zig-x86_64-windows-0.16.0\lib\std\testing.zig:83: 0x7ff6f0d88639 in expectEqual (test_zcu.obj)
           return expectEqualInner(T, expected, actual);
       
       C:\Users\tvolo\AppData\Local\Microsoft\WinGet\Packages\zig.zig_Microsoft.Winget.Source_8wekyb3d8bbwe\zig-x86_64-windows-0.16.0\lib\std\testing.zig:83: 0x7ff6f0d88639 in expectEqual (test_zcu.obj)
           return expectEqualInner(T, expected, actual);
       
       C:\Users\tvolo\AppData\Local\Microsoft\WinGet\Packages\zig.zig_Microsoft.Winget.Source_8wekyb3d8bbwe\zig-x86_64-windows-0.16.0\lib\std\testing.zig:83: 0x7ff6f0d88639 in expectEqual (test_zcu.obj)
           return expectEqualInner(T, expected, actual);
       
       C:\Users\tvolo\dev\ai-dala\My-Fab\tests\integration\sch02_timer_polling_test.zig:1826:5: 0x7ff6f0d8888a in test.TC-SCH-07-02: finite recurring timer R3/PT1H stops after third firing (test_zcu.obj)
           try std.testing.expectEqual(@as(i64, 3), timer_fired_events);
           ^
error: 'sch02_timer_polling_test.test.TC-SCH-07-05: overdue recurring timer on startup sweep fires with fired_late=true and re-arms' failed:
       C:\Users\tvolo\dev\ai-dala\My-Fab\src\definition\store.zig:518:38: 0x7ff6f0934b19 in activate (test_zcu.obj)
               if (lock_rows.rows.len == 0) return DefinitionError.DefinitionNotFound;
                                            ^
       C:\Users\tvolo\dev\ai-dala\My-Fab\tests\integration\sch02_timer_polling_test.zig:181:20: 0x7ff6f0d716d1 in createAndActivateDefinition (test_zcu.obj)
           const active = try def_store.activate(allocator, draft.id);
                          ^
       C:\Users\tvolo\dev\ai-dala\My-Fab\tests\integration\sch02_timer_polling_test.zig:2035:20: 0x7ff6f0d72bb6 in test.TC-SCH-07-05: overdue recurring timer on startup sweep fires with fired_late=true and re-arms (test_zcu.obj)
           const def_id = try createAndActivateDefinition(allocator, &def_store, name, graph);
                          ^
error: 'idn02_group_management_test.test.TC-IDN-02-06: ACTIVE group member can claim and complete a GROUP-assigned task' failed:
       C:\Users\tvolo\dev\ai-dala\My-Fab\src\engine\instance.zig:490:41: 0x7ff6f0903873 in create (test_zcu.obj)
                   if (def_rows.rows.len == 0) return InstanceError.DefinitionNotFound;
                                               ^
       C:\Users\tvolo\dev\ai-dala\My-Fab\tests\integration\idn02_group_management_test.zig:233:18: 0x7ff6f0cd1eb1 in makeGroupTaskFixture (test_zcu.obj)
           const inst = try inst_store.create(allocator, def.id, null, "{}");
                        ^
       C:\Users\tvolo\dev\ai-dala\My-Fab\tests\integration\idn02_group_management_test.zig:497:21: 0x7ff6f0d61931 in test.TC-IDN-02-06: ACTIVE group member can claim and complete a GROUP-assigned task (test_zcu.obj)
           const fixture = try makeGroupTaskFixture(alloc, &pool, &def_store, &inst_store, &task_store, def_name);
                           ^
error: 'api03_instance_read_test.test.TC-API-03-04: getById returns COMPLETED instance with completed_at and empty tasks' failed:
       C:\Users\tvolo\dev\ai-dala\My-Fab\src\definition\store.zig:518:38: 0x7ff6f0934b19 in activate (test_zcu.obj)
               if (lock_rows.rows.len == 0) return DefinitionError.DefinitionNotFound;
                                            ^
       C:\Users\tvolo\dev\ai-dala\My-Fab\tests\integration\api03_instance_read_test.zig:160:23: 0x7ff6f0c66028 in createActiveDefinition (test_zcu.obj)
           const activated = try def_store.activate(allocator, def_id);
                             ^
       C:\Users\tvolo\dev\ai-dala\My-Fab\tests\integration\api03_instance_read_test.zig:302:20: 0x7ff6f0c8c920 in test.TC-API-03-04: getById returns COMPLETED instance with completed_at and empty tasks (test_zcu.obj)
           const def_id = try createActiveDefinition(alloc, &def_store, def_name, def_version);
                          ^
error: 'api03_instance_read_test.test.TC-API-03-07: listInstances returns instances in started_at DESC order' failed:
       C:\Users\tvolo\dev\ai-dala\My-Fab\src\engine\instance.zig:490:41: 0x7ff6f0903873 in create (test_zcu.obj)
                   if (def_rows.rows.len == 0) return InstanceError.DefinitionNotFound;
                                               ^
       C:\Users\tvolo\dev\ai-dala\My-Fab\tests\integration\api03_instance_read_test.zig:486:22: 0x7ff6f0c884be in test.TC-API-03-07: listInstances returns instances in started_at DESC order (test_zcu.obj)
               const inst = try instance_store.create(alloc, def_id, null, "{}");
                            ^
error: 'api03_instance_read_test.test.TC-API-03-15: listInstances with status=ACTIVE returns only ACTIVE instances' failed:
       C:\Users\tvolo\dev\ai-dala\My-Fab\src\engine\instance.zig:490:41: 0x7ff6f0903873 in create (test_zcu.obj)
                   if (def_rows.rows.len == 0) return InstanceError.DefinitionNotFound;
                                               ^
       C:\Users\tvolo\dev\ai-dala\My-Fab\tests\integration\api03_instance_read_test.zig:588:20: 0x7ff6f0c8619d in test.TC-API-03-15: listInstances with status=ACTIVE returns only ACTIVE instances (test_zcu.obj)
           const inst_a = try instance_store.create(alloc, def_id, null, "{}");
                          ^
error: 'api03_instance_read_test.test.TC-API-03-16: listInstances with definition_id filter returns only matching instances' failed:
       C:\Users\tvolo\dev\ai-dala\My-Fab\src\engine\instance.zig:490:41: 0x7ff6f0903873 in create (test_zcu.obj)
                   if (def_rows.rows.len == 0) return InstanceError.DefinitionNotFound;
                                               ^
       C:\Users\tvolo\dev\ai-dala\My-Fab\tests\integration\api03_instance_read_test.zig:665:21: 0x7ff6f0c843f8 in test.TC-API-03-16: listInstances with definition_id filter returns only matching instances (test_zcu.obj)
           const inst_a1 = try instance_store.create(alloc, def_id_a, null, "{}");
                           ^
error: 'api03_instance_read_test.test.TC-API-05-01: handleHistory returns 200 with event items for instance with appended event' failed:
       C:\Users\tvolo\dev\ai-dala\My-Fab\src\definition\store.zig:518:38: 0x7ff6f0934b19 in activate (test_zcu.obj)
               if (lock_rows.rows.len == 0) return DefinitionError.DefinitionNotFound;
                                            ^
       C:\Users\tvolo\dev\ai-dala\My-Fab\tests\integration\api03_instance_read_test.zig:160:23: 0x7ff6f0c66028 in createActiveDefinition (test_zcu.obj)
           const activated = try def_store.activate(allocator, def_id);
                             ^
       C:\Users\tvolo\dev\ai-dala\My-Fab\tests\integration\api03_instance_read_test.zig:957:20: 0x7ff6f0c70613 in test.TC-API-05-01: handleHistory returns 200 with event items for instance with appended event (test_zcu.obj)
           const def_id = try createActiveDefinition(alloc, &def_store, def_name, def_version);
                          ^
error: 'obs03_audit_log_test.test.TC-OBS-03-INT-05: GET /audit supports filters with deterministic pagination and ordering' failed:
       C:\Users\tvolo\AppData\Local\Microsoft\WinGet\Packages\zig.zig_Microsoft.Winget.Source_8wekyb3d8bbwe\zig-x86_64-windows-0.16.0\lib\std\testing.zig:615:14: 0x7ff6f07a91bf in expect (test_zcu.obj)
           if (!ok) return error.TestUnexpectedResult;
                    ^
       C:\Users\tvolo\dev\ai-dala\My-Fab\tests\integration\obs03_audit_log_test.zig:609:5: 0x7ff6f09ce360 in test.TC-OBS-03-INT-05: GET /audit supports filters with deterministic pagination and ordering (test_zcu.obj)
           try testing.expect(std.mem.indexOf(u8, scoped_page.body, audit_a1) != null);
           ^
error: 'adp03_tenant_context_resolution_test.test.TC-ADP-03-05: process definitions persist correctly without tenant_id after SPT-02' failed:
       expected 1, found 0
       C:\Users\tvolo\AppData\Local\Microsoft\WinGet\Packages\zig.zig_Microsoft.Winget.Source_8wekyb3d8bbwe\zig-x86_64-windows-0.16.0\lib\std\testing.zig:118:17: 0x7ff6f07a943a in expectEqualInner__anon_67485 (test_zcu.obj)
                       return error.TestExpectedEqual;
                       ^
       C:\Users\tvolo\AppData\Local\Microsoft\WinGet\Packages\zig.zig_Microsoft.Winget.Source_8wekyb3d8bbwe\zig-x86_64-windows-0.16.0\lib\std\testing.zig:83: 0x7ff6f098138e in expectEqual (test_zcu.obj)
           return expectEqualInner(T, expected, actual);
       
       C:\Users\tvolo\AppData\Local\Microsoft\WinGet\Packages\zig.zig_Microsoft.Winget.Source_8wekyb3d8bbwe\zig-x86_64-windows-0.16.0\lib\std\testing.zig:83: 0x7ff6f098138e in expectEqual (test_zcu.obj)
           return expectEqualInner(T, expected, actual);
       
       C:\Users\tvolo\AppData\Local\Microsoft\WinGet\Packages\zig.zig_Microsoft.Winget.Source_8wekyb3d8bbwe\zig-x86_64-windows-0.16.0\lib\std\testing.zig:83: 0x7ff6f098138e in expectEqual (test_zcu.obj)
           return expectEqualInner(T, expected, actual);
       
       C:\Users\tvolo\AppData\Local\Microsoft\WinGet\Packages\zig.zig_Microsoft.Winget.Source_8wekyb3d8bbwe\zig-x86_64-windows-0.16.0\lib\std\testing.zig:83: 0x7ff6f098138e in expectEqual (test_zcu.obj)
           return expectEqualInner(T, expected, actual);
       
       C:\Users\tvolo\AppData\Local\Microsoft\WinGet\Packages\zig.zig_Microsoft.Winget.Source_8wekyb3d8bbwe\zig-x86_64-windows-0.16.0\lib\std\testing.zig:83: 0x7ff6f098138e in expectEqual (test_zcu.obj)
           return expectEqualInner(T, expected, actual);
       
       C:\Users\tvolo\AppData\Local\Microsoft\WinGet\Packages\zig.zig_Microsoft.Winget.Source_8wekyb3d8bbwe\zig-x86_64-windows-0.16.0\lib\std\testing.zig:83: 0x7ff6f098138e in expectEqual (test_zcu.obj)
           return expectEqualInner(T, expected, actual);
       
       C:\Users\tvolo\AppData\Local\Microsoft\WinGet\Packages\zig.zig_Microsoft.Winget.Source_8wekyb3d8bbwe\zig-x86_64-windows-0.16.0\lib\std\testing.zig:83: 0x7ff6f098138e in expectEqual (test_zcu.obj)
           return expectEqualInner(T, expected, actual);
       
       C:\Users\tvolo\AppData\Local\Microsoft\WinGet\Packages\zig.zig_Microsoft.Winget.Source_8wekyb3d8bbwe\zig-x86_64-windows-0.16.0\lib\std\testing.zig:83: 0x7ff6f098138e in expectEqual (test_zcu.obj)
           return expectEqualInner(T, expected, actual);
       
       C:\Users\tvolo\AppData\Local\Microsoft\WinGet\Packages\zig.zig_Microsoft.Winget.Source_8wekyb3d8bbwe\zig-x86_64-windows-0.16.0\lib\std\testing.zig:83: 0x7ff6f098138e in expectEqual (test_zcu.obj)
           return expectEqualInner(T, expected, actual);
       
       C:\Users\tvolo\AppData\Local\Microsoft\WinGet\Packages\zig.zig_Microsoft.Winget.Source_8wekyb3d8bbwe\zig-x86_64-windows-0.16.0\lib\std\testing.zig:83: 0x7ff6f098138e in expectEqual (test_zcu.obj)
           return expectEqualInner(T, expected, actual);
       
       C:\Users\tvolo\AppData\Local\Microsoft\WinGet\Packages\zig.zig_Microsoft.Winget.Source_8wekyb3d8bbwe\zig-x86_64-windows-0.16.0\lib\std\testing.zig:83: 0x7ff6f098138e in expectEqual (test_zcu.obj)
           return expectEqualInner(T, expected, actual);
       
       C:\Users\tvolo\AppData\Local\Microsoft\WinGet\Packages\zig.zig_Microsoft.Winget.Source_8wekyb3d8bbwe\zig-x86_64-windows-0.16.0\lib\std\testing.zig:83: 0x7ff6f098138e in expectEqual (test_zcu.obj)
           return expectEqualInner(T, expected, actual);
       
       C:\Users\tvolo\AppData\Local\Microsoft\WinGet\Packages\zig.zig_Microsoft.Winget.Source_8wekyb3d8bbwe\zig-x86_64-windows-0.16.0\lib\std\testing.zig:83: 0x7ff6f098138e in expectEqual (test_zcu.obj)
           return expectEqualInner(T, expected, actual);
       
       C:\Users\tvolo\AppData\Local\Microsoft\WinGet\Packages\zig.zig_Microsoft.Winget.Source_8wekyb3d8bbwe\zig-x86_64-windows-0.16.0\lib\std\testing.zig:83: 0x7ff6f098138e in expectEqual (test_zcu.obj)
           return expectEqualInner(T, expected, actual);
       
       C:\Users\tvolo\AppData\Local\Microsoft\WinGet\Packages\zig.zig_Microsoft.Winget.Source_8wekyb3d8bbwe\zig-x86_64-windows-0.16.0\lib\std\testing.zig:83: 0x7ff6f098138e in expectEqual (test_zcu.obj)
           return expectEqualInner(T, expected, actual);
       
       C:\Users\tvolo\AppData\Local\Microsoft\WinGet\Packages\zig.zig_Microsoft.Winget.Source_8wekyb3d8bbwe\zig-x86_64-windows-0.16.0\lib\std\testing.zig:83: 0x7ff6f098138e in expectEqual (test_zcu.obj)
           return expectEqualInner(T, expected, actual);
       
       C:\Users\tvolo\AppData\Local\Microsoft\WinGet\Packages\zig.zig_Microsoft.Winget.Source_8wekyb3d8bbwe\zig-x86_64-windows-0.16.0\lib\std\testing.zig:83: 0x7ff6f098138e in expectEqual (test_zcu.obj)
           return expectEqualInner(T, expected, actual);
       
       C:\Users\tvolo\AppData\Local\Microsoft\WinGet\Packages\zig.zig_Microsoft.Winget.Source_8wekyb3d8bbwe\zig-x86_64-windows-0.16.0\lib\std\testing.zig:83: 0x7ff6f098138e in expectEqual (test_zcu.obj)
           return expectEqualInner(T, expected, actual);
       
       C:\Users\tvolo\AppData\Local\Microsoft\WinGet\Packages\zig.zig_Microsoft.Winget.Source_8wekyb3d8bbwe\zig-x86_64-windows-0.16.0\lib\std\testing.zig:83: 0x7ff6f098138e in expectEqual (test_zcu.obj)
           return expectEqualInner(T, expected, actual);
       
       C:\Users\tvolo\AppData\Local\Microsoft\WinGet\Packages\zig.zig_Microsoft.Winget.Source_8wekyb3d8bbwe\zig-x86_64-windows-0.16.0\lib\std\testing.zig:83: 0x7ff6f098138e in expectEqual (test_zcu.obj)
           return expectEqualInner(T, expected, actual);
       
       C:\Users\tvolo\AppData\Local\Microsoft\WinGet\Packages\zig.zig_Microsoft.Winget.Source_8wekyb3d8bbwe\zig-x86_64-windows-0.16.0\lib\std\testing.zig:83: 0x7ff6f098138e in expectEqual (test_zcu.obj)
           return expectEqualInner(T, expected, actual);
       
       C:\Users\tvolo\AppData\Local\Microsoft\WinGet\Packages\zig.zig_Microsoft.Winget.Source_8wekyb3d8bbwe\zig-x86_64-windows-0.16.0\lib\std\testing.zig:83: 0x7ff6f098138e in expectEqual (test_zcu.obj)
           return expectEqualInner(T, expected, actual);
       
       C:\Users\tvolo\AppData\Local\Microsoft\WinGet\Packages\zig.zig_Microsoft.Winget.Source_8wekyb3d8bbwe\zig-x86_64-windows-0.16.0\lib\std\testing.zig:83: 0x7ff6f098138e in expectEqual (test_zcu.obj)
           return expectEqualInner(T, expected, actual);
       
       C:\Users\tvolo\AppData\Local\Microsoft\WinGet\Packages\zig.zig_Microsoft.Winget.Source_8wekyb3d8bbwe\zig-x86_64-windows-0.16.0\lib\std\testing.zig:83: 0x7ff6f098138e in expectEqual (test_zcu.obj)
           return expectEqualInner(T, expected, actual);
       
       C:\Users\tvolo\AppData\Local\Microsoft\WinGet\Packages\zig.zig_Microsoft.Winget.Source_8wekyb3d8bbwe\zig-x86_64-windows-0.16.0\lib\std\testing.zig:83: 0x7ff6f098138e in expectEqual (test_zcu.obj)
           return expectEqualInner(T, expected, actual);
       
       C:\Users\tvolo\AppData\Local\Microsoft\WinGet\Packages\zig.zig_Microsoft.Winget.Source_8wekyb3d8bbwe\zig-x86_64-windows-0.16.0\lib\std\testing.zig:83: 0x7ff6f098138e in expectEqual (test_zcu.obj)
           return expectEqualInner(T, expected, actual);
       
       C:\Users\tvolo\AppData\Local\Microsoft\WinGet\Packages\zig.zig_Microsoft.Winget.Source_8wekyb3d8bbwe\zig-x86_64-windows-0.16.0\lib\std\testing.zig:83: 0x7ff6f098138e in expectEqual (test_zcu.obj)
           return expectEqualInner(T, expected, actual);
       
       C:\Users\tvolo\AppData\Local\Microsoft\WinGet\Packages\zig.zig_Microsoft.Winget.Source_8wekyb3d8bbwe\zig-x86_64-windows-0.16.0\lib\std\testing.zig:83: 0x7ff6f098138e in expectEqual (test_zcu.obj)
           return expectEqualInner(T, expected, actual);
       
       C:\Users\tvolo\AppData\Local\Microsoft\WinGet\Packages\zig.zig_Microsoft.Winget.Source_8wekyb3d8bbwe\zig-x86_64-windows-0.16.0\lib\std\testing.zig:83: 0x7ff6f098138e in expectEqual (test_zcu.obj)
           return expectEqualInner(T, expected, actual);
       
       C:\Users\tvolo\AppData\Local\Microsoft\WinGet\Packages\zig.zig_Microsoft.Winget.Source_8wekyb3d8bbwe\zig-x86_64-windows-0.16.0\lib\std\testing.zig:83: 0x7ff6f098138e in expectEqual (test_zcu.obj)
           return expectEqualInner(T, expected, actual);
       
       C:\Users\tvolo\AppData\Local\Microsoft\WinGet\Packages\zig.zig_Microsoft.Winget.Source_8wekyb3d8bbwe\zig-x86_64-windows-0.16.0\lib\std\testing.zig:83: 0x7ff6f098138e in expectEqual (test_zcu.obj)
           return expectEqualInner(T, expected, actual);
       
       C:\Users\tvolo\AppData\Local\Microsoft\WinGet\Packages\zig.zig_Microsoft.Winget.Source_8wekyb3d8bbwe\zig-x86_64-windows-0.16.0\lib\std\testing.zig:83: 0x7ff6f098138e in expectEqual (test_zcu.obj)
           return expectEqualInner(T, expected, actual);
       
       C:\Users\tvolo\AppData\Local\Microsoft\WinGet\Packages\zig.zig_Microsoft.Winget.Source_8wekyb3d8bbwe\zig-x86_64-windows-0.16.0\lib\std\testing.zig:83: 0x7ff6f098138e in expectEqual (test_zcu.obj)
           return expectEqualInner(T, expected, actual);
       
       C:\Users\tvolo\AppData\Local\Microsoft\WinGet\Packages\zig.zig_Microsoft.Winget.Source_8wekyb3d8bbwe\zig-x86_64-windows-0.16.0\lib\std\testing.zig:83: 0x7ff6f098138e in expectEqual (test_zcu.obj)
           return expectEqualInner(T, expected, actual);
       
       C:\Users\tvolo\AppData\Local\Microsoft\WinGet\Packages\zig.zig_Microsoft.Winget.Source_8wekyb3d8bbwe\zig-x86_64-windows-0.16.0\lib\std\testing.zig:83: 0x7ff6f098138e in expectEqual (test_zcu.obj)
           return expectEqualInner(T, expected, actual);
       
       C:\Users\tvolo\AppData\Local\Microsoft\WinGet\Packages\zig.zig_Microsoft.Winget.Source_8wekyb3d8bbwe\zig-x86_64-windows-0.16.0\lib\std\testing.zig:83: 0x7ff6f098138e in expectEqual (test_zcu.obj)
           return expectEqualInner(T, expected, actual);
       
       C:\Users\tvolo\AppData\Local\Microsoft\WinGet\Packages\zig.zig_Microsoft.Winget.Source_8wekyb3d8bbwe\zig-x86_64-windows-0.16.0\lib\std\testing.zig:83: 0x7ff6f098138e in expectEqual (test_zcu.obj)
           return expectEqualInner(T, expected, actual);
       
       C:\Users\tvolo\AppData\Local\Microsoft\WinGet\Packages\zig.zig_Microsoft.Winget.Source_8wekyb3d8bbwe\zig-x86_64-windows-0.16.0\lib\std\testing.zig:83: 0x7ff6f098138e in expectEqual (test_zcu.obj)
           return expectEqualInner(T, expected, actual);
       
       C:\Users\tvolo\AppData\Local\Microsoft\WinGet\Packages\zig.zig_Microsoft.Winget.Source_8wekyb3d8bbwe\zig-x86_64-windows-0.16.0\lib\std\testing.zig:83: 0x7ff6f098138e in expectEqual (test_zcu.obj)
           return expectEqualInner(T, expected, actual);
       
       C:\Users\tvolo\AppData\Local\Microsoft\WinGet\Packages\zig.zig_Microsoft.Winget.Source_8wekyb3d8bbwe\zig-x86_64-windows-0.16.0\lib\std\testing.zig:83: 0x7ff6f098138e in expectEqual (test_zcu.obj)
           return expectEqualInner(T, expected, actual);
       
       C:\Users\tvolo\AppData\Local\Microsoft\WinGet\Packages\zig.zig_Microsoft.Winget.Source_8wekyb3d8bbwe\zig-x86_64-windows-0.16.0\lib\std\testing.zig:83: 0x7ff6f098138e in expectEqual (test_zcu.obj)
           return expectEqualInner(T, expected, actual);
       
       C:\Users\tvolo\AppData\Local\Microsoft\WinGet\Packages\zig.zig_Microsoft.Winget.Source_8wekyb3d8bbwe\zig-x86_64-windows-0.16.0\lib\std\testing.zig:83: 0x7ff6f098138e in expectEqual (test_zcu.obj)
           return expectEqualInner(T, expected, actual);
       
       C:\Users\tvolo\AppData\Local\Microsoft\WinGet\Packages\zig.zig_Microsoft.Winget.Source_8wekyb3d8bbwe\zig-x86_64-windows-0.16.0\lib\std\testing.zig:83: 0x7ff6f098138e in expectEqual (test_zcu.obj)
           return expectEqualInner(T, expected, actual);
       
       C:\Users\tvolo\AppData\Local\Microsoft\WinGet\Packages\zig.zig_Microsoft.Winget.Source_8wekyb3d8bbwe\zig-x86_64-windows-0.16.0\lib\std\testing.zig:83: 0x7ff6f098138e in expectEqual (test_zcu.obj)
           return expectEqualInner(T, expected, actual);
       
       C:\Users\tvolo\AppData\Local\Microsoft\WinGet\Packages\zig.zig_Microsoft.Winget.Source_8wekyb3d8bbwe\zig-x86_64-windows-0.16.0\lib\std\testing.zig:83: 0x7ff6f098138e in expectEqual (test_zcu.obj)
           return expectEqualInner(T, expected, actual);
       
       C:\Users\tvolo\AppData\Local\Microsoft\WinGet\Packages\zig.zig_Microsoft.Winget.Source_8wekyb3d8bbwe\zig-x86_64-windows-0.16.0\lib\std\testing.zig:83: 0x7ff6f098138e in expectEqual (test_zcu.obj)
           return expectEqualInner(T, expected, actual);
       
       C:\Users\tvolo\AppData\Local\Microsoft\WinGet\Packages\zig.zig_Microsoft.Winget.Source_8wekyb3d8bbwe\zig-x86_64-windows-0.16.0\lib\std\testing.zig:83: 0x7ff6f098138e in expectEqual (test_zcu.obj)
           return expectEqualInner(T, expected, actual);
       
       C:\Users\tvolo\AppData\Local\Microsoft\WinGet\Packages\zig.zig_Microsoft.Winget.Source_8wekyb3d8bbwe\zig-x86_64-windows-0.16.0\lib\std\testing.zig:83: 0x7ff6f098138e in expectEqual (test_zcu.obj)
           return expectEqualInner(T, expected, actual);
       
       C:\Users\tvolo\AppData\Local\Microsoft\WinGet\Packages\zig.zig_Microsoft.Winget.Source_8wekyb3d8bbwe\zig-x86_64-windows-0.16.0\lib\std\testing.zig:83: 0x7ff6f098138e in expectEqual (test_zcu.obj)
           return expectEqualInner(T, expected, actual);
       
       C:\Users\tvolo\AppData\Local\Microsoft\WinGet\Packages\zig.zig_Microsoft.Winget.Source_8wekyb3d8bbwe\zig-x86_64-windows-0.16.0\lib\std\testing.zig:83: 0x7ff6f098138e in expectEqual (test_zcu.obj)
           return expectEqualInner(T, expected, actual);
       
       C:\Users\tvolo\AppData\Local\Microsoft\WinGet\Packages\zig.zig_Microsoft.Winget.Source_8wekyb3d8bbwe\zig-x86_64-windows-0.16.0\lib\std\testing.zig:83: 0x7ff6f098138e in expectEqual (test_zcu.obj)
           return expectEqualInner(T, expected, actual);
       
       C:\Users\tvolo\AppData\Local\Microsoft\WinGet\Packages\zig.zig_Microsoft.Winget.Source_8wekyb3d8bbwe\zig-x86_64-windows-0.16.0\lib\std\testing.zig:83: 0x7ff6f098138e in expectEqual (test_zcu.obj)
           return expectEqualInner(T, expected, actual);
       
       C:\Users\tvolo\AppData\Local\Microsoft\WinGet\Packages\zig.zig_Microsoft.Winget.Source_8wekyb3d8bbwe\zig-x86_64-windows-0.16.0\lib\std\testing.zig:83: 0x7ff6f098138e in expectEqual (test_zcu.obj)
           return expectEqualInner(T, expected, actual);
       
       C:\Users\tvolo\AppData\Local\Microsoft\WinGet\Packages\zig.zig_Microsoft.Winget.Source_8wekyb3d8bbwe\zig-x86_64-windows-0.16.0\lib\std\testing.zig:83: 0x7ff6f098138e in expectEqual (test_zcu.obj)
           return expectEqualInner(T, expected, actual);
       
       C:\Users\tvolo\AppData\Local\Microsoft\WinGet\Packages\zig.zig_Microsoft.Winget.Source_8wekyb3d8bbwe\zig-x86_64-windows-0.16.0\lib\std\testing.zig:83: 0x7ff6f098138e in expectEqual (test_zcu.obj)
           return expectEqualInner(T, expected, actual);
       
       C:\Users\tvolo\AppData\Local\Microsoft\WinGet\Packages\zig.zig_Microsoft.Winget.Source_8wekyb3d8bbwe\zig-x86_64-windows-0.16.0\lib\std\testing.zig:83: 0x7ff6f098138e in expectEqual (test_zcu.obj)
           return expectEqualInner(T, expected, actual);
       
       C:\Users\tvolo\AppData\Local\Microsoft\WinGet\Packages\zig.zig_Microsoft.Winget.Source_8wekyb3d8bbwe\zig-x86_64-windows-0.16.0\lib\std\testing.zig:83: 0x7ff6f098138e in expectEqual (test_zcu.obj)
           return expectEqualInner(T, expected, actual);
       
       C:\Users\tvolo\AppData\Local\Microsoft\WinGet\Packages\zig.zig_Microsoft.Winget.Source_8wekyb3d8bbwe\zig-x86_64-windows-0.16.0\lib\std\testing.zig:83: 0x7ff6f098138e in expectEqual (test_zcu.obj)
           return expectEqualInner(T, expected, actual);
       
       C:\Users\tvolo\AppData\Local\Microsoft\WinGet\Packages\zig.zig_Microsoft.Winget.Source_8wekyb3d8bbwe\zig-x86_64-windows-0.16.0\lib\std\testing.zig:83: 0x7ff6f098138e in expectEqual (test_zcu.obj)
           return expectEqualInner(T, expected, actual);
       
       C:\Users\tvolo\AppData\Local\Microsoft\WinGet\Packages\zig.zig_Microsoft.Winget.Source_8wekyb3d8bbwe\zig-x86_64-windows-0.16.0\lib\std\testing.zig:83: 0x7ff6f098138e in expectEqual (test_zcu.obj)
           return expectEqualInner(T, expected, actual);
       
       C:\Users\tvolo\AppData\Local\Microsoft\WinGet\Packages\zig.zig_Microsoft.Winget.Source_8wekyb3d8bbwe\zig-x86_64-windows-0.16.0\lib\std\testing.zig:83: 0x7ff6f098138e in expectEqual (test_zcu.obj)
           return expectEqualInner(T, expected, actual);
       
       C:\Users\tvolo\AppData\Local\Microsoft\WinGet\Packages\zig.zig_Microsoft.Winget.Source_8wekyb3d8bbwe\zig-x86_64-windows-0.16.0\lib\std\testing.zig:83: 0x7ff6f098138e in expectEqual (test_zcu.obj)
           return expectEqualInner(T, expected, actual);
       
       C:\Users\tvolo\AppData\Local\Microsoft\WinGet\Packages\zig.zig_Microsoft.Winget.Source_8wekyb3d8bbwe\zig-x86_64-windows-0.16.0\lib\std\testing.zig:83: 0x7ff6f098138e in expectEqual (test_zcu.obj)
           return expectEqualInner(T, expected, actual);
       
       C:\Users\tvolo\AppData\Local\Microsoft\WinGet\Packages\zig.zig_Microsoft.Winget.Source_8wekyb3d8bbwe\zig-x86_64-windows-0.16.0\lib\std\testing.zig:83: 0x7ff6f098138e in expectEqual (test_zcu.obj)
           return expectEqualInner(T, expected, actual);
       
       C:\Users\tvolo\AppData\Local\Microsoft\WinGet\Packages\zig.zig_Microsoft.Winget.Source_8wekyb3d8bbwe\zig-x86_64-windows-0.16.0\lib\std\testing.zig:83: 0x7ff6f098138e in expectEqual (test_zcu.obj)
           return expectEqualInner(T, expected, actual);
       
       C:\Users\tvolo\AppData\Local\Microsoft\WinGet\Packages\zig.zig_Microsoft.Winget.Source_8wekyb3d8bbwe\zig-x86_64-windows-0.16.0\lib\std\testing.zig:83: 0x7ff6f098138e in expectEqual (test_zcu.obj)
           return expectEqualInner(T, expected, actual);
       
       C:\Users\tvolo\AppData\Local\Microsoft\WinGet\Packages\zig.zig_Microsoft.Winget.Source_8wekyb3d8bbwe\zig-x86_64-windows-0.16.0\lib\std\testing.zig:83: 0x7ff6f098138e in expectEqual (test_zcu.obj)
           return expectEqualInner(T, expected, actual);
       
       C:\Users\tvolo\AppData\Local\Microsoft\WinGet\Packages\zig.zig_Microsoft.Winget.Source_8wekyb3d8bbwe\zig-x86_64-windows-0.16.0\lib\std\testing.zig:83: 0x7ff6f098138e in expectEqual (test_zcu.obj)
           return expectEqualInner(T, expected, actual);
       
       C:\Users\tvolo\AppData\Local\Microsoft\WinGet\Packages\zig.zig_Microsoft.Winget.Source_8wekyb3d8bbwe\zig-x86_64-windows-0.16.0\lib\std\testing.zig:83: 0x7ff6f098138e in expectEqual (test_zcu.obj)
           return expectEqualInner(T, expected, actual);
       
       C:\Users\tvolo\AppData\Local\Microsoft\WinGet\Packages\zig.zig_Microsoft.Winget.Source_8wekyb3d8bbwe\zig-x86_64-windows-0.16.0\lib\std\testing.zig:83: 0x7ff6f098138e in expectEqual (test_zcu.obj)
           return expectEqualInner(T, expected, actual);
       
       C:\Users\tvolo\AppData\Local\Microsoft\WinGet\Packages\zig.zig_Microsoft.Winget.Source_8wekyb3d8bbwe\zig-x86_64-windows-0.16.0\lib\std\testing.zig:83: 0x7ff6f098138e in expectEqual (test_zcu.obj)
           return expectEqualInner(T, expected, actual);
       
       C:\Users\tvolo\AppData\Local\Microsoft\WinGet\Packages\zig.zig_Microsoft.Winget.Source_8wekyb3d8bbwe\zig-x86_64-windows-0.16.0\lib\std\testing.zig:83: 0x7ff6f098138e in expectEqual (test_zcu.obj)
           return expectEqualInner(T, expected, actual);
       
       C:\Users\tvolo\AppData\Local\Microsoft\WinGet\Packages\zig.zig_Microsoft.Winget.Source_8wekyb3d8bbwe\zig-x86_64-windows-0.16.0\lib\std\testing.zig:83: 0x7ff6f098138e in expectEqual (test_zcu.obj)
           return expectEqualInner(T, expected, actual);
       
       C:\Users\tvolo\AppData\Local\Microsoft\WinGet\Packages\zig.zig_Microsoft.Winget.Source_8wekyb3d8bbwe\zig-x86_64-windows-0.16.0\lib\std\testing.zig:83: 0x7ff6f098138e in expectEqual (test_zcu.obj)
           return expectEqualInner(T, expected, actual);
       
       C:\Users\tvolo\AppData\Local\Microsoft\WinGet\Packages\zig.zig_Microsoft.Winget.Source_8wekyb3d8bbwe\zig-x86_64-windows-0.16.0\lib\std\testing.zig:83: 0x7ff6f098138e in expectEqual (test_zcu.obj)
           return expectEqualInner(T, expected, actual);
       
       C:\Users\tvolo\AppData\Local\Microsoft\WinGet\Packages\zig.zig_Microsoft.Winget.Source_8wekyb3d8bbwe\zig-x86_64-windows-0.16.0\lib\std\testing.zig:83: 0x7ff6f098138e in expectEqual (test_zcu.obj)
           return expectEqualInner(T, expected, actual);
       
       C:\Users\tvolo\AppData\Local\Microsoft\WinGet\Packages\zig.zig_Microsoft.Winget.Source_8wekyb3d8bbwe\zig-x86_64-windows-0.16.0\lib\std\testing.zig:83: 0x7ff6f098138e in expectEqual (test_zcu.obj)
           return expectEqualInner(T, expected, actual);
       
       C:\Users\tvolo\AppData\Local\Microsoft\WinGet\Packages\zig.zig_Microsoft.Winget.Source_8wekyb3d8bbwe\zig-x86_64-windows-0.16.0\lib\std\testing.zig:83: 0x7ff6f098138e in expectEqual (test_zcu.obj)
           return expectEqualInner(T, expected, actual);
       
       C:\Users\tvolo\AppData\Local\Microsoft\WinGet\Packages\zig.zig_Microsoft.Winget.Source_8wekyb3d8bbwe\zig-x86_64-windows-0.16.0\lib\std\testing.zig:83: 0x7ff6f098138e in expectEqual (test_zcu.obj)
           return expectEqualInner(T, expected, actual);
       
       C:\Users\tvolo\AppData\Local\Microsoft\WinGet\Packages\zig.zig_Microsoft.Winget.Source_8wekyb3d8bbwe\zig-x86_64-windows-0.16.0\lib\std\testing.zig:83: 0x7ff6f098138e in expectEqual (test_zcu.obj)
           return expectEqualInner(T, expected, actual);
       
       C:\Users\tvolo\AppData\Local\Microsoft\WinGet\Packages\zig.zig_Microsoft.Winget.Source_8wekyb3d8bbwe\zig-x86_64-windows-0.16.0\lib\std\testing.zig:83: 0x7ff6f098138e in expectEqual (test_zcu.obj)
           return expectEqualInner(T, expected, actual);
       
       C:\Users\tvolo\AppData\Local\Microsoft\WinGet\Packages\zig.zig_Microsoft.Winget.Source_8wekyb3d8bbwe\zig-x86_64-windows-0.16.0\lib\std\testing.zig:83: 0x7ff6f098138e in expectEqual (test_zcu.obj)
           return expectEqualInner(T, expected, actual);
       
       C:\Users\tvolo\AppData\Local\Microsoft\WinGet\Packages\zig.zig_Microsoft.Winget.Source_8wekyb3d8bbwe\zig-x86_64-windows-0.16.0\lib\std\testing.zig:83: 0x7ff6f098138e in expectEqual (test_zcu.obj)
           return expectEqualInner(T, expected, actual);
       
       C:\Users\tvolo\AppData\Local\Microsoft\WinGet\Packages\zig.zig_Microsoft.Winget.Source_8wekyb3d8bbwe\zig-x86_64-windows-0.16.0\lib\std\testing.zig:83: 0x7ff6f098138e in expectEqual (test_zcu.obj)
           return expectEqualInner(T, expected, actual);
       
       C:\Users\tvolo\AppData\Local\Microsoft\WinGet\Packages\zig.zig_Microsoft.Winget.Source_8wekyb3d8bbwe\zig-x86_64-windows-0.16.0\lib\std\testing.zig:83: 0x7ff6f098138e in expectEqual (test_zcu.obj)
           return expectEqualInner(T, expected, actual);
       
       C:\Users\tvolo\AppData\Local\Microsoft\WinGet\Packages\zig.zig_Microsoft.Winget.Source_8wekyb3d8bbwe\zig-x86_64-windows-0.16.0\lib\std\testing.zig:83: 0x7ff6f098138e in expectEqual (test_zcu.obj)
           return expectEqualInner(T, expected, actual);
       
       C:\Users\tvolo\AppData\Local\Microsoft\WinGet\Packages\zig.zig_Microsoft.Winget.Source_8wekyb3d8bbwe\zig-x86_64-windows-0.16.0\lib\std\testing.zig:83: 0x7ff6f098138e in expectEqual (test_zcu.obj)
           return expectEqualInner(T, expected, actual);
       
       C:\Users\tvolo\AppData\Local\Microsoft\WinGet\Packages\zig.zig_Microsoft.Winget.Source_8wekyb3d8bbwe\zig-x86_64-windows-0.16.0\lib\std\testing.zig:83: 0x7ff6f098138e in expectEqual (test_zcu.obj)
           return expectEqualInner(T, expected, actual);
       
       C:\Users\tvolo\AppData\Local\Microsoft\WinGet\Packages\zig.zig_Microsoft.Winget.Source_8wekyb3d8bbwe\zig-x86_64-windows-0.16.0\lib\std\testing.zig:83: 0x7ff6f098138e in expectEqual (test_zcu.obj)
           return expectEqualInner(T, expected, actual);
       
       C:\Users\tvolo\AppData\Local\Microsoft\WinGet\Packages\zig.zig_Microsoft.Winget.Source_8wekyb3d8bbwe\zig-x86_64-windows-0.16.0\lib\std\testing.zig:83: 0x7ff6f098138e in expectEqual (test_zcu.obj)
           return expectEqualInner(T, expected, actual);
       
       C:\Users\tvolo\AppData\Local\Microsoft\WinGet\Packages\zig.zig_Microsoft.Winget.Source_8wekyb3d8bbwe\zig-x86_64-windows-0.16.0\lib\std\testing.zig:83: 0x7ff6f098138e in expectEqual (test_zcu.obj)
           return expectEqualInner(T, expected, actual);
       
       C:\Users\tvolo\AppData\Local\Microsoft\WinGet\Packages\zig.zig_Microsoft.Winget.Source_8wekyb3d8bbwe\zig-x86_64-windows-0.16.0\lib\std\testing.zig:83: 0x7ff6f098138e in expectEqual (test_zcu.obj)
           return expectEqualInner(T, expected, actual);
       
       C:\Users\tvolo\AppData\Local\Microsoft\WinGet\Packages\zig.zig_Microsoft.Winget.Source_8wekyb3d8bbwe\zig-x86_64-windows-0.16.0\lib\std\testing.zig:83: 0x7ff6f098138e in expectEqual (test_zcu.obj)
           return expectEqualInner(T, expected, actual);
       
       C:\Users\tvolo\AppData\Local\Microsoft\WinGet\Packages\zig.zig_Microsoft.Winget.Source_8wekyb3d8bbwe\zig-x86_64-windows-0.16.0\lib\std\testing.zig:83: 0x7ff6f098138e in expectEqual (test_zcu.obj)
           return expectEqualInner(T, expected, actual);
       
       C:\Users\tvolo\AppData\Local\Microsoft\WinGet\Packages\zig.zig_Microsoft.Winget.Source_8wekyb3d8bbwe\zig-x86_64-windows-0.16.0\lib\std\testing.zig:83: 0x7ff6f098138e in expectEqual (test_zcu.obj)
           return expectEqualInner(T, expected, actual);
       
       C:\Users\tvolo\AppData\Local\Microsoft\WinGet\Packages\zig.zig_Microsoft.Winget.Source_8wekyb3d8bbwe\zig-x86_64-windows-0.16.0\lib\std\testing.zig:83: 0x7ff6f098138e in expectEqual (test_zcu.obj)
           return expectEqualInner(T, expected, actual);
       
       C:\Users\tvolo\AppData\Local\Microsoft\WinGet\Packages\zig.zig_Microsoft.Winget.Source_8wekyb3d8bbwe\zig-x86_64-windows-0.16.0\lib\std\testing.zig:83: 0x7ff6f098138e in expectEqual (test_zcu.obj)
           return expectEqualInner(T, expected, actual);
       
       C:\Users\tvolo\AppData\Local\Microsoft\WinGet\Packages\zig.zig_Microsoft.Winget.Source_8wekyb3d8bbwe\zig-x86_64-windows-0.16.0\lib\std\testing.zig:83: 0x7ff6f098138e in expectEqual (test_zcu.obj)
           return expectEqualInner(T, expected, actual);
       
       C:\Users\tvolo\AppData\Local\Microsoft\WinGet\Packages\zig.zig_Microsoft.Winget.Source_8wekyb3d8bbwe\zig-x86_64-windows-0.16.0\lib\std\testing.zig:83: 0x7ff6f098138e in expectEqual (test_zcu.obj)
           return expectEqualInner(T, expected, actual);
       
       C:\Users\tvolo\AppData\Local\Microsoft\WinGet\Packages\zig.zig_Microsoft.Winget.Source_8wekyb3d8bbwe\zig-x86_64-windows-0.16.0\lib\std\testing.zig:83: 0x7ff6f098138e in expectEqual (test_zcu.obj)
           return expectEqualInner(T, expected, actual);
       
       C:\Users\tvolo\AppData\Local\Microsoft\WinGet\Packages\zig.zig_Microsoft.Winget.Source_8wekyb3d8bbwe\zig-x86_64-windows-0.16.0\lib\std\testing.zig:83: 0x7ff6f098138e in expectEqual (test_zcu.obj)
           return expectEqualInner(T, expected, actual);
       
       C:\Users\tvolo\AppData\Local\Microsoft\WinGet\Packages\zig.zig_Microsoft.Winget.Source_8wekyb3d8bbwe\zig-x86_64-windows-0.16.0\lib\std\testing.zig:83: 0x7ff6f098138e in expectEqual (test_zcu.obj)
           return expectEqualInner(T, expected, actual);
       
       C:\Users\tvolo\AppData\Local\Microsoft\WinGet\Packages\zig.zig_Microsoft.Winget.Source_8wekyb3d8bbwe\zig-x86_64-windows-0.16.0\lib\std\testing.zig:83: 0x7ff6f098138e in expectEqual (test_zcu.obj)
           return expectEqualInner(T, expected, actual);
       
       C:\Users\tvolo\AppData\Local\Microsoft\WinGet\Packages\zig.zig_Microsoft.Winget.Source_8wekyb3d8bbwe\zig-x86_64-windows-0.16.0\lib\std\testing.zig:83: 0x7ff6f098138e in expectEqual (test_zcu.obj)
           return expectEqualInner(T, expected, actual);
       
       C:\Users\tvolo\AppData\Local\Microsoft\WinGet\Packages\zig.zig_Microsoft.Winget.Source_8wekyb3d8bbwe\zig-x86_64-windows-0.16.0\lib\std\testing.zig:83: 0x7ff6f098138e in expectEqual (test_zcu.obj)
           return expectEqualInner(T, expected, actual);
       
       C:\Users\tvolo\AppData\Local\Microsoft\WinGet\Packages\zig.zig_Microsoft.Winget.Source_8wekyb3d8bbwe\zig-x86_64-windows-0.16.0\lib\std\testing.zig:83: 0x7ff6f098138e in expectEqual (test_zcu.obj)
           return expectEqualInner(T, expected, actual);
       
       C:\Users\tvolo\AppData\Local\Microsoft\WinGet\Packages\zig.zig_Microsoft.Winget.Source_8wekyb3d8bbwe\zig-x86_64-windows-0.16.0\lib\std\testing.zig:83: 0x7ff6f098138e in expectEqual (test_zcu.obj)
           return expectEqualInner(T, expected, actual);
       
       C:\Users\tvolo\AppData\Local\Microsoft\WinGet\Packages\zig.zig_Microsoft.Winget.Source_8wekyb3d8bbwe\zig-x86_64-windows-0.16.0\lib\std\testing.zig:83: 0x7ff6f098138e in expectEqual (test_zcu.obj)
           return expectEqualInner(T, expected, actual);
       
       C:\Users\tvolo\AppData\Local\Microsoft\WinGet\Packages\zig.zig_Microsoft.Winget.Source_8wekyb3d8bbwe\zig-x86_64-windows-0.16.0\lib\std\testing.zig:83: 0x7ff6f098138e in expectEqual (test_zcu.obj)
           return expectEqualInner(T, expected, actual);
       
       C:\Users\tvolo\AppData\Local\Microsoft\WinGet\Packages\zig.zig_Microsoft.Winget.Source_8wekyb3d8bbwe\zig-x86_64-windows-0.16.0\lib\std\testing.zig:83: 0x7ff6f098138e in expectEqual (test_zcu.obj)
           return expectEqualInner(T, expected, actual);
       
       C:\Users\tvolo\AppData\Local\Microsoft\WinGet\Packages\zig.zig_Microsoft.Winget.Source_8wekyb3d8bbwe\zig-x86_64-windows-0.16.0\lib\std\testing.zig:83: 0x7ff6f098138e in expectEqual (test_zcu.obj)
           return expectEqualInner(T, expected, actual);
       
       C:\Users\tvolo\AppData\Local\Microsoft\WinGet\Packages\zig.zig_Microsoft.Winget.Source_8wekyb3d8bbwe\zig-x86_64-windows-0.16.0\lib\std\testing.zig:83: 0x7ff6f098138e in expectEqual (test_zcu.obj)
           return expectEqualInner(T, expected, actual);
       
       C:\Users\tvolo\AppData\Local\Microsoft\WinGet\Packages\zig.zig_Microsoft.Winget.Source_8wekyb3d8bbwe\zig-x86_64-windows-0.16.0\lib\std\testing.zig:83: 0x7ff6f098138e in expectEqual (test_zcu.obj)
           return expectEqualInner(T, expected, actual);
       
       C:\Users\tvolo\AppData\Local\Microsoft\WinGet\Packages\zig.zig_Microsoft.Winget.Source_8wekyb3d8bbwe\zig-x86_64-windows-0.16.0\lib\std\testing.zig:83: 0x7ff6f098138e in expectEqual (test_zcu.obj)
           return expectEqualInner(T, expected, actual);
       
       C:\Users\tvolo\AppData\Local\Microsoft\WinGet\Packages\zig.zig_Microsoft.Winget.Source_8wekyb3d8bbwe\zig-x86_64-windows-0.16.0\lib\std\testing.zig:83: 0x7ff6f098138e in expectEqual (test_zcu.obj)
           return expectEqualInner(T, expected, actual);
       
       C:\Users\tvolo\AppData\Local\Microsoft\WinGet\Packages\zig.zig_Microsoft.Winget.Source_8wekyb3d8bbwe\zig-x86_64-windows-0.16.0\lib\std\testing.zig:83: 0x7ff6f098138e in expectEqual (test_zcu.obj)
           return expectEqualInner(T, expected, actual);
       
       C:\Users\tvolo\AppData\Local\Microsoft\WinGet\Packages\zig.zig_Microsoft.Winget.Source_8wekyb3d8bbwe\zig-x86_64-windows-0.16.0\lib\std\testing.zig:83: 0x7ff6f098138e in expectEqual (test_zcu.obj)
           return expectEqualInner(T, expected, actual);
       
       C:\Users\tvolo\AppData\Local\Microsoft\WinGet\Packages\zig.zig_Microsoft.Winget.Source_8wekyb3d8bbwe\zig-x86_64-windows-0.16.0\lib\std\testing.zig:83: 0x7ff6f098138e in expectEqual (test_zcu.obj)
           return expectEqualInner(T, expected, actual);
       
       C:\Users\tvolo\AppData\Local\Microsoft\WinGet\Packages\zig.zig_Microsoft.Winget.Source_8wekyb3d8bbwe\zig-x86_64-windows-0.16.0\lib\std\testing.zig:83: 0x7ff6f098138e in expectEqual (test_zcu.obj)
           return expectEqualInner(T, expected, actual);
       
       C:\Users\tvolo\AppData\Local\Microsoft\WinGet\Packages\zig.zig_Microsoft.Winget.Source_8wekyb3d8bbwe\zig-x86_64-windows-0.16.0\lib\std\testing.zig:83: 0x7ff6f098138e in expectEqual (test_zcu.obj)
           return expectEqualInner(T, expected, actual);
       
       C:\Users\tvolo\AppData\Local\Microsoft\WinGet\Packages\zig.zig_Microsoft.Winget.Source_8wekyb3d8bbwe\zig-x86_64-windows-0.16.0\lib\std\testing.zig:83: 0x7ff6f098138e in expectEqual (test_zcu.obj)
           return expectEqualInner(T, expected, actual);
       
       C:\Users\tvolo\AppData\Local\Microsoft\WinGet\Packages\zig.zig_Microsoft.Winget.Source_8wekyb3d8bbwe\zig-x86_64-windows-0.16.0\lib\std\testing.zig:83: 0x7ff6f098138e in expectEqual (test_zcu.obj)
           return expectEqualInner(T, expected, actual);
       
       C:\Users\tvolo\AppData\Local\Microsoft\WinGet\Packages\zig.zig_Microsoft.Winget.Source_8wekyb3d8bbwe\zig-x86_64-windows-0.16.0\lib\std\testing.zig:83: 0x7ff6f098138e in expectEqual (test_zcu.obj)
           return expectEqualInner(T, expected, actual);
       
       C:\Users\tvolo\AppData\Local\Microsoft\WinGet\Packages\zig.zig_Microsoft.Winget.Source_8wekyb3d8bbwe\zig-x86_64-windows-0.16.0\lib\std\testing.zig:83: 0x7ff6f098138e in expectEqual (test_zcu.obj)
           return expectEqualInner(T, expected, actual);
       
       C:\Users\tvolo\AppData\Local\Microsoft\WinGet\Packages\zig.zig_Microsoft.Winget.Source_8wekyb3d8bbwe\zig-x86_64-windows-0.16.0\lib\std\testing.zig:83: 0x7ff6f098138e in expectEqual (test_zcu.obj)
           return expectEqualInner(T, expected, actual);
       
       C:\Users\tvolo\AppData\Local\Microsoft\WinGet\Packages\zig.zig_Microsoft.Winget.Source_8wekyb3d8bbwe\zig-x86_64-windows-0.16.0\lib\std\testing.zig:83: 0x7ff6f098138e in expectEqual (test_zcu.obj)
           return expectEqualInner(T, expected, actual);
       
       C:\Users\tvolo\AppData\Local\Microsoft\WinGet\Packages\zig.zig_Microsoft.Winget.Source_8wekyb3d8bbwe\zig-x86_64-windows-0.16.0\lib\std\testing.zig:83: 0x7ff6f098138e in expectEqual (test_zcu.obj)
           return expectEqualInner(T, expected, actual);
       
       C:\Users\tvolo\AppData\Local\Microsoft\WinGet\Packages\zig.zig_Microsoft.Winget.Source_8wekyb3d8bbwe\zig-x86_64-windows-0.16.0\lib\std\testing.zig:83: 0x7ff6f098138e in expectEqual (test_zcu.obj)
           return expectEqualInner(T, expected, actual);
       
       C:\Users\tvolo\AppData\Local\Microsoft\WinGet\Packages\zig.zig_Microsoft.Winget.Source_8wekyb3d8bbwe\zig-x86_64-windows-0.16.0\lib\std\testing.zig:83: 0x7ff6f098138e in expectEqual (test_zcu.obj)
           return expectEqualInner(T, expected, actual);
       
       C:\Users\tvolo\AppData\Local\Microsoft\WinGet\Packages\zig.zig_Microsoft.Winget.Source_8wekyb3d8bbwe\zig-x86_64-windows-0.16.0\lib\std\testing.zig:83: 0x7ff6f098138e in expectEqual (test_zcu.obj)
           return expectEqualInner(T, expected, actual);
       
       C:\Users\tvolo\AppData\Local\Microsoft\WinGet\Packages\zig.zig_Microsoft.Winget.Source_8wekyb3d8bbwe\zig-x86_64-windows-0.16.0\lib\std\testing.zig:83: 0x7ff6f098138e in expectEqual (test_zcu.obj)
           return expectEqualInner(T, expected, actual);
       
       C:\Users\tvolo\AppData\Local\Microsoft\WinGet\Packages\zig.zig_Microsoft.Winget.Source_8wekyb3d8bbwe\zig-x86_64-windows-0.16.0\lib\std\testing.zig:83: 0x7ff6f098138e in expectEqual (test_zcu.obj)
           return expectEqualInner(T, expected, actual);
       
       C:\Users\tvolo\AppData\Local\Microsoft\WinGet\Packages\zig.zig_Microsoft.Winget.Source_8wekyb3d8bbwe\zig-x86_64-windows-0.16.0\lib\std\testing.zig:83: 0x7ff6f098138e in expectEqual (test_zcu.obj)
           return expectEqualInner(T, expected, actual);
       
       C:\Users\tvolo\AppData\Local\Microsoft\WinGet\Packages\zig.zig_Microsoft.Winget.Source_8wekyb3d8bbwe\zig-x86_64-windows-0.16.0\lib\std\testing.zig:83: 0x7ff6f098138e in expectEqual (test_zcu.obj)
           return expectEqualInner(T, expected, actual);
       
       C:\Users\tvolo\AppData\Local\Microsoft\WinGet\Packages\zig.zig_Microsoft.Winget.Source_8wekyb3d8bbwe\zig-x86_64-windows-0.16.0\lib\std\testing.zig:83: 0x7ff6f098138e in expectEqual (test_zcu.obj)
           return expectEqualInner(T, expected, actual);
       
       C:\Users\tvolo\AppData\Local\Microsoft\WinGet\Packages\zig.zig_Microsoft.Winget.Source_8wekyb3d8bbwe\zig-x86_64-windows-0.16.0\lib\std\testing.zig:83: 0x7ff6f098138e in expectEqual (test_zcu.obj)
           return expectEqualInner(T, expected, actual);
       
       C:\Users\tvolo\AppData\Local\Microsoft\WinGet\Packages\zig.zig_Microsoft.Winget.Source_8wekyb3d8bbwe\zig-x86_64-windows-0.16.0\lib\std\testing.zig:83: 0x7ff6f098138e in expectEqual (test_zcu.obj)
           return expectEqualInner(T, expected, actual);
       
       C:\Users\tvolo\AppData\Local\Microsoft\WinGet\Packages\zig.zig_Microsoft.Winget.Source_8wekyb3d8bbwe\zig-x86_64-windows-0.16.0\lib\std\testing.zig:83: 0x7ff6f098138e in expectEqual (test_zcu.obj)
           return expectEqualInner(T, expected, actual);
       
       C:\Users\tvolo\AppData\Local\Microsoft\WinGet\Packages\zig.zig_Microsoft.Winget.Source_8wekyb3d8bbwe\zig-x86_64-windows-0.16.0\lib\std\testing.zig:83: 0x7ff6f098138e in expectEqual (test_zcu.obj)
           return expectEqualInner(T, expected, actual);
       
       C:\Users\tvolo\AppData\Local\Microsoft\WinGet\Packages\zig.zig_Microsoft.Winget.Source_8wekyb3d8bbwe\zig-x86_64-windows-0.16.0\lib\std\testing.zig:83: 0x7ff6f098138e in expectEqual (test_zcu.obj)
           return expectEqualInner(T, expected, actual);
       
       C:\Users\tvolo\AppData\Local\Microsoft\WinGet\Packages\zig.zig_Microsoft.Winget.Source_8wekyb3d8bbwe\zig-x86_64-windows-0.16.0\lib\std\testing.zig:83: 0x7ff6f098138e in expectEqual (test_zcu.obj)
           return expectEqualInner(T, expected, actual);
       
       C:\Users\tvolo\AppData\Local\Microsoft\WinGet\Packages\zig.zig_Microsoft.Winget.Source_8wekyb3d8bbwe\zig-x86_64-windows-0.16.0\lib\std\testing.zig:83: 0x7ff6f098138e in expectEqual (test_zcu.obj)
           return expectEqualInner(T, expected, actual);
       
       C:\Users\tvolo\AppData\Local\Microsoft\WinGet\Packages\zig.zig_Microsoft.Winget.Source_8wekyb3d8bbwe\zig-x86_64-windows-0.16.0\lib\std\testing.zig:83: 0x7ff6f098138e in expectEqual (test_zcu.obj)
           return expectEqualInner(T, expected, actual);
       
       C:\Users\tvolo\AppData\Local\Microsoft\WinGet\Packages\zig.zig_Microsoft.Winget.Source_8wekyb3d8bbwe\zig-x86_64-windows-0.16.0\lib\std\testing.zig:83: 0x7ff6f098138e in expectEqual (test_zcu.obj)
           return expectEqualInner(T, expected, actual);
       
       C:\Users\tvolo\AppData\Local\Microsoft\WinGet\Packages\zig.zig_Microsoft.Winget.Source_8wekyb3d8bbwe\zig-x86_64-windows-0.16.0\lib\std\testing.zig:83: 0x7ff6f098138e in expectEqual (test_zcu.obj)
           return expectEqualInner(T, expected, actual);
       
       C:\Users\tvolo\AppData\Local\Microsoft\WinGet\Packages\zig.zig_Microsoft.Winget.Source_8wekyb3d8bbwe\zig-x86_64-windows-0.16.0\lib\std\testing.zig:83: 0x7ff6f098138e in expectEqual (test_zcu.obj)
           return expectEqualInner(T, expected, actual);
       
       C:\Users\tvolo\AppData\Local\Microsoft\WinGet\Packages\zig.zig_Microsoft.Winget.Source_8wekyb3d8bbwe\zig-x86_64-windows-0.16.0\lib\std\testing.zig:83: 0x7ff6f098138e in expectEqual (test_zcu.obj)
           return expectEqualInner(T, expected, actual);
       
       C:\Users\tvolo\AppData\Local\Microsoft\WinGet\Packages\zig.zig_Microsoft.Winget.Source_8wekyb3d8bbwe\zig-x86_64-windows-0.16.0\lib\std\testing.zig:83: 0x7ff6f098138e in expectEqual (test_zcu.obj)
           return expectEqualInner(T, expected, actual);
       
       C:\Users\tvolo\AppData\Local\Microsoft\WinGet\Packages\zig.zig_Microsoft.Winget.Source_8wekyb3d8bbwe\zig-x86_64-windows-0.16.0\lib\std\testing.zig:83: 0x7ff6f098138e in expectEqual (test_zcu.obj)
           return expectEqualInner(T, expected, actual);
       
       C:\Users\tvolo\AppData\Local\Microsoft\WinGet\Packages\zig.zig_Microsoft.Winget.Source_8wekyb3d8bbwe\zig-x86_64-windows-0.16.0\lib\std\testing.zig:83: 0x7ff6f098138e in expectEqual (test_zcu.obj)
           return expectEqualInner(T, expected, actual);
       
       C:\Users\tvolo\AppData\Local\Microsoft\WinGet\Packages\zig.zig_Microsoft.Winget.Source_8wekyb3d8bbwe\zig-x86_64-windows-0.16.0\lib\std\testing.zig:83: 0x7ff6f098138e in expectEqual (test_zcu.obj)
           return expectEqualInner(T, expected, actual);
       
       C:\Users\tvolo\AppData\Local\Microsoft\WinGet\Packages\zig.zig_Microsoft.Winget.Source_8wekyb3d8bbwe\zig-x86_64-windows-0.16.0\lib\std\testing.zig:83: 0x7ff6f098138e in expectEqual (test_zcu.obj)
           return expectEqualInner(T, expected, actual);
       
       C:\Users\tvolo\AppData\Local\Microsoft\WinGet\Packages\zig.zig_Microsoft.Winget.Source_8wekyb3d8bbwe\zig-x86_64-windows-0.16.0\lib\std\testing.zig:83: 0x7ff6f098138e in expectEqual (test_zcu.obj)
           return expectEqualInner(T, expected, actual);
       
       C:\Users\tvolo\AppData\Local\Microsoft\WinGet\Packages\zig.zig_Microsoft.Winget.Source_8wekyb3d8bbwe\zig-x86_64-windows-0.16.0\lib\std\testing.zig:83: 0x7ff6f098138e in expectEqual (test_zcu.obj)
           return expectEqualInner(T, expected, actual);
       
       C:\Users\tvolo\AppData\Local\Microsoft\WinGet\Packages\zig.zig_Microsoft.Winget.Source_8wekyb3d8bbwe\zig-x86_64-windows-0.16.0\lib\std\testing.zig:83: 0x7ff6f098138e in expectEqual (test_zcu.obj)
           return expectEqualInner(T, expected, actual);
       
       C:\Users\tvolo\AppData\Local\Microsoft\WinGet\Packages\zig.zig_Microsoft.Winget.Source_8wekyb3d8bbwe\zig-x86_64-windows-0.16.0\lib\std\testing.zig:83: 0x7ff6f098138e in expectEqual (test_zcu.obj)
           return expectEqualInner(T, expected, actual);
       
       C:\Users\tvolo\AppData\Local\Microsoft\WinGet\Packages\zig.zig_Microsoft.Winget.Source_8wekyb3d8bbwe\zig-x86_64-windows-0.16.0\lib\std\testing.zig:83: 0x7ff6f098138e in expectEqual (test_zcu.obj)
           return expectEqualInner(T, expected, actual);
       
       C:\Users\tvolo\AppData\Local\Microsoft\WinGet\Packages\zig.zig_Microsoft.Winget.Source_8wekyb3d8bbwe\zig-x86_64-windows-0.16.0\lib\std\testing.zig:83: 0x7ff6f098138e in expectEqual (test_zcu.obj)
           return expectEqualInner(T, expected, actual);
       
       C:\Users\tvolo\AppData\Local\Microsoft\WinGet\Packages\zig.zig_Microsoft.Winget.Source_8wekyb3d8bbwe\zig-x86_64-windows-0.16.0\lib\std\testing.zig:83: 0x7ff6f098138e in expectEqual (test_zcu.obj)
           return expectEqualInner(T, expected, actual);
       
       C:\Users\tvolo\AppData\Local\Microsoft\WinGet\Packages\zig.zig_Microsoft.Winget.Source_8wekyb3d8bbwe\zig-x86_64-windows-0.16.0\lib\std\testing.zig:83: 0x7ff6f098138e in expectEqual (test_zcu.obj)
           return expectEqualInner(T, expected, actual);
       
       C:\Users\tvolo\AppData\Local\Microsoft\WinGet\Packages\zig.zig_Microsoft.Winget.Source_8wekyb3d8bbwe\zig-x86_64-windows-0.16.0\lib\std\testing.zig:83: 0x7ff6f098138e in expectEqual (test_zcu.obj)
           return expectEqualInner(T, expected, actual);
       
       C:\Users\tvolo\AppData\Local\Microsoft\WinGet\Packages\zig.zig_Microsoft.Winget.Source_8wekyb3d8bbwe\zig-x86_64-windows-0.16.0\lib\std\testing.zig:83: 0x7ff6f098138e in expectEqual (test_zcu.obj)
           return expectEqualInner(T, expected, actual);
       
       C:\Users\tvolo\AppData\Local\Microsoft\WinGet\Packages\zig.zig_Microsoft.Winget.Source_8wekyb3d8bbwe\zig-x86_64-windows-0.16.0\lib\std\testing.zig:83: 0x7ff6f098138e in expectEqual (test_zcu.obj)
           return expectEqualInner(T, expected, actual);
       
       C:\Users\tvolo\AppData\Local\Microsoft\WinGet\Packages\zig.zig_Microsoft.Winget.Source_8wekyb3d8bbwe\zig-x86_64-windows-0.16.0\lib\std\testing.zig:83: 0x7ff6f098138e in expectEqual (test_zcu.obj)
           return expectEqualInner(T, expected, actual);
       
       C:\Users\tvolo\AppData\Local\Microsoft\WinGet\Packages\zig.zig_Microsoft.Winget.Source_8wekyb3d8bbwe\zig-x86_64-windows-0.16.0\lib\std\testing.zig:83: 0x7ff6f098138e in expectEqual (test_zcu.obj)
           return expectEqualInner(T, expected, actual);
       
       C:\Users\tvolo\AppData\Local\Microsoft\WinGet\Packages\zig.zig_Microsoft.Winget.Source_8wekyb3d8bbwe\zig-x86_64-windows-0.16.0\lib\std\testing.zig:83: 0x7ff6f098138e in expectEqual (test_zcu.obj)
           return expectEqualInner(T, expected, actual);
       
       C:\Users\tvolo\AppData\Local\Microsoft\WinGet\Packages\zig.zig_Microsoft.Winget.Source_8wekyb3d8bbwe\zig-x86_64-windows-0.16.0\lib\std\testing.zig:83: 0x7ff6f098138e in expectEqual (test_zcu.obj)
           return expectEqualInner(T, expected, actual);
       
       C:\Users\tvolo\AppData\Local\Microsoft\WinGet\Packages\zig.zig_Microsoft.Winget.Source_8wekyb3d8bbwe\zig-x86_64-windows-0.16.0\lib\std\testing.zig:83: 0x7ff6f098138e in expectEqual (test_zcu.obj)
           return expectEqualInner(T, expected, actual);
       
       C:\Users\tvolo\AppData\Local\Microsoft\WinGet\Packages\zig.zig_Microsoft.Winget.Source_8wekyb3d8bbwe\zig-x86_64-windows-0.16.0\lib\std\testing.zig:83: 0x7ff6f098138e in expectEqual (test_zcu.obj)
           return expectEqualInner(T, expected, actual);
       
       C:\Users\tvolo\AppData\Local\Microsoft\WinGet\Packages\zig.zig_Microsoft.Winget.Source_8wekyb3d8bbwe\zig-x86_64-windows-0.16.0\lib\std\testing.zig:83: 0x7ff6f098138e in expectEqual (test_zcu.obj)
           return expectEqualInner(T, expected, actual);
       
       C:\Users\tvolo\AppData\Local\Microsoft\WinGet\Packages\zig.zig_Microsoft.Winget.Source_8wekyb3d8bbwe\zig-x86_64-windows-0.16.0\lib\std\testing.zig:83: 0x7ff6f098138e in expectEqual (test_zcu.obj)
           return expectEqualInner(T, expected, actual);
       
       C:\Users\tvolo\AppData\Local\Microsoft\WinGet\Packages\zig.zig_Microsoft.Winget.Source_8wekyb3d8bbwe\zig-x86_64-windows-0.16.0\lib\std\testing.zig:83: 0x7ff6f098138e in expectEqual (test_zcu.obj)
           return expectEqualInner(T, expected, actual);
       
       C:\Users\tvolo\AppData\Local\Microsoft\WinGet\Packages\zig.zig_Microsoft.Winget.Source_8wekyb3d8bbwe\zig-x86_64-windows-0.16.0\lib\std\testing.zig:83: 0x7ff6f098138e in expectEqual (test_zcu.obj)
           return expectEqualInner(T, expected, actual);
       
       C:\Users\tvolo\AppData\Local\Microsoft\WinGet\Packages\zig.zig_Microsoft.Winget.Source_8wekyb3d8bbwe\zig-x86_64-windows-0.16.0\lib\std\testing.zig:83: 0x7ff6f098138e in expectEqual (test_zcu.obj)
           return expectEqualInner(T, expected, actual);
       
       C:\Users\tvolo\AppData\Local\Microsoft\WinGet\Packages\zig.zig_Microsoft.Winget.Source_8wekyb3d8bbwe\zig-x86_64-windows-0.16.0\lib\std\testing.zig:83: 0x7ff6f098138e in expectEqual (test_zcu.obj)
           return expectEqualInner(T, expected, actual);
       
       C:\Users\tvolo\AppData\Local\Microsoft\WinGet\Packages\zig.zig_Microsoft.Winget.Source_8wekyb3d8bbwe\zig-x86_64-windows-0.16.0\lib\std\testing.zig:83: 0x7ff6f098138e in expectEqual (test_zcu.obj)
           return expectEqualInner(T, expected, actual);
       
       C:\Users\tvolo\AppData\Local\Microsoft\WinGet\Packages\zig.zig_Microsoft.Winget.Source_8wekyb3d8bbwe\zig-x86_64-windows-0.16.0\lib\std\testing.zig:83: 0x7ff6f098138e in expectEqual (test_zcu.obj)
           return expectEqualInner(T, expected, actual);
       
       C:\Users\tvolo\AppData\Local\Microsoft\WinGet\Packages\zig.zig_Microsoft.Winget.Source_8wekyb3d8bbwe\zig-x86_64-windows-0.16.0\lib\std\testing.zig:83: 0x7ff6f098138e in expectEqual (test_zcu.obj)
           return expectEqualInner(T, expected, actual);
       
       C:\Users\tvolo\AppData\Local\Microsoft\WinGet\Packages\zig.zig_Microsoft.Winget.Source_8wekyb3d8bbwe\zig-x86_64-windows-0.16.0\lib\std\testing.zig:83: 0x7ff6f098138e in expectEqual (test_zcu.obj)
           return expectEqualInner(T, expected, actual);
       
       C:\Users\tvolo\AppData\Local\Microsoft\WinGet\Packages\zig.zig_Microsoft.Winget.Source_8wekyb3d8bbwe\zig-x86_64-windows-0.16.0\lib\std\testing.zig:83: 0x7ff6f098138e in expectEqual (test_zcu.obj)
           return expectEqualInner(T, expected, actual);
       
       C:\Users\tvolo\AppData\Local\Microsoft\WinGet\Packages\zig.zig_Microsoft.Winget.Source_8wekyb3d8bbwe\zig-x86_64-windows-0.16.0\lib\std\testing.zig:83: 0x7ff6f098138e in expectEqual (test_zcu.obj)
           return expectEqualInner(T, expected, actual);
       
       C:\Users\tvolo\AppData\Local\Microsoft\WinGet\Packages\zig.zig_Microsoft.Winget.Source_8wekyb3d8bbwe\zig-x86_64-windows-0.16.0\lib\std\testing.zig:83: 0x7ff6f098138e in expectEqual (test_zcu.obj)
           return expectEqualInner(T, expected, actual);
       
       C:\Users\tvolo\AppData\Local\Microsoft\WinGet\Packages\zig.zig_Microsoft.Winget.Source_8wekyb3d8bbwe\zig-x86_64-windows-0.16.0\lib\std\testing.zig:83: 0x7ff6f098138e in expectEqual (test_zcu.obj)
           return expectEqualInner(T, expected, actual);
       
       C:\Users\tvolo\AppData\Local\Microsoft\WinGet\Packages\zig.zig_Microsoft.Winget.Source_8wekyb3d8bbwe\zig-x86_64-windows-0.16.0\lib\std\testing.zig:83: 0x7ff6f098138e in expectEqual (test_zcu.obj)
           return expectEqualInner(T, expected, actual);
       
       C:\Users\tvolo\AppData\Local\Microsoft\WinGet\Packages\zig.zig_Microsoft.Winget.Source_8wekyb3d8bbwe\zig-x86_64-windows-0.16.0\lib\std\testing.zig:83: 0x7ff6f098138e in expectEqual (test_zcu.obj)
           return expectEqualInner(T, expected, actual);
       
       C:\Users\tvolo\AppData\Local\Microsoft\WinGet\Packages\zig.zig_Microsoft.Winget.Source_8wekyb3d8bbwe\zig-x86_64-windows-0.16.0\lib\std\testing.zig:83: 0x7ff6f098138e in expectEqual (test_zcu.obj)
           return expectEqualInner(T, expected, actual);
       
       C:\Users\tvolo\AppData\Local\Microsoft\WinGet\Packages\zig.zig_Microsoft.Winget.Source_8wekyb3d8bbwe\zig-x86_64-windows-0.16.0\lib\std\testing.zig:83: 0x7ff6f098138e in expectEqual (test_zcu.obj)
           return expectEqualInner(T, expected, actual);
       
       C:\Users\tvolo\AppData\Local\Microsoft\WinGet\Packages\zig.zig_Microsoft.Winget.Source_8wekyb3d8bbwe\zig-x86_64-windows-0.16.0\lib\std\testing.zig:83: 0x7ff6f098138e in expectEqual (test_zcu.obj)
           return expectEqualInner(T, expected, actual);
       
       C:\Users\tvolo\AppData\Local\Microsoft\WinGet\Packages\zig.zig_Microsoft.Winget.Source_8wekyb3d8bbwe\zig-x86_64-windows-0.16.0\lib\std\testing.zig:83: 0x7ff6f098138e in expectEqual (test_zcu.obj)
           return expectEqualInner(T, expected, actual);
       
       C:\Users\tvolo\AppData\Local\Microsoft\WinGet\Packages\zig.zig_Microsoft.Winget.Source_8wekyb3d8bbwe\zig-x86_64-windows-0.16.0\lib\std\testing.zig:83: 0x7ff6f098138e in expectEqual (test_zcu.obj)
           return expectEqualInner(T, expected, actual);
       
       C:\Users\tvolo\AppData\Local\Microsoft\WinGet\Packages\zig.zig_Microsoft.Winget.Source_8wekyb3d8bbwe\zig-x86_64-windows-0.16.0\lib\std\testing.zig:83: 0x7ff6f098138e in expectEqual (test_zcu.obj)
           return expectEqualInner(T, expected, actual);
       
       C:\Users\tvolo\AppData\Local\Microsoft\WinGet\Packages\zig.zig_Microsoft.Winget.Source_8wekyb3d8bbwe\zig-x86_64-windows-0.16.0\lib\std\testing.zig:83: 0x7ff6f098138e in expectEqual (test_zcu.obj)
           return expectEqualInner(T, expected, actual);
       
       C:\Users\tvolo\AppData\Local\Microsoft\WinGet\Packages\zig.zig_Microsoft.Winget.Source_8wekyb3d8bbwe\zig-x86_64-windows-0.16.0\lib\std\testing.zig:83: 0x7ff6f098138e in expectEqual (test_zcu.obj)
           return expectEqualInner(T, expected, actual);
       
       C:\Users\tvolo\AppData\Local\Microsoft\WinGet\Packages\zig.zig_Microsoft.Winget.Source_8wekyb3d8bbwe\zig-x86_64-windows-0.16.0\lib\std\testing.zig:83: 0x7ff6f098138e in expectEqual (test_zcu.obj)
           return expectEqualInner(T, expected, actual);
       
       C:\Users\tvolo\AppData\Local\Microsoft\WinGet\Packages\zig.zig_Microsoft.Winget.Source_8wekyb3d8bbwe\zig-x86_64-windows-0.16.0\lib\std\testing.zig:83: 0x7ff6f098138e in expectEqual (test_zcu.obj)
           return expectEqualInner(T, expected, actual);
       
       C:\Users\tvolo\AppData\Local\Microsoft\WinGet\Packages\zig.zig_Microsoft.Winget.Source_8wekyb3d8bbwe\zig-x86_64-windows-0.16.0\lib\std\testing.zig:83: 0x7ff6f098138e in expectEqual (test_zcu.obj)
           return expectEqualInner(T, expected, actual);
       
       C:\Users\tvolo\AppData\Local\Microsoft\WinGet\Packages\zig.zig_Microsoft.Winget.Source_8wekyb3d8bbwe\zig-x86_64-windows-0.16.0\lib\std\testing.zig:83: 0x7ff6f098138e in expectEqual (test_zcu.obj)
           return expectEqualInner(T, expected, actual);
       
       C:\Users\tvolo\AppData\Local\Microsoft\WinGet\Packages\zig.zig_Microsoft.Winget.Source_8wekyb3d8bbwe\zig-x86_64-windows-0.16.0\lib\std\testing.zig:83: 0x7ff6f098138e in expectEqual (test_zcu.obj)
           return expectEqualInner(T, expected, actual);
       
       C:\Users\tvolo\AppData\Local\Microsoft\WinGet\Packages\zig.zig_Microsoft.Winget.Source_8wekyb3d8bbwe\zig-x86_64-windows-0.16.0\lib\std\testing.zig:83: 0x7ff6f098138e in expectEqual (test_zcu.obj)
           return expectEqualInner(T, expected, actual);
       
       C:\Users\tvolo\AppData\Local\Microsoft\WinGet\Packages\zig.zig_Microsoft.Winget.Source_8wekyb3d8bbwe\zig-x86_64-windows-0.16.0\lib\std\testing.zig:83: 0x7ff6f098138e in expectEqual (test_zcu.obj)
           return expectEqualInner(T, expected, actual);
       
       C:\Users\tvolo\AppData\Local\Microsoft\WinGet\Packages\zig.zig_Microsoft.Winget.Source_8wekyb3d8bbwe\zig-x86_64-windows-0.16.0\lib\std\testing.zig:83: 0x7ff6f098138e in expectEqual (test_zcu.obj)
           return expectEqualInner(T, expected, actual);
       
       C:\Users\tvolo\AppData\Local\Microsoft\WinGet\Packages\zig.zig_Microsoft.Winget.Source_8wekyb3d8bbwe\zig-x86_64-windows-0.16.0\lib\std\testing.zig:83: 0x7ff6f098138e in expectEqual (test_zcu.obj)
           return expectEqualInner(T, expected, actual);
       
       C:\Users\tvolo\AppData\Local\Microsoft\WinGet\Packages\zig.zig_Microsoft.Winget.Source_8wekyb3d8bbwe\zig-x86_64-windows-0.16.0\lib\std\testing.zig:83: 0x7ff6f098138e in expectEqual (test_zcu.obj)
           return expectEqualInner(T, expected, actual);
       
       C:\Users\tvolo\AppData\Local\Microsoft\WinGet\Packages\zig.zig_Microsoft.Winget.Source_8wekyb3d8bbwe\zig-x86_64-windows-0.16.0\lib\std\testing.zig:83: 0x7ff6f098138e in expectEqual (test_zcu.obj)
           return expectEqualInner(T, expected, actual);
       
       C:\Users\tvolo\AppData\Local\Microsoft\WinGet\Packages\zig.zig_Microsoft.Winget.Source_8wekyb3d8bbwe\zig-x86_64-windows-0.16.0\lib\std\testing.zig:83: 0x7ff6f098138e in expectEqual (test_zcu.obj)
           return expectEqualInner(T, expected, actual);
       
       C:\Users\tvolo\AppData\Local\Microsoft\WinGet\Packages\zig.zig_Microsoft.Winget.Source_8wekyb3d8bbwe\zig-x86_64-windows-0.16.0\lib\std\testing.zig:83: 0x7ff6f098138e in expectEqual (test_zcu.obj)
           return expectEqualInner(T, expected, actual);
       
       C:\Users\tvolo\AppData\Local\Microsoft\WinGet\Packages\zig.zig_Microsoft.Winget.Source_8wekyb3d8bbwe\zig-x86_64-windows-0.16.0\lib\std\testing.zig:83: 0x7ff6f098138e in expectEqual (test_zcu.obj)
           return expectEqualInner(T, expected, actual);
       
       C:\Users\tvolo\AppData\Local\Microsoft\WinGet\Packages\zig.zig_Microsoft.Winget.Source_8wekyb3d8bbwe\zig-x86_64-windows-0.16.0\lib\std\testing.zig:83: 0x7ff6f098138e in expectEqual (test_zcu.obj)
           return expectEqualInner(T, expected, actual);
       
       C:\Users\tvolo\AppData\Local\Microsoft\WinGet\Packages\zig.zig_Microsoft.Winget.Source_8wekyb3d8bbwe\zig-x86_64-windows-0.16.0\lib\std\testing.zig:83: 0x7ff6f098138e in expectEqual (test_zcu.obj)
           return expectEqualInner(T, expected, actual);
       
       C:\Users\tvolo\AppData\Local\Microsoft\WinGet\Packages\zig.zig_Microsoft.Winget.Source_8wekyb3d8bbwe\zig-x86_64-windows-0.16.0\lib\std\testing.zig:83: 0x7ff6f098138e in expectEqual (test_zcu.obj)
           return expectEqualInner(T, expected, actual);
       
       C:\Users\tvolo\AppData\Local\Microsoft\WinGet\Packages\zig.zig_Microsoft.Winget.Source_8wekyb3d8bbwe\zig-x86_64-windows-0.16.0\lib\std\testing.zig:83: 0x7ff6f098138e in expectEqual (test_zcu.obj)
           return expectEqualInner(T, expected, actual);
       
       C:\Users\tvolo\AppData\Local\Microsoft\WinGet\Packages\zig.zig_Microsoft.Winget.Source_8wekyb3d8bbwe\zig-x86_64-windows-0.16.0\lib\std\testing.zig:83: 0x7ff6f098138e in expectEqual (test_zcu.obj)
           return expectEqualInner(T, expected, actual);
       
       C:\Users\tvolo\AppData\Local\Microsoft\WinGet\Packages\zig.zig_Microsoft.Winget.Source_8wekyb3d8bbwe\zig-x86_64-windows-0.16.0\lib\std\testing.zig:83: 0x7ff6f098138e in expectEqual (test_zcu.obj)
           return expectEqualInner(T, expected, actual);
       
       C:\Users\tvolo\AppData\Local\Microsoft\WinGet\Packages\zig.zig_Microsoft.Winget.Source_8wekyb3d8bbwe\zig-x86_64-windows-0.16.0\lib\std\testing.zig:83: 0x7ff6f098138e in expectEqual (test_zcu.obj)
           return expectEqualInner(T, expected, actual);
       
       C:\Users\tvolo\AppData\Local\Microsoft\WinGet\Packages\zig.zig_Microsoft.Winget.Source_8wekyb3d8bbwe\zig-x86_64-windows-0.16.0\lib\std\testing.zig:83: 0x7ff6f098138e in expectEqual (test_zcu.obj)
           return expectEqualInner(T, expected, actual);
       
       C:\Users\tvolo\AppData\Local\Microsoft\WinGet\Packages\zig.zig_Microsoft.Winget.Source_8wekyb3d8bbwe\zig-x86_64-windows-0.16.0\lib\std\testing.zig:83: 0x7ff6f098138e in expectEqual (test_zcu.obj)
           return expectEqualInner(T, expected, actual);
       
       C:\Users\tvolo\AppData\Local\Microsoft\WinGet\Packages\zig.zig_Microsoft.Winget.Source_8wekyb3d8bbwe\zig-x86_64-windows-0.16.0\lib\std\testing.zig:83: 0x7ff6f098138e in expectEqual (test_zcu.obj)
           return expectEqualInner(T, expected, actual);
       
       C:\Users\tvolo\AppData\Local\Microsoft\WinGet\Packages\zig.zig_Microsoft.Winget.Source_8wekyb3d8bbwe\zig-x86_64-windows-0.16.0\lib\std\testing.zig:83: 0x7ff6f098138e in expectEqual (test_zcu.obj)
           return expectEqualInner(T, expected, actual);
       
       C:\Users\tvolo\AppData\Local\Microsoft\WinGet\Packages\zig.zig_Microsoft.Winget.Source_8wekyb3d8bbwe\zig-x86_64-windows-0.16.0\lib\std\testing.zig:83: 0x7ff6f098138e in expectEqual (test_zcu.obj)
           return expectEqualInner(T, expected, actual);
       
       C:\Users\tvolo\AppData\Local\Microsoft\WinGet\Packages\zig.zig_Microsoft.Winget.Source_8wekyb3d8bbwe\zig-x86_64-windows-0.16.0\lib\std\testing.zig:83: 0x7ff6f098138e in expectEqual (test_zcu.obj)
           return expectEqualInner(T, expected, actual);
       
       C:\Users\tvolo\AppData\Local\Microsoft\WinGet\Packages\zig.zig_Microsoft.Winget.Source_8wekyb3d8bbwe\zig-x86_64-windows-0.16.0\lib\std\testing.zig:83: 0x7ff6f098138e in expectEqual (test_zcu.obj)
           return expectEqualInner(T, expected, actual);
       
       C:\Users\tvolo\AppData\Local\Microsoft\WinGet\Packages\zig.zig_Microsoft.Winget.Source_8wekyb3d8bbwe\zig-x86_64-windows-0.16.0\lib\std\testing.zig:83: 0x7ff6f098138e in expectEqual (test_zcu.obj)
           return expectEqualInner(T, expected, actual);
       
       C:\Users\tvolo\AppData\Local\Microsoft\WinGet\Packages\zig.zig_Microsoft.Winget.Source_8wekyb3d8bbwe\zig-x86_64-windows-0.16.0\lib\std\testing.zig:83: 0x7ff6f098138e in expectEqual (test_zcu.obj)
           return expectEqualInner(T, expected, actual);
       
       C:\Users\tvolo\AppData\Local\Microsoft\WinGet\Packages\zig.zig_Microsoft.Winget.Source_8wekyb3d8bbwe\zig-x86_64-windows-0.16.0\lib\std\testing.zig:83: 0x7ff6f098138e in expectEqual (test_zcu.obj)
           return expectEqualInner(T, expected, actual);
       
       C:\Users\tvolo\AppData\Local\Microsoft\WinGet\Packages\zig.zig_Microsoft.Winget.Source_8wekyb3d8bbwe\zig-x86_64-windows-0.16.0\lib\std\testing.zig:83: 0x7ff6f098138e in expectEqual (test_zcu.obj)
           return expectEqualInner(T, expected, actual);
       
       C:\Users\tvolo\AppData\Local\Microsoft\WinGet\Packages\zig.zig_Microsoft.Winget.Source_8wekyb3d8bbwe\zig-x86_64-windows-0.16.0\lib\std\testing.zig:83: 0x7ff6f098138e in expectEqual (test_zcu.obj)
           return expectEqualInner(T, expected, actual);
       
       C:\Users\tvolo\AppData\Local\Microsoft\WinGet\Packages\zig.zig_Microsoft.Winget.Source_8wekyb3d8bbwe\zig-x86_64-windows-0.16.0\lib\std\testing.zig:83: 0x7ff6f098138e in expectEqual (test_zcu.obj)
           return expectEqualInner(T, expected, actual);
       
       C:\Users\tvolo\AppData\Local\Microsoft\WinGet\Packages\zig.zig_Microsoft.Winget.Source_8wekyb3d8bbwe\zig-x86_64-windows-0.16.0\lib\std\testing.zig:83: 0x7ff6f098138e in expectEqual (test_zcu.obj)
           return expectEqualInner(T, expected, actual);
       
       C:\Users\tvolo\AppData\Local\Microsoft\WinGet\Packages\zig.zig_Microsoft.Winget.Source_8wekyb3d8bbwe\zig-x86_64-windows-0.16.0\lib\std\testing.zig:83: 0x7ff6f098138e in expectEqual (test_zcu.obj)
           return expectEqualInner(T, expected, actual);
       
       C:\Users\tvolo\AppData\Local\Microsoft\WinGet\Packages\zig.zig_Microsoft.Winget.Source_8wekyb3d8bbwe\zig-x86_64-windows-0.16.0\lib\std\testing.zig:83: 0x7ff6f098138e in expectEqual (test_zcu.obj)
           return expectEqualInner(T, expected, actual);
       
       C:\Users\tvolo\AppData\Local\Microsoft\WinGet\Packages\zig.zig_Microsoft.Winget.Source_8wekyb3d8bbwe\zig-x86_64-windows-0.16.0\lib\std\testing.zig:83: 0x7ff6f098138e in expectEqual (test_zcu.obj)
           return expectEqualInner(T, expected, actual);
       
       C:\Users\tvolo\AppData\Local\Microsoft\WinGet\Packages\zig.zig_Microsoft.Winget.Source_8wekyb3d8bbwe\zig-x86_64-windows-0.16.0\lib\std\testing.zig:83: 0x7ff6f098138e in expectEqual (test_zcu.obj)
           return expectEqualInner(T, expected, actual);
       
       C:\Users\tvolo\AppData\Local\Microsoft\WinGet\Packages\zig.zig_Microsoft.Winget.Source_8wekyb3d8bbwe\zig-x86_64-windows-0.16.0\lib\std\testing.zig:83: 0x7ff6f098138e in expectEqual (test_zcu.obj)
           return expectEqualInner(T, expected, actual);
       
       C:\Users\tvolo\AppData\Local\Microsoft\WinGet\Packages\zig.zig_Microsoft.Winget.Source_8wekyb3d8bbwe\zig-x86_64-windows-0.16.0\lib\std\testing.zig:83: 0x7ff6f098138e in expectEqual (test_zcu.obj)
           return expectEqualInner(T, expected, actual);
       
       C:\Users\tvolo\AppData\Local\Microsoft\WinGet\Packages\zig.zig_Microsoft.Winget.Source_8wekyb3d8bbwe\zig-x86_64-windows-0.16.0\lib\std\testing.zig:83: 0x7ff6f098138e in expectEqual (test_zcu.obj)
           return expectEqualInner(T, expected, actual);
       
       C:\Users\tvolo\AppData\Local\Microsoft\WinGet\Packages\zig.zig_Microsoft.Winget.Source_8wekyb3d8bbwe\zig-x86_64-windows-0.16.0\lib\std\testing.zig:83: 0x7ff6f098138e in expectEqual (test_zcu.obj)
           return expectEqualInner(T, expected, actual);
       
       C:\Users\tvolo\AppData\Local\Microsoft\WinGet\Packages\zig.zig_Microsoft.Winget.Source_8wekyb3d8bbwe\zig-x86_64-windows-0.16.0\lib\std\testing.zig:83: 0x7ff6f098138e in expectEqual (test_zcu.obj)
           return expectEqualInner(T, expected, actual);
       
       C:\Users\tvolo\AppData\Local\Microsoft\WinGet\Packages\zig.zig_Microsoft.Winget.Source_8wekyb3d8bbwe\zig-x86_64-windows-0.16.0\lib\std\testing.zig:83: 0x7ff6f098138e in expectEqual (test_zcu.obj)
           return expectEqualInner(T, expected, actual);
       
       C:\Users\tvolo\AppData\Local\Microsoft\WinGet\Packages\zig.zig_Microsoft.Winget.Source_8wekyb3d8bbwe\zig-x86_64-windows-0.16.0\lib\std\testing.zig:83: 0x7ff6f098138e in expectEqual (test_zcu.obj)
           return expectEqualInner(T, expected, actual);
       
       C:\Users\tvolo\AppData\Local\Microsoft\WinGet\Packages\zig.zig_Microsoft.Winget.Source_8wekyb3d8bbwe\zig-x86_64-windows-0.16.0\lib\std\testing.zig:83: 0x7ff6f098138e in expectEqual (test_zcu.obj)
           return expectEqualInner(T, expected, actual);
       
       C:\Users\tvolo\AppData\Local\Microsoft\WinGet\Packages\zig.zig_Microsoft.Winget.Source_8wekyb3d8bbwe\zig-x86_64-windows-0.16.0\lib\std\testing.zig:83: 0x7ff6f098138e in expectEqual (test_zcu.obj)
           return expectEqualInner(T, expected, actual);
       
       C:\Users\tvolo\AppData\Local\Microsoft\WinGet\Packages\zig.zig_Microsoft.Winget.Source_8wekyb3d8bbwe\zig-x86_64-windows-0.16.0\lib\std\testing.zig:83: 0x7ff6f098138e in expectEqual (test_zcu.obj)
           return expectEqualInner(T, expected, actual);
       
       C:\Users\tvolo\AppData\Local\Microsoft\WinGet\Packages\zig.zig_Microsoft.Winget.Source_8wekyb3d8bbwe\zig-x86_64-windows-0.16.0\lib\std\testing.zig:83: 0x7ff6f098138e in expectEqual (test_zcu.obj)
           return expectEqualInner(T, expected, actual);
       
       C:\Users\tvolo\AppData\Local\Microsoft\WinGet\Packages\zig.zig_Microsoft.Winget.Source_8wekyb3d8bbwe\zig-x86_64-windows-0.16.0\lib\std\testing.zig:83: 0x7ff6f098138e in expectEqual (test_zcu.obj)
           return expectEqualInner(T, expected, actual);
       
       C:\Users\tvolo\AppData\Local\Microsoft\WinGet\Packages\zig.zig_Microsoft.Winget.Source_8wekyb3d8bbwe\zig-x86_64-windows-0.16.0\lib\std\testing.zig:83: 0x7ff6f098138e in expectEqual (test_zcu.obj)
           return expectEqualInner(T, expected, actual);
       
       C:\Users\tvolo\AppData\Local\Microsoft\WinGet\Packages\zig.zig_Microsoft.Winget.Source_8wekyb3d8bbwe\zig-x86_64-windows-0.16.0\lib\std\testing.zig:83: 0x7ff6f098138e in expectEqual (test_zcu.obj)
           return expectEqualInner(T, expected, actual);
       
       C:\Users\tvolo\AppData\Local\Microsoft\WinGet\Packages\zig.zig_Microsoft.Winget.Source_8wekyb3d8bbwe\zig-x86_64-windows-0.16.0\lib\std\testing.zig:83: 0x7ff6f098138e in expectEqual (test_zcu.obj)
           return expectEqualInner(T, expected, actual);
       
       C:\Users\tvolo\AppData\Local\Microsoft\WinGet\Packages\zig.zig_Microsoft.Winget.Source_8wekyb3d8bbwe\zig-x86_64-windows-0.16.0\lib\std\testing.zig:83: 0x7ff6f098138e in expectEqual (test_zcu.obj)
           return expectEqualInner(T, expected, actual);
       
       C:\Users\tvolo\AppData\Local\Microsoft\WinGet\Packages\zig.zig_Microsoft.Winget.Source_8wekyb3d8bbwe\zig-x86_64-windows-0.16.0\lib\std\testing.zig:83: 0x7ff6f098138e in expectEqual (test_zcu.obj)
           return expectEqualInner(T, expected, actual);
       
       C:\Users\tvolo\AppData\Local\Microsoft\WinGet\Packages\zig.zig_Microsoft.Winget.Source_8wekyb3d8bbwe\zig-x86_64-windows-0.16.0\lib\std\testing.zig:83: 0x7ff6f098138e in expectEqual (test_zcu.obj)
           return expectEqualInner(T, expected, actual);
       
       C:\Users\tvolo\AppData\Local\Microsoft\WinGet\Packages\zig.zig_Microsoft.Winget.Source_8wekyb3d8bbwe\zig-x86_64-windows-0.16.0\lib\std\testing.zig:83: 0x7ff6f098138e in expectEqual (test_zcu.obj)
           return expectEqualInner(T, expected, actual);
       
       C:\Users\tvolo\AppData\Local\Microsoft\WinGet\Packages\zig.zig_Microsoft.Winget.Source_8wekyb3d8bbwe\zig-x86_64-windows-0.16.0\lib\std\testing.zig:83: 0x7ff6f098138e in expectEqual (test_zcu.obj)
           return expectEqualInner(T, expected, actual);
       
       C:\Users\tvolo\AppData\Local\Microsoft\WinGet\Packages\zig.zig_Microsoft.Winget.Source_8wekyb3d8bbwe\zig-x86_64-windows-0.16.0\lib\std\testing.zig:83: 0x7ff6f098138e in expectEqual (test_zcu.obj)
           return expectEqualInner(T, expected, actual);
       
       C:\Users\tvolo\AppData\Local\Microsoft\WinGet\Packages\zig.zig_Microsoft.Winget.Source_8wekyb3d8bbwe\zig-x86_64-windows-0.16.0\lib\std\testing.zig:83: 0x7ff6f098138e in expectEqual (test_zcu.obj)
           return expectEqualInner(T, expected, actual);
       
       C:\Users\tvolo\AppData\Local\Microsoft\WinGet\Packages\zig.zig_Microsoft.Winget.Source_8wekyb3d8bbwe\zig-x86_64-windows-0.16.0\lib\std\testing.zig:83: 0x7ff6f098138e in expectEqual (test_zcu.obj)
           return expectEqualInner(T, expected, actual);
       
       C:\Users\tvolo\AppData\Local\Microsoft\WinGet\Packages\zig.zig_Microsoft.Winget.Source_8wekyb3d8bbwe\zig-x86_64-windows-0.16.0\lib\std\testing.zig:83: 0x7ff6f098138e in expectEqual (test_zcu.obj)
           return expectEqualInner(T, expected, actual);
       
       C:\Users\tvolo\AppData\Local\Microsoft\WinGet\Packages\zig.zig_Microsoft.Winget.Source_8wekyb3d8bbwe\zig-x86_64-windows-0.16.0\lib\std\testing.zig:83: 0x7ff6f098138e in expectEqual (test_zcu.obj)
           return expectEqualInner(T, expected, actual);
       
       C:\Users\tvolo\AppData\Local\Microsoft\WinGet\Packages\zig.zig_Microsoft.Winget.Source_8wekyb3d8bbwe\zig-x86_64-windows-0.16.0\lib\std\testing.zig:83: 0x7ff6f098138e in expectEqual (test_zcu.obj)
           return expectEqualInner(T, expected, actual);
       
       C:\Users\tvolo\AppData\Local\Microsoft\WinGet\Packages\zig.zig_Microsoft.Winget.Source_8wekyb3d8bbwe\zig-x86_64-windows-0.16.0\lib\std\testing.zig:83: 0x7ff6f098138e in expectEqual (test_zcu.obj)
           return expectEqualInner(T, expected, actual);
       
       C:\Users\tvolo\AppData\Local\Microsoft\WinGet\Packages\zig.zig_Microsoft.Winget.Source_8wekyb3d8bbwe\zig-x86_64-windows-0.16.0\lib\std\testing.zig:83: 0x7ff6f098138e in expectEqual (test_zcu.obj)
           return expectEqualInner(T, expected, actual);
       
       C:\Users\tvolo\AppData\Local\Microsoft\WinGet\Packages\zig.zig_Microsoft.Winget.Source_8wekyb3d8bbwe\zig-x86_64-windows-0.16.0\lib\std\testing.zig:83: 0x7ff6f098138e in expectEqual (test_zcu.obj)
           return expectEqualInner(T, expected, actual);
       
       C:\Users\tvolo\AppData\Local\Microsoft\WinGet\Packages\zig.zig_Microsoft.Winget.Source_8wekyb3d8bbwe\zig-x86_64-windows-0.16.0\lib\std\testing.zig:83: 0x7ff6f098138e in expectEqual (test_zcu.obj)
           return expectEqualInner(T, expected, actual);
       
       C:\Users\tvolo\AppData\Local\Microsoft\WinGet\Packages\zig.zig_Microsoft.Winget.Source_8wekyb3d8bbwe\zig-x86_64-windows-0.16.0\lib\std\testing.zig:83: 0x7ff6f098138e in expectEqual (test_zcu.obj)
           return expectEqualInner(T, expected, actual);
       
       C:\Users\tvolo\AppData\Local\Microsoft\WinGet\Packages\zig.zig_Microsoft.Winget.Source_8wekyb3d8bbwe\zig-x86_64-windows-0.16.0\lib\std\testing.zig:83: 0x7ff6f098138e in expectEqual (test_zcu.obj)
           return expectEqualInner(T, expected, actual);
       
       C:\Users\tvolo\AppData\Local\Microsoft\WinGet\Packages\zig.zig_Microsoft.Winget.Source_8wekyb3d8bbwe\zig-x86_64-windows-0.16.0\lib\std\testing.zig:83: 0x7ff6f098138e in expectEqual (test_zcu.obj)
           return expectEqualInner(T, expected, actual);
       
       C:\Users\tvolo\AppData\Local\Microsoft\WinGet\Packages\zig.zig_Microsoft.Winget.Source_8wekyb3d8bbwe\zig-x86_64-windows-0.16.0\lib\std\testing.zig:83: 0x7ff6f098138e in expectEqual (test_zcu.obj)
           return expectEqualInner(T, expected, actual);
       
       C:\Users\tvolo\AppData\Local\Microsoft\WinGet\Packages\zig.zig_Microsoft.Winget.Source_8wekyb3d8bbwe\zig-x86_64-windows-0.16.0\lib\std\testing.zig:83: 0x7ff6f098138e in expectEqual (test_zcu.obj)
           return expectEqualInner(T, expected, actual);
       
       C:\Users\tvolo\AppData\Local\Microsoft\WinGet\Packages\zig.zig_Microsoft.Winget.Source_8wekyb3d8bbwe\zig-x86_64-windows-0.16.0\lib\std\testing.zig:83: 0x7ff6f098138e in expectEqual (test_zcu.obj)
           return expectEqualInner(T, expected, actual);
       
       C:\Users\tvolo\AppData\Local\Microsoft\WinGet\Packages\zig.zig_Microsoft.Winget.Source_8wekyb3d8bbwe\zig-x86_64-windows-0.16.0\lib\std\testing.zig:83: 0x7ff6f098138e in expectEqual (test_zcu.obj)
           return expectEqualInner(T, expected, actual);
       
       C:\Users\tvolo\AppData\Local\Microsoft\WinGet\Packages\zig.zig_Microsoft.Winget.Source_8wekyb3d8bbwe\zig-x86_64-windows-0.16.0\lib\std\testing.zig:83: 0x7ff6f098138e in expectEqual (test_zcu.obj)
           return expectEqualInner(T, expected, actual);
       
       C:\Users\tvolo\AppData\Local\Microsoft\WinGet\Packages\zig.zig_Microsoft.Winget.Source_8wekyb3d8bbwe\zig-x86_64-windows-0.16.0\lib\std\testing.zig:83: 0x7ff6f098138e in expectEqual (test_zcu.obj)
           return expectEqualInner(T, expected, actual);
       
       C:\Users\tvolo\AppData\Local\Microsoft\WinGet\Packages\zig.zig_Microsoft.Winget.Source_8wekyb3d8bbwe\zig-x86_64-windows-0.16.0\lib\std\testing.zig:83: 0x7ff6f098138e in expectEqual (test_zcu.obj)
           return expectEqualInner(T, expected, actual);
       
       C:\Users\tvolo\AppData\Local\Microsoft\WinGet\Packages\zig.zig_Microsoft.Winget.Source_8wekyb3d8bbwe\zig-x86_64-windows-0.16.0\lib\std\testing.zig:83: 0x7ff6f098138e in expectEqual (test_zcu.obj)
           return expectEqualInner(T, expected, actual);
       
       C:\Users\tvolo\AppData\Local\Microsoft\WinGet\Packages\zig.zig_Microsoft.Winget.Source_8wekyb3d8bbwe\zig-x86_64-windows-0.16.0\lib\std\testing.zig:83: 0x7ff6f098138e in expectEqual (test_zcu.obj)
           return expectEqualInner(T, expected, actual);
       
       C:\Users\tvolo\AppData\Local\Microsoft\WinGet\Packages\zig.zig_Microsoft.Winget.Source_8wekyb3d8bbwe\zig-x86_64-windows-0.16.0\lib\std\testing.zig:83: 0x7ff6f098138e in expectEqual (test_zcu.obj)
           return expectEqualInner(T, expected, actual);
       
       C:\Users\tvolo\AppData\Local\Microsoft\WinGet\Packages\zig.zig_Microsoft.Winget.Source_8wekyb3d8bbwe\zig-x86_64-windows-0.16.0\lib\std\testing.zig:83: 0x7ff6f098138e in expectEqual (test_zcu.obj)
           return expectEqualInner(T, expected, actual);
       
       C:\Users\tvolo\AppData\Local\Microsoft\WinGet\Packages\zig.zig_Microsoft.Winget.Source_8wekyb3d8bbwe\zig-x86_64-windows-0.16.0\lib\std\testing.zig:83: 0x7ff6f098138e in expectEqual (test_zcu.obj)
           return expectEqualInner(T, expected, actual);
       
       C:\Users\tvolo\AppData\Local\Microsoft\WinGet\Packages\zig.zig_Microsoft.Winget.Source_8wekyb3d8bbwe\zig-x86_64-windows-0.16.0\lib\std\testing.zig:83: 0x7ff6f098138e in expectEqual (test_zcu.obj)
           return expectEqualInner(T, expected, actual);
       
       C:\Users\tvolo\AppData\Local\Microsoft\WinGet\Packages\zig.zig_Microsoft.Winget.Source_8wekyb3d8bbwe\zig-x86_64-windows-0.16.0\lib\std\testing.zig:83: 0x7ff6f098138e in expectEqual (test_zcu.obj)
           return expectEqualInner(T, expected, actual);
       
       C:\Users\tvolo\AppData\Local\Microsoft\WinGet\Packages\zig.zig_Microsoft.Winget.Source_8wekyb3d8bbwe\zig-x86_64-windows-0.16.0\lib\std\testing.zig:83: 0x7ff6f098138e in expectEqual (test_zcu.obj)
           return expectEqualInner(T, expected, actual);
       
       C:\Users\tvolo\AppData\Local\Microsoft\WinGet\Packages\zig.zig_Microsoft.Winget.Source_8wekyb3d8bbwe\zig-x86_64-windows-0.16.0\lib\std\testing.zig:83: 0x7ff6f098138e in expectEqual (test_zcu.obj)
           return expectEqualInner(T, expected, actual);
       
       C:\Users\tvolo\AppData\Local\Microsoft\WinGet\Packages\zig.zig_Microsoft.Winget.Source_8wekyb3d8bbwe\zig-x86_64-windows-0.16.0\lib\std\testing.zig:83: 0x7ff6f098138e in expectEqual (test_zcu.obj)
           return expectEqualInner(T, expected, actual);
       
       C:\Users\tvolo\AppData\Local\Microsoft\WinGet\Packages\zig.zig_Microsoft.Winget.Source_8wekyb3d8bbwe\zig-x86_64-windows-0.16.0\lib\std\testing.zig:83: 0x7ff6f098138e in expectEqual (test_zcu.obj)
           return expectEqualInner(T, expected, actual);
       
       C:\Users\tvolo\AppData\Local\Microsoft\WinGet\Packages\zig.zig_Microsoft.Winget.Source_8wekyb3d8bbwe\zig-x86_64-windows-0.16.0\lib\std\testing.zig:83: 0x7ff6f098138e in expectEqual (test_zcu.obj)
           return expectEqualInner(T, expected, actual);
       
       C:\Users\tvolo\AppData\Local\Microsoft\WinGet\Packages\zig.zig_Microsoft.Winget.Source_8wekyb3d8bbwe\zig-x86_64-windows-0.16.0\lib\std\testing.zig:83: 0x7ff6f098138e in expectEqual (test_zcu.obj)
           return expectEqualInner(T, expected, actual);
       
       C:\Users\tvolo\AppData\Local\Microsoft\WinGet\Packages\zig.zig_Microsoft.Winget.Source_8wekyb3d8bbwe\zig-x86_64-windows-0.16.0\lib\std\testing.zig:83: 0x7ff6f098138e in expectEqual (test_zcu.obj)
           return expectEqualInner(T, expected, actual);
       
       C:\Users\tvolo\AppData\Local\Microsoft\WinGet\Packages\zig.zig_Microsoft.Winget.Source_8wekyb3d8bbwe\zig-x86_64-windows-0.16.0\lib\std\testing.zig:83: 0x7ff6f098138e in expectEqual (test_zcu.obj)
           return expectEqualInner(T, expected, actual);
       
       C:\Users\tvolo\AppData\Local\Microsoft\WinGet\Packages\zig.zig_Microsoft.Winget.Source_8wekyb3d8bbwe\zig-x86_64-windows-0.16.0\lib\std\testing.zig:83: 0x7ff6f098138e in expectEqual (test_zcu.obj)
           return expectEqualInner(T, expected, actual);
       
       C:\Users\tvolo\AppData\Local\Microsoft\WinGet\Packages\zig.zig_Microsoft.Winget.Source_8wekyb3d8bbwe\zig-x86_64-windows-0.16.0\lib\std\testing.zig:83: 0x7ff6f098138e in expectEqual (test_zcu.obj)
           return expectEqualInner(T, expected, actual);
       
       C:\Users\tvolo\AppData\Local\Microsoft\WinGet\Packages\zig.zig_Microsoft.Winget.Source_8wekyb3d8bbwe\zig-x86_64-windows-0.16.0\lib\std\testing.zig:83: 0x7ff6f098138e in expectEqual (test_zcu.obj)
           return expectEqualInner(T, expected, actual);
       
       C:\Users\tvolo\AppData\Local\Microsoft\WinGet\Packages\zig.zig_Microsoft.Winget.Source_8wekyb3d8bbwe\zig-x86_64-windows-0.16.0\lib\std\testing.zig:83: 0x7ff6f098138e in expectEqual (test_zcu.obj)
           return expectEqualInner(T, expected, actual);
       
       C:\Users\tvolo\AppData\Local\Microsoft\WinGet\Packages\zig.zig_Microsoft.Winget.Source_8wekyb3d8bbwe\zig-x86_64-windows-0.16.0\lib\std\testing.zig:83: 0x7ff6f098138e in expectEqual (test_zcu.obj)
           return expectEqualInner(T, expected, actual);
       
       C:\Users\tvolo\AppData\Local\Microsoft\WinGet\Packages\zig.zig_Microsoft.Winget.Source_8wekyb3d8bbwe\zig-x86_64-windows-0.16.0\lib\std\testing.zig:83: 0x7ff6f098138e in expectEqual (test_zcu.obj)
           return expectEqualInner(T, expected, actual);
       
       C:\Users\tvolo\AppData\Local\Microsoft\WinGet\Packages\zig.zig_Microsoft.Winget.Source_8wekyb3d8bbwe\zig-x86_64-windows-0.16.0\lib\std\testing.zig:83: 0x7ff6f098138e in expectEqual (test_zcu.obj)
           return expectEqualInner(T, expected, actual);
       
       C:\Users\tvolo\AppData\Local\Microsoft\WinGet\Packages\zig.zig_Microsoft.Winget.Source_8wekyb3d8bbwe\zig-x86_64-windows-0.16.0\lib\std\testing.zig:83: 0x7ff6f098138e in expectEqual (test_zcu.obj)
           return expectEqualInner(T, expected, actual);
       
       C:\Users\tvolo\AppData\Local\Microsoft\WinGet\Packages\zig.zig_Microsoft.Winget.Source_8wekyb3d8bbwe\zig-x86_64-windows-0.16.0\lib\std\testing.zig:83: 0x7ff6f098138e in expectEqual (test_zcu.obj)
           return expectEqualInner(T, expected, actual);
       
       C:\Users\tvolo\AppData\Local\Microsoft\WinGet\Packages\zig.zig_Microsoft.Winget.Source_8wekyb3d8bbwe\zig-x86_64-windows-0.16.0\lib\std\testing.zig:83: 0x7ff6f098138e in expectEqual (test_zcu.obj)
           return expectEqualInner(T, expected, actual);
       
       C:\Users\tvolo\AppData\Local\Microsoft\WinGet\Packages\zig.zig_Microsoft.Winget.Source_8wekyb3d8bbwe\zig-x86_64-windows-0.16.0\lib\std\testing.zig:83: 0x7ff6f098138e in expectEqual (test_zcu.obj)
           return expectEqualInner(T, expected, actual);
       
       C:\Users\tvolo\AppData\Local\Microsoft\WinGet\Packages\zig.zig_Microsoft.Winget.Source_8wekyb3d8bbwe\zig-x86_64-windows-0.16.0\lib\std\testing.zig:83: 0x7ff6f098138e in expectEqual (test_zcu.obj)
           return expectEqualInner(T, expected, actual);
       
       C:\Users\tvolo\AppData\Local\Microsoft\WinGet\Packages\zig.zig_Microsoft.Winget.Source_8wekyb3d8bbwe\zig-x86_64-windows-0.16.0\lib\std\testing.zig:83: 0x7ff6f098138e in expectEqual (test_zcu.obj)
           return expectEqualInner(T, expected, actual);
       
       C:\Users\tvolo\AppData\Local\Microsoft\WinGet\Packages\zig.zig_Microsoft.Winget.Source_8wekyb3d8bbwe\zig-x86_64-windows-0.16.0\lib\std\testing.zig:83: 0x7ff6f098138e in expectEqual (test_zcu.obj)
           return expectEqualInner(T, expected, actual);
       
       C:\Users\tvolo\AppData\Local\Microsoft\WinGet\Packages\zig.zig_Microsoft.Winget.Source_8wekyb3d8bbwe\zig-x86_64-windows-0.16.0\lib\std\testing.zig:83: 0x7ff6f098138e in expectEqual (test_zcu.obj)
           return expectEqualInner(T, expected, actual);
       
       C:\Users\tvolo\AppData\Local\Microsoft\WinGet\Packages\zig.zig_Microsoft.Winget.Source_8wekyb3d8bbwe\zig-x86_64-windows-0.16.0\lib\std\testing.zig:83: 0x7ff6f098138e in expectEqual (test_zcu.obj)
           return expectEqualInner(T, expected, actual);
       
       C:\Users\tvolo\AppData\Local\Microsoft\WinGet\Packages\zig.zig_Microsoft.Winget.Source_8wekyb3d8bbwe\zig-x86_64-windows-0.16.0\lib\std\testing.zig:83: 0x7ff6f098138e in expectEqual (test_zcu.obj)
           return expectEqualInner(T, expected, actual);
       
       C:\Users\tvolo\AppData\Local\Microsoft\WinGet\Packages\zig.zig_Microsoft.Winget.Source_8wekyb3d8bbwe\zig-x86_64-windows-0.16.0\lib\std\testing.zig:83: 0x7ff6f098138e in expectEqual (test_zcu.obj)
           return expectEqualInner(T, expected, actual);
       
       C:\Users\tvolo\AppData\Local\Microsoft\WinGet\Packages\zig.zig_Microsoft.Winget.Source_8wekyb3d8bbwe\zig-x86_64-windows-0.16.0\lib\std\testing.zig:83: 0x7ff6f098138e in expectEqual (test_zcu.obj)
           return expectEqualInner(T, expected, actual);
       
       C:\Users\tvolo\AppData\Local\Microsoft\WinGet\Packages\zig.zig_Microsoft.Winget.Source_8wekyb3d8bbwe\zig-x86_64-windows-0.16.0\lib\std\testing.zig:83: 0x7ff6f098138e in expectEqual (test_zcu.obj)
           return expectEqualInner(T, expected, actual);
       
       C:\Users\tvolo\AppData\Local\Microsoft\WinGet\Packages\zig.zig_Microsoft.Winget.Source_8wekyb3d8bbwe\zig-x86_64-windows-0.16.0\lib\std\testing.zig:83: 0x7ff6f098138e in expectEqual (test_zcu.obj)
           return expectEqualInner(T, expected, actual);
       
       C:\Users\tvolo\AppData\Local\Microsoft\WinGet\Packages\zig.zig_Microsoft.Winget.Source_8wekyb3d8bbwe\zig-x86_64-windows-0.16.0\lib\std\testing.zig:83: 0x7ff6f098138e in expectEqual (test_zcu.obj)
           return expectEqualInner(T, expected, actual);
       
       C:\Users\tvolo\AppData\Local\Microsoft\WinGet\Packages\zig.zig_Microsoft.Winget.Source_8wekyb3d8bbwe\zig-x86_64-windows-0.16.0\lib\std\testing.zig:83: 0x7ff6f098138e in expectEqual (test_zcu.obj)
           return expectEqualInner(T, expected, actual);
       
       C:\Users\tvolo\AppData\Local\Microsoft\WinGet\Packages\zig.zig_Microsoft.Winget.Source_8wekyb3d8bbwe\zig-x86_64-windows-0.16.0\lib\std\testing.zig:83: 0x7ff6f098138e in expectEqual (test_zcu.obj)
           return expectEqualInner(T, expected, actual);
       
       C:\Users\tvolo\AppData\Local\Microsoft\WinGet\Packages\zig.zig_Microsoft.Winget.Source_8wekyb3d8bbwe\zig-x86_64-windows-0.16.0\lib\std\testing.zig:83: 0x7ff6f098138e in expectEqual (test_zcu.obj)
           return expectEqualInner(T, expected, actual);
       
       C:\Users\tvolo\AppData\Local\Microsoft\WinGet\Packages\zig.zig_Microsoft.Winget.Source_8wekyb3d8bbwe\zig-x86_64-windows-0.16.0\lib\std\testing.zig:83: 0x7ff6f098138e in expectEqual (test_zcu.obj)
           return expectEqualInner(T, expected, actual);
       
       C:\Users\tvolo\AppData\Local\Microsoft\WinGet\Packages\zig.zig_Microsoft.Winget.Source_8wekyb3d8bbwe\zig-x86_64-windows-0.16.0\lib\std\testing.zig:83: 0x7ff6f098138e in expectEqual (test_zcu.obj)
           return expectEqualInner(T, expected, actual);
       
       C:\Users\tvolo\AppData\Local\Microsoft\WinGet\Packages\zig.zig_Microsoft.Winget.Source_8wekyb3d8bbwe\zig-x86_64-windows-0.16.0\lib\std\testing.zig:83: 0x7ff6f098138e in expectEqual (test_zcu.obj)
           return expectEqualInner(T, expected, actual);
       
       C:\Users\tvolo\AppData\Local\Microsoft\WinGet\Packages\zig.zig_Microsoft.Winget.Source_8wekyb3d8bbwe\zig-x86_64-windows-0.16.0\lib\std\testing.zig:83: 0x7ff6f098138e in expectEqual (test_zcu.obj)
           return expectEqualInner(T, expected, actual);
       
       C:\Users\tvolo\AppData\Local\Microsoft\WinGet\Packages\zig.zig_Microsoft.Winget.Source_8wekyb3d8bbwe\zig-x86_64-windows-0.16.0\lib\std\testing.zig:83: 0x7ff6f098138e in expectEqual (test_zcu.obj)
           return expectEqualInner(T, expected, actual);
       
       C:\Users\tvolo\AppData\Local\Microsoft\WinGet\Packages\zig.zig_Microsoft.Winget.Source_8wekyb3d8bbwe\zig-x86_64-windows-0.16.0\lib\std\testing.zig:83: 0x7ff6f098138e in expectEqual (test_zcu.obj)
           return expectEqualInner(T, expected, actual);
       
       C:\Users\tvolo\AppData\Local\Microsoft\WinGet\Packages\zig.zig_Microsoft.Winget.Source_8wekyb3d8bbwe\zig-x86_64-windows-0.16.0\lib\std\testing.zig:83: 0x7ff6f098138e in expectEqual (test_zcu.obj)
           return expectEqualInner(T, expected, actual);
       
       C:\Users\tvolo\AppData\Local\Microsoft\WinGet\Packages\zig.zig_Microsoft.Winget.Source_8wekyb3d8bbwe\zig-x86_64-windows-0.16.0\lib\std\testing.zig:83: 0x7ff6f098138e in expectEqual (test_zcu.obj)
           return expectEqualInner(T, expected, actual);
       
       C:\Users\tvolo\AppData\Local\Microsoft\WinGet\Packages\zig.zig_Microsoft.Winget.Source_8wekyb3d8bbwe\zig-x86_64-windows-0.16.0\lib\std\testing.zig:83: 0x7ff6f098138e in expectEqual (test_zcu.obj)
           return expectEqualInner(T, expected, actual);
       
       C:\Users\tvolo\AppData\Local\Microsoft\WinGet\Packages\zig.zig_Microsoft.Winget.Source_8wekyb3d8bbwe\zig-x86_64-windows-0.16.0\lib\std\testing.zig:83: 0x7ff6f098138e in expectEqual (test_zcu.obj)
           return expectEqualInner(T, expected, actual);
       
       C:\Users\tvolo\AppData\Local\Microsoft\WinGet\Packages\zig.zig_Microsoft.Winget.Source_8wekyb3d8bbwe\zig-x86_64-windows-0.16.0\lib\std\testing.zig:83: 0x7ff6f098138e in expectEqual (test_zcu.obj)
           return expectEqualInner(T, expected, actual);
       
       C:\Users\tvolo\AppData\Local\Microsoft\WinGet\Packages\zig.zig_Microsoft.Winget.Source_8wekyb3d8bbwe\zig-x86_64-windows-0.16.0\lib\std\testing.zig:83: 0x7ff6f098138e in expectEqual (test_zcu.obj)
           return expectEqualInner(T, expected, actual);
       
       C:\Users\tvolo\AppData\Local\Microsoft\WinGet\Packages\zig.zig_Microsoft.Winget.Source_8wekyb3d8bbwe\zig-x86_64-windows-0.16.0\lib\std\testing.zig:83: 0x7ff6f098138e in expectEqual (test_zcu.obj)
           return expectEqualInner(T, expected, actual);
       
       C:\Users\tvolo\AppData\Local\Microsoft\WinGet\Packages\zig.zig_Microsoft.Winget.Source_8wekyb3d8bbwe\zig-x86_64-windows-0.16.0\lib\std\testing.zig:83: 0x7ff6f098138e in expectEqual (test_zcu.obj)
           return expectEqualInner(T, expected, actual);
       
       C:\Users\tvolo\AppData\Local\Microsoft\WinGet\Packages\zig.zig_Microsoft.Winget.Source_8wekyb3d8bbwe\zig-x86_64-windows-0.16.0\lib\std\testing.zig:83: 0x7ff6f098138e in expectEqual (test_zcu.obj)
           return expectEqualInner(T, expected, actual);
       
       C:\Users\tvolo\AppData\Local\Microsoft\WinGet\Packages\zig.zig_Microsoft.Winget.Source_8wekyb3d8bbwe\zig-x86_64-windows-0.16.0\lib\std\testing.zig:83: 0x7ff6f098138e in expectEqual (test_zcu.obj)
           return expectEqualInner(T, expected, actual);
       
       C:\Users\tvolo\AppData\Local\Microsoft\WinGet\Packages\zig.zig_Microsoft.Winget.Source_8wekyb3d8bbwe\zig-x86_64-windows-0.16.0\lib\std\testing.zig:83: 0x7ff6f098138e in expectEqual (test_zcu.obj)
           return expectEqualInner(T, expected, actual);
       
       C:\Users\tvolo\AppData\Local\Microsoft\WinGet\Packages\zig.zig_Microsoft.Winget.Source_8wekyb3d8bbwe\zig-x86_64-windows-0.16.0\lib\std\testing.zig:83: 0x7ff6f098138e in expectEqual (test_zcu.obj)
           return expectEqualInner(T, expected, actual);
       
       C:\Users\tvolo\AppData\Local\Microsoft\WinGet\Packages\zig.zig_Microsoft.Winget.Source_8wekyb3d8bbwe\zig-x86_64-windows-0.16.0\lib\std\testing.zig:83: 0x7ff6f098138e in expectEqual (test_zcu.obj)
           return expectEqualInner(T, expected, actual);
       
       C:\Users\tvolo\AppData\Local\Microsoft\WinGet\Packages\zig.zig_Microsoft.Winget.Source_8wekyb3d8bbwe\zig-x86_64-windows-0.16.0\lib\std\testing.zig:83: 0x7ff6f098138e in expectEqual (test_zcu.obj)
           return expectEqualInner(T, expected, actual);
       
       C:\Users\tvolo\AppData\Local\Microsoft\WinGet\Packages\zig.zig_Microsoft.Winget.Source_8wekyb3d8bbwe\zig-x86_64-windows-0.16.0\lib\std\testing.zig:83: 0x7ff6f098138e in expectEqual (test_zcu.obj)
           return expectEqualInner(T, expected, actual);
       
       C:\Users\tvolo\AppData\Local\Microsoft\WinGet\Packages\zig.zig_Microsoft.Winget.Source_8wekyb3d8bbwe\zig-x86_64-windows-0.16.0\lib\std\testing.zig:83: 0x7ff6f098138e in expectEqual (test_zcu.obj)
           return expectEqualInner(T, expected, actual);
       
       C:\Users\tvolo\AppData\Local\Microsoft\WinGet\Packages\zig.zig_Microsoft.Winget.Source_8wekyb3d8bbwe\zig-x86_64-windows-0.16.0\lib\std\testing.zig:83: 0x7ff6f098138e in expectEqual (test_zcu.obj)
           return expectEqualInner(T, expected, actual);
       
       C:\Users\tvolo\AppData\Local\Microsoft\WinGet\Packages\zig.zig_Microsoft.Winget.Source_8wekyb3d8bbwe\zig-x86_64-windows-0.16.0\lib\std\testing.zig:83: 0x7ff6f098138e in expectEqual (test_zcu.obj)
           return expectEqualInner(T, expected, actual);
       
       C:\Users\tvolo\AppData\Local\Microsoft\WinGet\Packages\zig.zig_Microsoft.Winget.Source_8wekyb3d8bbwe\zig-x86_64-windows-0.16.0\lib\std\testing.zig:83: 0x7ff6f098138e in expectEqual (test_zcu.obj)
           return expectEqualInner(T, expected, actual);
       
       C:\Users\tvolo\AppData\Local\Microsoft\WinGet\Packages\zig.zig_Microsoft.Winget.Source_8wekyb3d8bbwe\zig-x86_64-windows-0.16.0\lib\std\testing.zig:83: 0x7ff6f098138e in expectEqual (test_zcu.obj)
           return expectEqualInner(T, expected, actual);
       
       C:\Users\tvolo\AppData\Local\Microsoft\WinGet\Packages\zig.zig_Microsoft.Winget.Source_8wekyb3d8bbwe\zig-x86_64-windows-0.16.0\lib\std\testing.zig:83: 0x7ff6f098138e in expectEqual (test_zcu.obj)
           return expectEqualInner(T, expected, actual);
       
       C:\Users\tvolo\AppData\Local\Microsoft\WinGet\Packages\zig.zig_Microsoft.Winget.Source_8wekyb3d8bbwe\zig-x86_64-windows-0.16.0\lib\std\testing.zig:83: 0x7ff6f098138e in expectEqual (test_zcu.obj)
           return expectEqualInner(T, expected, actual);
       
       C:\Users\tvolo\AppData\Local\Microsoft\WinGet\Packages\zig.zig_Microsoft.Winget.Source_8wekyb3d8bbwe\zig-x86_64-windows-0.16.0\lib\std\testing.zig:83: 0x7ff6f098138e in expectEqual (test_zcu.obj)
           return expectEqualInner(T, expected, actual);
       
       C:\Users\tvolo\AppData\Local\Microsoft\WinGet\Packages\zig.zig_Microsoft.Winget.Source_8wekyb3d8bbwe\zig-x86_64-windows-0.16.0\lib\std\testing.zig:83: 0x7ff6f098138e in expectEqual (test_zcu.obj)
           return expectEqualInner(T, expected, actual);
       
       C:\Users\tvolo\AppData\Local\Microsoft\WinGet\Packages\zig.zig_Microsoft.Winget.Source_8wekyb3d8bbwe\zig-x86_64-windows-0.16.0\lib\std\testing.zig:83: 0x7ff6f098138e in expectEqual (test_zcu.obj)
           return expectEqualInner(T, expected, actual);
       
       C:\Users\tvolo\AppData\Local\Microsoft\WinGet\Packages\zig.zig_Microsoft.Winget.Source_8wekyb3d8bbwe\zig-x86_64-windows-0.16.0\lib\std\testing.zig:83: 0x7ff6f098138e in expectEqual (test_zcu.obj)
           return expectEqualInner(T, expected, actual);
       
       C:\Users\tvolo\AppData\Local\Microsoft\WinGet\Packages\zig.zig_Microsoft.Winget.Source_8wekyb3d8bbwe\zig-x86_64-windows-0.16.0\lib\std\testing.zig:83: 0x7ff6f098138e in expectEqual (test_zcu.obj)
           return expectEqualInner(T, expected, actual);
       
       C:\Users\tvolo\AppData\Local\Microsoft\WinGet\Packages\zig.zig_Microsoft.Winget.Source_8wekyb3d8bbwe\zig-x86_64-windows-0.16.0\lib\std\testing.zig:83: 0x7ff6f098138e in expectEqual (test_zcu.obj)
           return expectEqualInner(T, expected, actual);
       
       C:\Users\tvolo\AppData\Local\Microsoft\WinGet\Packages\zig.zig_Microsoft.Winget.Source_8wekyb3d8bbwe\zig-x86_64-windows-0.16.0\lib\std\testing.zig:83: 0x7ff6f098138e in expectEqual (test_zcu.obj)
           return expectEqualInner(T, expected, actual);
       
       C:\Users\tvolo\AppData\Local\Microsoft\WinGet\Packages\zig.zig_Microsoft.Winget.Source_8wekyb3d8bbwe\zig-x86_64-windows-0.16.0\lib\std\testing.zig:83: 0x7ff6f098138e in expectEqual (test_zcu.obj)
           return expectEqualInner(T, expected, actual);
       
       C:\Users\tvolo\AppData\Local\Microsoft\WinGet\Packages\zig.zig_Microsoft.Winget.Source_8wekyb3d8bbwe\zig-x86_64-windows-0.16.0\lib\std\testing.zig:83: 0x7ff6f098138e in expectEqual (test_zcu.obj)
           return expectEqualInner(T, expected, actual);
       
       C:\Users\tvolo\AppData\Local\Microsoft\WinGet\Packages\zig.zig_Microsoft.Winget.Source_8wekyb3d8bbwe\zig-x86_64-windows-0.16.0\lib\std\testing.zig:83: 0x7ff6f098138e in expectEqual (test_zcu.obj)
           return expectEqualInner(T, expected, actual);
       
       C:\Users\tvolo\AppData\Local\Microsoft\WinGet\Packages\zig.zig_Microsoft.Winget.Source_8wekyb3d8bbwe\zig-x86_64-windows-0.16.0\lib\std\testing.zig:83: 0x7ff6f098138e in expectEqual (test_zcu.obj)
           return expectEqualInner(T, expected, actual);
       
       C:\Users\tvolo\AppData\Local\Microsoft\WinGet\Packages\zig.zig_Microsoft.Winget.Source_8wekyb3d8bbwe\zig-x86_64-windows-0.16.0\lib\std\testing.zig:83: 0x7ff6f098138e in expectEqual (test_zcu.obj)
           return expectEqualInner(T, expected, actual);
       
       C:\Users\tvolo\AppData\Local\Microsoft\WinGet\Packages\zig.zig_Microsoft.Winget.Source_8wekyb3d8bbwe\zig-x86_64-windows-0.16.0\lib\std\testing.zig:83: 0x7ff6f098138e in expectEqual (test_zcu.obj)
           return expectEqualInner(T, expected, actual);
       
       C:\Users\tvolo\AppData\Local\Microsoft\WinGet\Packages\zig.zig_Microsoft.Winget.Source_8wekyb3d8bbwe\zig-x86_64-windows-0.16.0\lib\std\testing.zig:83: 0x7ff6f098138e in expectEqual (test_zcu.obj)
           return expectEqualInner(T, expected, actual);
       
       C:\Users\tvolo\AppData\Local\Microsoft\WinGet\Packages\zig.zig_Microsoft.Winget.Source_8wekyb3d8bbwe\zig-x86_64-windows-0.16.0\lib\std\testing.zig:83: 0x7ff6f098138e in expectEqual (test_zcu.obj)
           return expectEqualInner(T, expected, actual);
       
       C:\Users\tvolo\AppData\Local\Microsoft\WinGet\Packages\zig.zig_Microsoft.Winget.Source_8wekyb3d8bbwe\zig-x86_64-windows-0.16.0\lib\std\testing.zig:83: 0x7ff6f098138e in expectEqual (test_zcu.obj)
           return expectEqualInner(T, expected, actual);
       
       C:\Users\tvolo\AppData\Local\Microsoft\WinGet\Packages\zig.zig_Microsoft.Winget.Source_8wekyb3d8bbwe\zig-x86_64-windows-0.16.0\lib\std\testing.zig:83: 0x7ff6f098138e in expectEqual (test_zcu.obj)
           return expectEqualInner(T, expected, actual);
       
       C:\Users\tvolo\AppData\Local\Microsoft\WinGet\Packages\zig.zig_Microsoft.Winget.Source_8wekyb3d8bbwe\zig-x86_64-windows-0.16.0\lib\std\testing.zig:83: 0x7ff6f098138e in expectEqual (test_zcu.obj)
           return expectEqualInner(T, expected, actual);
       
       C:\Users\tvolo\AppData\Local\Microsoft\WinGet\Packages\zig.zig_Microsoft.Winget.Source_8wekyb3d8bbwe\zig-x86_64-windows-0.16.0\lib\std\testing.zig:83: 0x7ff6f098138e in expectEqual (test_zcu.obj)
           return expectEqualInner(T, expected, actual);
       
       C:\Users\tvolo\AppData\Local\Microsoft\WinGet\Packages\zig.zig_Microsoft.Winget.Source_8wekyb3d8bbwe\zig-x86_64-windows-0.16.0\lib\std\testing.zig:83: 0x7ff6f098138e in expectEqual (test_zcu.obj)
           return expectEqualInner(T, expected, actual);
       
       C:\Users\tvolo\AppData\Local\Microsoft\WinGet\Packages\zig.zig_Microsoft.Winget.Source_8wekyb3d8bbwe\zig-x86_64-windows-0.16.0\lib\std\testing.zig:83: 0x7ff6f098138e in expectEqual (test_zcu.obj)
           return expectEqualInner(T, expected, actual);
       
       C:\Users\tvolo\AppData\Local\Microsoft\WinGet\Packages\zig.zig_Microsoft.Winget.Source_8wekyb3d8bbwe\zig-x86_64-windows-0.16.0\lib\std\testing.zig:83: 0x7ff6f098138e in expectEqual (test_zcu.obj)
           return expectEqualInner(T, expected, actual);
       
       C:\Users\tvolo\AppData\Local\Microsoft\WinGet\Packages\zig.zig_Microsoft.Winget.Source_8wekyb3d8bbwe\zig-x86_64-windows-0.16.0\lib\std\testing.zig:83: 0x7ff6f098138e in expectEqual (test_zcu.obj)
           return expectEqualInner(T, expected, actual);
       
       C:\Users\tvolo\AppData\Local\Microsoft\WinGet\Packages\zig.zig_Microsoft.Winget.Source_8wekyb3d8bbwe\zig-x86_64-windows-0.16.0\lib\std\testing.zig:83: 0x7ff6f098138e in expectEqual (test_zcu.obj)
           return expectEqualInner(T, expected, actual);
       
       C:\Users\tvolo\AppData\Local\Microsoft\WinGet\Packages\zig.zig_Microsoft.Winget.Source_8wekyb3d8bbwe\zig-x86_64-windows-0.16.0\lib\std\testing.zig:83: 0x7ff6f098138e in expectEqual (test_zcu.obj)
           return expectEqualInner(T, expected, actual);
       
       C:\Users\tvolo\AppData\Local\Microsoft\WinGet\Packages\zig.zig_Microsoft.Winget.Source_8wekyb3d8bbwe\zig-x86_64-windows-0.16.0\lib\std\testing.zig:83: 0x7ff6f098138e in expectEqual (test_zcu.obj)
           return expectEqualInner(T, expected, actual);
       
       C:\Users\tvolo\AppData\Local\Microsoft\WinGet\Packages\zig.zig_Microsoft.Winget.Source_8wekyb3d8bbwe\zig-x86_64-windows-0.16.0\lib\std\testing.zig:83: 0x7ff6f098138e in expectEqual (test_zcu.obj)
           return expectEqualInner(T, expected, actual);
       
       C:\Users\tvolo\AppData\Local\Microsoft\WinGet\Packages\zig.zig_Microsoft.Winget.Source_8wekyb3d8bbwe\zig-x86_64-windows-0.16.0\lib\std\testing.zig:83: 0x7ff6f098138e in expectEqual (test_zcu.obj)
           return expectEqualInner(T, expected, actual);
       
       C:\Users\tvolo\AppData\Local\Microsoft\WinGet\Packages\zig.zig_Microsoft.Winget.Source_8wekyb3d8bbwe\zig-x86_64-windows-0.16.0\lib\std\testing.zig:83: 0x7ff6f098138e in expectEqual (test_zcu.obj)
           return expectEqualInner(T, expected, actual);
       
       C:\Users\tvolo\AppData\Local\Microsoft\WinGet\Packages\zig.zig_Microsoft.Winget.Source_8wekyb3d8bbwe\zig-x86_64-windows-0.16.0\lib\std\testing.zig:83: 0x7ff6f098138e in expectEqual (test_zcu.obj)
           return expectEqualInner(T, expected, actual);
       
       C:\Users\tvolo\AppData\Local\Microsoft\WinGet\Packages\zig.zig_Microsoft.Winget.Source_8wekyb3d8bbwe\zig-x86_64-windows-0.16.0\lib\std\testing.zig:83: 0x7ff6f098138e in expectEqual (test_zcu.obj)
           return expectEqualInner(T, expected, actual);
       
       C:\Users\tvolo\AppData\Local\Microsoft\WinGet\Packages\zig.zig_Microsoft.Winget.Source_8wekyb3d8bbwe\zig-x86_64-windows-0.16.0\lib\std\testing.zig:83: 0x7ff6f098138e in expectEqual (test_zcu.obj)
           return expectEqualInner(T, expected, actual);
       
       C:\Users\tvolo\AppData\Local\Microsoft\WinGet\Packages\zig.zig_Microsoft.Winget.Source_8wekyb3d8bbwe\zig-x86_64-windows-0.16.0\lib\std\testing.zig:83: 0x7ff6f098138e in expectEqual (test_zcu.obj)
           return expectEqualInner(T, expected, actual);
       
       C:\Users\tvolo\AppData\Local\Microsoft\WinGet\Packages\zig.zig_Microsoft.Winget.Source_8wekyb3d8bbwe\zig-x86_64-windows-0.16.0\lib\std\testing.zig:83: 0x7ff6f098138e in expectEqual (test_zcu.obj)
           return expectEqualInner(T, expected, actual);
       
       C:\Users\tvolo\AppData\Local\Microsoft\WinGet\Packages\zig.zig_Microsoft.Winget.Source_8wekyb3d8bbwe\zig-x86_64-windows-0.16.0\lib\std\testing.zig:83: 0x7ff6f098138e in expectEqual (test_zcu.obj)
           return expectEqualInner(T, expected, actual);
       
       C:\Users\tvolo\AppData\Local\Microsoft\WinGet\Packages\zig.zig_Microsoft.Winget.Source_8wekyb3d8bbwe\zig-x86_64-windows-0.16.0\lib\std\testing.zig:83: 0x7ff6f098138e in expectEqual (test_zcu.obj)
           return expectEqualInner(T, expected, actual);
       
       C:\Users\tvolo\AppData\Local\Microsoft\WinGet\Packages\zig.zig_Microsoft.Winget.Source_8wekyb3d8bbwe\zig-x86_64-windows-0.16.0\lib\std\testing.zig:83: 0x7ff6f098138e in expectEqual (test_zcu.obj)
           return expectEqualInner(T, expected, actual);
       
       C:\Users\tvolo\AppData\Local\Microsoft\WinGet\Packages\zig.zig_Microsoft.Winget.Source_8wekyb3d8bbwe\zig-x86_64-windows-0.16.0\lib\std\testing.zig:83: 0x7ff6f098138e in expectEqual (test_zcu.obj)
           return expectEqualInner(T, expected, actual);
       
       C:\Users\tvolo\AppData\Local\Microsoft\WinGet\Packages\zig.zig_Microsoft.Winget.Source_8wekyb3d8bbwe\zig-x86_64-windows-0.16.0\lib\std\testing.zig:83: 0x7ff6f098138e in expectEqual (test_zcu.obj)
           return expectEqualInner(T, expected, actual);
       
       C:\Users\tvolo\AppData\Local\Microsoft\WinGet\Packages\zig.zig_Microsoft.Winget.Source_8wekyb3d8bbwe\zig-x86_64-windows-0.16.0\lib\std\testing.zig:83: 0x7ff6f098138e in expectEqual (test_zcu.obj)
           return expectEqualInner(T, expected, actual);
       
       C:\Users\tvolo\AppData\Local\Microsoft\WinGet\Packages\zig.zig_Microsoft.Winget.Source_8wekyb3d8bbwe\zig-x86_64-windows-0.16.0\lib\std\testing.zig:83: 0x7ff6f098138e in expectEqual (test_zcu.obj)
           return expectEqualInner(T, expected, actual);
       
       C:\Users\tvolo\AppData\Local\Microsoft\WinGet\Packages\zig.zig_Microsoft.Winget.Source_8wekyb3d8bbwe\zig-x86_64-windows-0.16.0\lib\std\testing.zig:83: 0x7ff6f098138e in expectEqual (test_zcu.obj)
           return expectEqualInner(T, expected, actual);
       
       C:\Users\tvolo\AppData\Local\Microsoft\WinGet\Packages\zig.zig_Microsoft.Winget.Source_8wekyb3d8bbwe\zig-x86_64-windows-0.16.0\lib\std\testing.zig:83: 0x7ff6f098138e in expectEqual (test_zcu.obj)
           return expectEqualInner(T, expected, actual);
       
       C:\Users\tvolo\AppData\Local\Microsoft\WinGet\Packages\zig.zig_Microsoft.Winget.Source_8wekyb3d8bbwe\zig-x86_64-windows-0.16.0\lib\std\testing.zig:83: 0x7ff6f098138e in expectEqual (test_zcu.obj)
           return expectEqualInner(T, expected, actual);
       
       C:\Users\tvolo\AppData\Local\Microsoft\WinGet\Packages\zig.zig_Microsoft.Winget.Source_8wekyb3d8bbwe\zig-x86_64-windows-0.16.0\lib\std\testing.zig:83: 0x7ff6f098138e in expectEqual (test_zcu.obj)
           return expectEqualInner(T, expected, actual);
       
       C:\Users\tvolo\AppData\Local\Microsoft\WinGet\Packages\zig.zig_Microsoft.Winget.Source_8wekyb3d8bbwe\zig-x86_64-windows-0.16.0\lib\std\testing.zig:83: 0x7ff6f098138e in expectEqual (test_zcu.obj)
           return expectEqualInner(T, expected, actual);
       
       C:\Users\tvolo\AppData\Local\Microsoft\WinGet\Packages\zig.zig_Microsoft.Winget.Source_8wekyb3d8bbwe\zig-x86_64-windows-0.16.0\lib\std\testing.zig:83: 0x7ff6f098138e in expectEqual (test_zcu.obj)
           return expectEqualInner(T, expected, actual);
       
       C:\Users\tvolo\AppData\Local\Microsoft\WinGet\Packages\zig.zig_Microsoft.Winget.Source_8wekyb3d8bbwe\zig-x86_64-windows-0.16.0\lib\std\testing.zig:83: 0x7ff6f098138e in expectEqual (test_zcu.obj)
           return expectEqualInner(T, expected, actual);
       
       C:\Users\tvolo\AppData\Local\Microsoft\WinGet\Packages\zig.zig_Microsoft.Winget.Source_8wekyb3d8bbwe\zig-x86_64-windows-0.16.0\lib\std\testing.zig:83: 0x7ff6f098138e in expectEqual (test_zcu.obj)
           return expectEqualInner(T, expected, actual);
       
       C:\Users\tvolo\AppData\Local\Microsoft\WinGet\Packages\zig.zig_Microsoft.Winget.Source_8wekyb3d8bbwe\zig-x86_64-windows-0.16.0\lib\std\testing.zig:83: 0x7ff6f098138e in expectEqual (test_zcu.obj)
           return expectEqualInner(T, expected, actual);
       
       C:\Users\tvolo\AppData\Local\Microsoft\WinGet\Packages\zig.zig_Microsoft.Winget.Source_8wekyb3d8bbwe\zig-x86_64-windows-0.16.0\lib\std\testing.zig:83: 0x7ff6f098138e in expectEqual (test_zcu.obj)
           return expectEqualInner(T, expected, actual);
       
       C:\Users\tvolo\AppData\Local\Microsoft\WinGet\Packages\zig.zig_Microsoft.Winget.Source_8wekyb3d8bbwe\zig-x86_64-windows-0.16.0\lib\std\testing.zig:83: 0x7ff6f098138e in expectEqual (test_zcu.obj)
           return expectEqualInner(T, expected, actual);
       
       C:\Users\tvolo\AppData\Local\Microsoft\WinGet\Packages\zig.zig_Microsoft.Winget.Source_8wekyb3d8bbwe\zig-x86_64-windows-0.16.0\lib\std\testing.zig:83: 0x7ff6f098138e in expectEqual (test_zcu.obj)
           return expectEqualInner(T, expected, actual);
       
       C:\Users\tvolo\AppData\Local\Microsoft\WinGet\Packages\zig.zig_Microsoft.Winget.Source_8wekyb3d8bbwe\zig-x86_64-windows-0.16.0\lib\std\testing.zig:83: 0x7ff6f098138e in expectEqual (test_zcu.obj)
           return expectEqualInner(T, expected, actual);
       
       C:\Users\tvolo\AppData\Local\Microsoft\WinGet\Packages\zig.zig_Microsoft.Winget.Source_8wekyb3d8bbwe\zig-x86_64-windows-0.16.0\lib\std\testing.zig:83: 0x7ff6f098138e in expectEqual (test_zcu.obj)
           return expectEqualInner(T, expected, actual);
       
       C:\Users\tvolo\AppData\Local\Microsoft\WinGet\Packages\zig.zig_Microsoft.Winget.Source_8wekyb3d8bbwe\zig-x86_64-windows-0.16.0\lib\std\testing.zig:83: 0x7ff6f098138e in expectEqual (test_zcu.obj)
           return expectEqualInner(T, expected, actual);
       
       C:\Users\tvolo\AppData\Local\Microsoft\WinGet\Packages\zig.zig_Microsoft.Winget.Source_8wekyb3d8bbwe\zig-x86_64-windows-0.16.0\lib\std\testing.zig:83: 0x7ff6f098138e in expectEqual (test_zcu.obj)
           return expectEqualInner(T, expected, actual);
       
       C:\Users\tvolo\AppData\Local\Microsoft\WinGet\Packages\zig.zig_Microsoft.Winget.Source_8wekyb3d8bbwe\zig-x86_64-windows-0.16.0\lib\std\testing.zig:83: 0x7ff6f098138e in expectEqual (test_zcu.obj)
           return expectEqualInner(T, expected, actual);
       
       C:\Users\tvolo\AppData\Local\Microsoft\WinGet\Packages\zig.zig_Microsoft.Winget.Source_8wekyb3d8bbwe\zig-x86_64-windows-0.16.0\lib\std\testing.zig:83: 0x7ff6f098138e in expectEqual (test_zcu.obj)
           return expectEqualInner(T, expected, actual);
       
       C:\Users\tvolo\AppData\Local\Microsoft\WinGet\Packages\zig.zig_Microsoft.Winget.Source_8wekyb3d8bbwe\zig-x86_64-windows-0.16.0\lib\std\testing.zig:83: 0x7ff6f098138e in expectEqual (test_zcu.obj)
           return expectEqualInner(T, expected, actual);
       
       C:\Users\tvolo\AppData\Local\Microsoft\WinGet\Packages\zig.zig_Microsoft.Winget.Source_8wekyb3d8bbwe\zig-x86_64-windows-0.16.0\lib\std\testing.zig:83: 0x7ff6f098138e in expectEqual (test_zcu.obj)
           return expectEqualInner(T, expected, actual);
       
       C:\Users\tvolo\AppData\Local\Microsoft\WinGet\Packages\zig.zig_Microsoft.Winget.Source_8wekyb3d8bbwe\zig-x86_64-windows-0.16.0\lib\std\testing.zig:83: 0x7ff6f098138e in expectEqual (test_zcu.obj)
           return expectEqualInner(T, expected, actual);
       
       C:\Users\tvolo\AppData\Local\Microsoft\WinGet\Packages\zig.zig_Microsoft.Winget.Source_8wekyb3d8bbwe\zig-x86_64-windows-0.16.0\lib\std\testing.zig:83: 0x7ff6f098138e in expectEqual (test_zcu.obj)
           return expectEqualInner(T, expected, actual);
       
       C:\Users\tvolo\AppData\Local\Microsoft\WinGet\Packages\zig.zig_Microsoft.Winget.Source_8wekyb3d8bbwe\zig-x86_64-windows-0.16.0\lib\std\testing.zig:83: 0x7ff6f098138e in expectEqual (test_zcu.obj)
           return expectEqualInner(T, expected, actual);
       
       C:\Users\tvolo\AppData\Local\Microsoft\WinGet\Packages\zig.zig_Microsoft.Winget.Source_8wekyb3d8bbwe\zig-x86_64-windows-0.16.0\lib\std\testing.zig:83: 0x7ff6f098138e in expectEqual (test_zcu.obj)
           return expectEqualInner(T, expected, actual);
       
       C:\Users\tvolo\AppData\Local\Microsoft\WinGet\Packages\zig.zig_Microsoft.Winget.Source_8wekyb3d8bbwe\zig-x86_64-windows-0.16.0\lib\std\testing.zig:83: 0x7ff6f098138e in expectEqual (test_zcu.obj)
           return expectEqualInner(T, expected, actual);
       
       C:\Users\tvolo\AppData\Local\Microsoft\WinGet\Packages\zig.zig_Microsoft.Winget.Source_8wekyb3d8bbwe\zig-x86_64-windows-0.16.0\lib\std\testing.zig:83: 0x7ff6f098138e in expectEqual (test_zcu.obj)
           return expectEqualInner(T, expected, actual);
       
       C:\Users\tvolo\AppData\Local\Microsoft\WinGet\Packages\zig.zig_Microsoft.Winget.Source_8wekyb3d8bbwe\zig-x86_64-windows-0.16.0\lib\std\testing.zig:83: 0x7ff6f098138e in expectEqual (test_zcu.obj)
           return expectEqualInner(T, expected, actual);
       
       C:\Users\tvolo\AppData\Local\Microsoft\WinGet\Packages\zig.zig_Microsoft.Winget.Source_8wekyb3d8bbwe\zig-x86_64-windows-0.16.0\lib\std\testing.zig:83: 0x7ff6f098138e in expectEqual (test_zcu.obj)
           return expectEqualInner(T, expected, actual);
       
       C:\Users\tvolo\AppData\Local\Microsoft\WinGet\Packages\zig.zig_Microsoft.Winget.Source_8wekyb3d8bbwe\zig-x86_64-windows-0.16.0\lib\std\testing.zig:83: 0x7ff6f098138e in expectEqual (test_zcu.obj)
           return expectEqualInner(T, expected, actual);
       
       C:\Users\tvolo\AppData\Local\Microsoft\WinGet\Packages\zig.zig_Microsoft.Winget.Source_8wekyb3d8bbwe\zig-x86_64-windows-0.16.0\lib\std\testing.zig:83: 0x7ff6f098138e in expectEqual (test_zcu.obj)
           return expectEqualInner(T, expected, actual);
       
       C:\Users\tvolo\AppData\Local\Microsoft\WinGet\Packages\zig.zig_Microsoft.Winget.Source_8wekyb3d8bbwe\zig-x86_64-windows-0.16.0\lib\std\testing.zig:83: 0x7ff6f098138e in expectEqual (test_zcu.obj)
           return expectEqualInner(T, expected, actual);
       
       C:\Users\tvolo\AppData\Local\Microsoft\WinGet\Packages\zig.zig_Microsoft.Winget.Source_8wekyb3d8bbwe\zig-x86_64-windows-0.16.0\lib\std\testing.zig:83: 0x7ff6f098138e in expectEqual (test_zcu.obj)
           return expectEqualInner(T, expected, actual);
       
       C:\Users\tvolo\AppData\Local\Microsoft\WinGet\Packages\zig.zig_Microsoft.Winget.Source_8wekyb3d8bbwe\zig-x86_64-windows-0.16.0\lib\std\testing.zig:83: 0x7ff6f098138e in expectEqual (test_zcu.obj)
           return expectEqualInner(T, expected, actual);
       
       C:\Users\tvolo\AppData\Local\Microsoft\WinGet\Packages\zig.zig_Microsoft.Winget.Source_8wekyb3d8bbwe\zig-x86_64-windows-0.16.0\lib\std\testing.zig:83: 0x7ff6f098138e in expectEqual (test_zcu.obj)
           return expectEqualInner(T, expected, actual);
       
       C:\Users\tvolo\AppData\Local\Microsoft\WinGet\Packages\zig.zig_Microsoft.Winget.Source_8wekyb3d8bbwe\zig-x86_64-windows-0.16.0\lib\std\testing.zig:83: 0x7ff6f098138e in expectEqual (test_zcu.obj)
           return expectEqualInner(T, expected, actual);
       
       C:\Users\tvolo\AppData\Local\Microsoft\WinGet\Packages\zig.zig_Microsoft.Winget.Source_8wekyb3d8bbwe\zig-x86_64-windows-0.16.0\lib\std\testing.zig:83: 0x7ff6f098138e in expectEqual (test_zcu.obj)
           return expectEqualInner(T, expected, actual);
       
       C:\Users\tvolo\AppData\Local\Microsoft\WinGet\Packages\zig.zig_Microsoft.Winget.Source_8wekyb3d8bbwe\zig-x86_64-windows-0.16.0\lib\std\testing.zig:83: 0x7ff6f098138e in expectEqual (test_zcu.obj)
           return expectEqualInner(T, expected, actual);
       
       C:\Users\tvolo\AppData\Local\Microsoft\WinGet\Packages\zig.zig_Microsoft.Winget.Source_8wekyb3d8bbwe\zig-x86_64-windows-0.16.0\lib\std\testing.zig:83: 0x7ff6f098138e in expectEqual (test_zcu.obj)
           return expectEqualInner(T, expected, actual);
       
       C:\Users\tvolo\AppData\Local\Microsoft\WinGet\Packages\zig.zig_Microsoft.Winget.Source_8wekyb3d8bbwe\zig-x86_64-windows-0.16.0\lib\std\testing.zig:83: 0x7ff6f098138e in expectEqual (test_zcu.obj)
           return expectEqualInner(T, expected, actual);
       
       C:\Users\tvolo\AppData\Local\Microsoft\WinGet\Packages\zig.zig_Microsoft.Winget.Source_8wekyb3d8bbwe\zig-x86_64-windows-0.16.0\lib\std\testing.zig:83: 0x7ff6f098138e in expectEqual (test_zcu.obj)
           return expectEqualInner(T, expected, actual);
       
       C:\Users\tvolo\AppData\Local\Microsoft\WinGet\Packages\zig.zig_Microsoft.Winget.Source_8wekyb3d8bbwe\zig-x86_64-windows-0.16.0\lib\std\testing.zig:83: 0x7ff6f098138e in expectEqual (test_zcu.obj)
           return expectEqualInner(T, expected, actual);
       
       C:\Users\tvolo\AppData\Local\Microsoft\WinGet\Packages\zig.zig_Microsoft.Winget.Source_8wekyb3d8bbwe\zig-x86_64-windows-0.16.0\lib\std\testing.zig:83: 0x7ff6f098138e in expectEqual (test_zcu.obj)
           return expectEqualInner(T, expected, actual);
       
       C:\Users\tvolo\AppData\Local\Microsoft\WinGet\Packages\zig.zig_Microsoft.Winget.Source_8wekyb3d8bbwe\zig-x86_64-windows-0.16.0\lib\std\testing.zig:83: 0x7ff6f098138e in expectEqual (test_zcu.obj)
           return expectEqualInner(T, expected, actual);
       
       C:\Users\tvolo\AppData\Local\Microsoft\WinGet\Packages\zig.zig_Microsoft.Winget.Source_8wekyb3d8bbwe\zig-x86_64-windows-0.16.0\lib\std\testing.zig:83: 0x7ff6f098138e in expectEqual (test_zcu.obj)
           return expectEqualInner(T, expected, actual);
       
       C:\Users\tvolo\AppData\Local\Microsoft\WinGet\Packages\zig.zig_Microsoft.Winget.Source_8wekyb3d8bbwe\zig-x86_64-windows-0.16.0\lib\std\testing.zig:83: 0x7ff6f098138e in expectEqual (test_zcu.obj)
           return expectEqualInner(T, expected, actual);
       
       C:\Users\tvolo\AppData\Local\Microsoft\WinGet\Packages\zig.zig_Microsoft.Winget.Source_8wekyb3d8bbwe\zig-x86_64-windows-0.16.0\lib\std\testing.zig:83: 0x7ff6f098138e in expectEqual (test_zcu.obj)
           return expectEqualInner(T, expected, actual);
       
       C:\Users\tvolo\AppData\Local\Microsoft\WinGet\Packages\zig.zig_Microsoft.Winget.Source_8wekyb3d8bbwe\zig-x86_64-windows-0.16.0\lib\std\testing.zig:83: 0x7ff6f098138e in expectEqual (test_zcu.obj)
           return expectEqualInner(T, expected, actual);
       
       C:\Users\tvolo\AppData\Local\Microsoft\WinGet\Packages\zig.zig_Microsoft.Winget.Source_8wekyb3d8bbwe\zig-x86_64-windows-0.16.0\lib\std\testing.zig:83: 0x7ff6f098138e in expectEqual (test_zcu.obj)
           return expectEqualInner(T, expected, actual);
       
       C:\Users\tvolo\AppData\Local\Microsoft\WinGet\Packages\zig.zig_Microsoft.Winget.Source_8wekyb3d8bbwe\zig-x86_64-windows-0.16.0\lib\std\testing.zig:83: 0x7ff6f098138e in expectEqual (test_zcu.obj)
           return expectEqualInner(T, expected, actual);
       
       C:\Users\tvolo\AppData\Local\Microsoft\WinGet\Packages\zig.zig_Microsoft.Winget.Source_8wekyb3d8bbwe\zig-x86_64-windows-0.16.0\lib\std\testing.zig:83: 0x7ff6f098138e in expectEqual (test_zcu.obj)
           return expectEqualInner(T, expected, actual);
       
       C:\Users\tvolo\AppData\Local\Microsoft\WinGet\Packages\zig.zig_Microsoft.Winget.Source_8wekyb3d8bbwe\zig-x86_64-windows-0.16.0\lib\std\testing.zig:83: 0x7ff6f098138e in expectEqual (test_zcu.obj)
           return expectEqualInner(T, expected, actual);
       
       C:\Users\tvolo\AppData\Local\Microsoft\WinGet\Packages\zig.zig_Microsoft.Winget.Source_8wekyb3d8bbwe\zig-x86_64-windows-0.16.0\lib\std\testing.zig:83: 0x7ff6f098138e in expectEqual (test_zcu.obj)
           return expectEqualInner(T, expected, actual);
       
       C:\Users\tvolo\AppData\Local\Microsoft\WinGet\Packages\zig.zig_Microsoft.Winget.Source_8wekyb3d8bbwe\zig-x86_64-windows-0.16.0\lib\std\testing.zig:83: 0x7ff6f098138e in expectEqual (test_zcu.obj)
           return expectEqualInner(T, expected, actual);
       
       C:\Users\tvolo\AppData\Local\Microsoft\WinGet\Packages\zig.zig_Microsoft.Winget.Source_8wekyb3d8bbwe\zig-x86_64-windows-0.16.0\lib\std\testing.zig:83: 0x7ff6f098138e in expectEqual (test_zcu.obj)
           return expectEqualInner(T, expected, actual);
       
       C:\Users\tvolo\AppData\Local\Microsoft\WinGet\Packages\zig.zig_Microsoft.Winget.Source_8wekyb3d8bbwe\zig-x86_64-windows-0.16.0\lib\std\testing.zig:83: 0x7ff6f098138e in expectEqual (test_zcu.obj)
           return expectEqualInner(T, expected, actual);
       
       C:\Users\tvolo\AppData\Local\Microsoft\WinGet\Packages\zig.zig_Microsoft.Winget.Source_8wekyb3d8bbwe\zig-x86_64-windows-0.16.0\lib\std\testing.zig:83: 0x7ff6f098138e in expectEqual (test_zcu.obj)
           return expectEqualInner(T, expected, actual);
       
       C:\Users\tvolo\AppData\Local\Microsoft\WinGet\Packages\zig.zig_Microsoft.Winget.Source_8wekyb3d8bbwe\zig-x86_64-windows-0.16.0\lib\std\testing.zig:83: 0x7ff6f098138e in expectEqual (test_zcu.obj)
           return expectEqualInner(T, expected, actual);
       
       C:\Users\tvolo\AppData\Local\Microsoft\WinGet\Packages\zig.zig_Microsoft.Winget.Source_8wekyb3d8bbwe\zig-x86_64-windows-0.16.0\lib\std\testing.zig:83: 0x7ff6f098138e in expectEqual (test_zcu.obj)
           return expectEqualInner(T, expected, actual);
       
       C:\Users\tvolo\AppData\Local\Microsoft\WinGet\Packages\zig.zig_Microsoft.Winget.Source_8wekyb3d8bbwe\zig-x86_64-windows-0.16.0\lib\std\testing.zig:83: 0x7ff6f098138e in expectEqual (test_zcu.obj)
           return expectEqualInner(T, expected, actual);
       
       C:\Users\tvolo\AppData\Local\Microsoft\WinGet\Packages\zig.zig_Microsoft.Winget.Source_8wekyb3d8bbwe\zig-x86_64-windows-0.16.0\lib\std\testing.zig:83: 0x7ff6f098138e in expectEqual (test_zcu.obj)
           return expectEqualInner(T, expected, actual);
       
       C:\Users\tvolo\AppData\Local\Microsoft\WinGet\Packages\zig.zig_Microsoft.Winget.Source_8wekyb3d8bbwe\zig-x86_64-windows-0.16.0\lib\std\testing.zig:83: 0x7ff6f098138e in expectEqual (test_zcu.obj)
           return expectEqualInner(T, expected, actual);
       
       C:\Users\tvolo\AppData\Local\Microsoft\WinGet\Packages\zig.zig_Microsoft.Winget.Source_8wekyb3d8bbwe\zig-x86_64-windows-0.16.0\lib\std\testing.zig:83: 0x7ff6f098138e in expectEqual (test_zcu.obj)
           return expectEqualInner(T, expected, actual);
       
       C:\Users\tvolo\AppData\Local\Microsoft\WinGet\Packages\zig.zig_Microsoft.Winget.Source_8wekyb3d8bbwe\zig-x86_64-windows-0.16.0\lib\std\testing.zig:83: 0x7ff6f098138e in expectEqual (test_zcu.obj)
           return expectEqualInner(T, expected, actual);
       
       C:\Users\tvolo\AppData\Local\Microsoft\WinGet\Packages\zig.zig_Microsoft.Winget.Source_8wekyb3d8bbwe\zig-x86_64-windows-0.16.0\lib\std\testing.zig:83: 0x7ff6f098138e in expectEqual (test_zcu.obj)
           return expectEqualInner(T, expected, actual);
       
       C:\Users\tvolo\AppData\Local\Microsoft\WinGet\Packages\zig.zig_Microsoft.Winget.Source_8wekyb3d8bbwe\zig-x86_64-windows-0.16.0\lib\std\testing.zig:83: 0x7ff6f098138e in expectEqual (test_zcu.obj)
           return expectEqualInner(T, expected, actual);
       
       C:\Users\tvolo\AppData\Local\Microsoft\WinGet\Packages\zig.zig_Microsoft.Winget.Source_8wekyb3d8bbwe\zig-x86_64-windows-0.16.0\lib\std\testing.zig:83: 0x7ff6f098138e in expectEqual (test_zcu.obj)
           return expectEqualInner(T, expected, actual);
       
       C:\Users\tvolo\AppData\Local\Microsoft\WinGet\Packages\zig.zig_Microsoft.Winget.Source_8wekyb3d8bbwe\zig-x86_64-windows-0.16.0\lib\std\testing.zig:83: 0x7ff6f098138e in expectEqual (test_zcu.obj)
           return expectEqualInner(T, expected, actual);
       
       C:\Users\tvolo\AppData\Local\Microsoft\WinGet\Packages\zig.zig_Microsoft.Winget.Source_8wekyb3d8bbwe\zig-x86_64-windows-0.16.0\lib\std\testing.zig:83: 0x7ff6f098138e in expectEqual (test_zcu.obj)
           return expectEqualInner(T, expected, actual);
       
       C:\Users\tvolo\AppData\Local\Microsoft\WinGet\Packages\zig.zig_Microsoft.Winget.Source_8wekyb3d8bbwe\zig-x86_64-windows-0.16.0\lib\std\testing.zig:83: 0x7ff6f098138e in expectEqual (test_zcu.obj)
           return expectEqualInner(T, expected, actual);
       
       C:\Users\tvolo\AppData\Local\Microsoft\WinGet\Packages\zig.zig_Microsoft.Winget.Source_8wekyb3d8bbwe\zig-x86_64-windows-0.16.0\lib\std\testing.zig:83: 0x7ff6f098138e in expectEqual (test_zcu.obj)
           return expectEqualInner(T, expected, actual);
       
       C:\Users\tvolo\AppData\Local\Microsoft\WinGet\Packages\zig.zig_Microsoft.Winget.Source_8wekyb3d8bbwe\zig-x86_64-windows-0.16.0\lib\std\testing.zig:83: 0x7ff6f098138e in expectEqual (test_zcu.obj)
           return expectEqualInner(T, expected, actual);
       
       C:\Users\tvolo\AppData\Local\Microsoft\WinGet\Packages\zig.zig_Microsoft.Winget.Source_8wekyb3d8bbwe\zig-x86_64-windows-0.16.0\lib\std\testing.zig:83: 0x7ff6f098138e in expectEqual (test_zcu.obj)
           return expectEqualInner(T, expected, actual);
       
       C:\Users\tvolo\AppData\Local\Microsoft\WinGet\Packages\zig.zig_Microsoft.Winget.Source_8wekyb3d8bbwe\zig-x86_64-windows-0.16.0\lib\std\testing.zig:83: 0x7ff6f098138e in expectEqual (test_zcu.obj)
           return expectEqualInner(T, expected, actual);
       
       C:\Users\tvolo\AppData\Local\Microsoft\WinGet\Packages\zig.zig_Microsoft.Winget.Source_8wekyb3d8bbwe\zig-x86_64-windows-0.16.0\lib\std\testing.zig:83: 0x7ff6f098138e in expectEqual (test_zcu.obj)
           return expectEqualInner(T, expected, actual);
       
       C:\Users\tvolo\AppData\Local\Microsoft\WinGet\Packages\zig.zig_Microsoft.Winget.Source_8wekyb3d8bbwe\zig-x86_64-windows-0.16.0\lib\std\testing.zig:83: 0x7ff6f098138e in expectEqual (test_zcu.obj)
           return expectEqualInner(T, expected, actual);
       
       C:\Users\tvolo\AppData\Local\Microsoft\WinGet\Packages\zig.zig_Microsoft.Winget.Source_8wekyb3d8bbwe\zig-x86_64-windows-0.16.0\lib\std\testing.zig:83: 0x7ff6f098138e in expectEqual (test_zcu.obj)
           return expectEqualInner(T, expected, actual);
       
       C:\Users\tvolo\AppData\Local\Microsoft\WinGet\Packages\zig.zig_Microsoft.Winget.Source_8wekyb3d8bbwe\zig-x86_64-windows-0.16.0\lib\std\testing.zig:83: 0x7ff6f098138e in expectEqual (test_zcu.obj)
           return expectEqualInner(T, expected, actual);
       
       C:\Users\tvolo\AppData\Local\Microsoft\WinGet\Packages\zig.zig_Microsoft.Winget.Source_8wekyb3d8bbwe\zig-x86_64-windows-0.16.0\lib\std\testing.zig:83: 0x7ff6f098138e in expectEqual (test_zcu.obj)
           return expectEqualInner(T, expected, actual);
       
       C:\Users\tvolo\AppData\Local\Microsoft\WinGet\Packages\zig.zig_Microsoft.Winget.Source_8wekyb3d8bbwe\zig-x86_64-windows-0.16.0\lib\std\testing.zig:83: 0x7ff6f098138e in expectEqual (test_zcu.obj)
           return expectEqualInner(T, expected, actual);
       
       C:\Users\tvolo\AppData\Local\Microsoft\WinGet\Packages\zig.zig_Microsoft.Winget.Source_8wekyb3d8bbwe\zig-x86_64-windows-0.16.0\lib\std\testing.zig:83: 0x7ff6f098138e in expectEqual (test_zcu.obj)
           return expectEqualInner(T, expected, actual);
       
       C:\Users\tvolo\AppData\Local\Microsoft\WinGet\Packages\zig.zig_Microsoft.Winget.Source_8wekyb3d8bbwe\zig-x86_64-windows-0.16.0\lib\std\testing.zig:83: 0x7ff6f098138e in expectEqual (test_zcu.obj)
           return expectEqualInner(T, expected, actual);
       
       C:\Users\tvolo\AppData\Local\Microsoft\WinGet\Packages\zig.zig_Microsoft.Winget.Source_8wekyb3d8bbwe\zig-x86_64-windows-0.16.0\lib\std\testing.zig:83: 0x7ff6f098138e in expectEqual (test_zcu.obj)
           return expectEqualInner(T, expected, actual);
       
       C:\Users\tvolo\AppData\Local\Microsoft\WinGet\Packages\zig.zig_Microsoft.Winget.Source_8wekyb3d8bbwe\zig-x86_64-windows-0.16.0\lib\std\testing.zig:83: 0x7ff6f098138e in expectEqual (test_zcu.obj)
           return expectEqualInner(T, expected, actual);
       
       C:\Users\tvolo\AppData\Local\Microsoft\WinGet\Packages\zig.zig_Microsoft.Winget.Source_8wekyb3d8bbwe\zig-x86_64-windows-0.16.0\lib\std\testing.zig:83: 0x7ff6f098138e in expectEqual (test_zcu.obj)
           return expectEqualInner(T, expected, actual);
       
       C:\Users\tvolo\AppData\Local\Microsoft\WinGet\Packages\zig.zig_Microsoft.Winget.Source_8wekyb3d8bbwe\zig-x86_64-windows-0.16.0\lib\std\testing.zig:83: 0x7ff6f098138e in expectEqual (test_zcu.obj)
           return expectEqualInner(T, expected, actual);
       
       C:\Users\tvolo\AppData\Local\Microsoft\WinGet\Packages\zig.zig_Microsoft.Winget.Source_8wekyb3d8bbwe\zig-x86_64-windows-0.16.0\lib\std\testing.zig:83: 0x7ff6f098138e in expectEqual (test_zcu.obj)
           return expectEqualInner(T, expected, actual);
       
       C:\Users\tvolo\AppData\Local\Microsoft\WinGet\Packages\zig.zig_Microsoft.Winget.Source_8wekyb3d8bbwe\zig-x86_64-windows-0.16.0\lib\std\testing.zig:83: 0x7ff6f098138e in expectEqual (test_zcu.obj)
           return expectEqualInner(T, expected, actual);
       
       C:\Users\tvolo\AppData\Local\Microsoft\WinGet\Packages\zig.zig_Microsoft.Winget.Source_8wekyb3d8bbwe\zig-x86_64-windows-0.16.0\lib\std\testing.zig:83: 0x7ff6f098138e in expectEqual (test_zcu.obj)
           return expectEqualInner(T, expected, actual);
       
       C:\Users\tvolo\dev\ai-dala\My-Fab\tests\integration\adp03_tenant_context_resolution_test.zig:166:5: 0x7ff6f09814d6 in test.TC-ADP-03-05: process definitions persist correctly without tenant_id after SPT-02 (test_zcu.obj)
           try std.testing.expectEqual(@as(i64, 1), a_count);
           ^
error: 'adp09_tamper_evident_audit_chain_test.test.TC-ADP-09-01: migration adds nullable chain columns and validation primitives' failed:
       expected 3, found 6
       C:\Users\tvolo\AppData\Local\Microsoft\WinGet\Packages\zig.zig_Microsoft.Winget.Source_8wekyb3d8bbwe\zig-x86_64-windows-0.16.0\lib\std\testing.zig:118:17: 0x7ff6f085b05a in expectEqualInner__anon_88719 (test_zcu.obj)
                       return error.TestExpectedEqual;
                       ^
       C:\Users\tvolo\AppData\Local\Microsoft\WinGet\Packages\zig.zig_Microsoft.Winget.Source_8wekyb3d8bbwe\zig-x86_64-windows-0.16.0\lib\std\testing.zig:83: 0x7ff6f08c79b7 in expectEqual (test_zcu.obj)
           return expectEqualInner(T, expected, actual);
       
       C:\Users\tvolo\AppData\Local\Microsoft\WinGet\Packages\zig.zig_Microsoft.Winget.Source_8wekyb3d8bbwe\zig-x86_64-windows-0.16.0\lib\std\testing.zig:83: 0x7ff6f08c79b7 in expectEqual (test_zcu.obj)
           return expectEqualInner(T, expected, actual);
       
       C:\Users\tvolo\AppData\Local\Microsoft\WinGet\Packages\zig.zig_Microsoft.Winget.Source_8wekyb3d8bbwe\zig-x86_64-windows-0.16.0\lib\std\testing.zig:83: 0x7ff6f08c79b7 in expectEqual (test_zcu.obj)
           return expectEqualInner(T, expected, actual);
       
       C:\Users\tvolo\AppData\Local\Microsoft\WinGet\Packages\zig.zig_Microsoft.Winget.Source_8wekyb3d8bbwe\zig-x86_64-windows-0.16.0\lib\std\testing.zig:83: 0x7ff6f08c79b7 in expectEqual (test_zcu.obj)
           return expectEqualInner(T, expected, actual);
       
       C:\Users\tvolo\AppData\Local\Microsoft\WinGet\Packages\zig.zig_Microsoft.Winget.Source_8wekyb3d8bbwe\zig-x86_64-windows-0.16.0\lib\std\testing.zig:83: 0x7ff6f08c79b7 in expectEqual (test_zcu.obj)
           return expectEqualInner(T, expected, actual);
       
       C:\Users\tvolo\AppData\Local\Microsoft\WinGet\Packages\zig.zig_Microsoft.Winget.Source_8wekyb3d8bbwe\zig-x86_64-windows-0.16.0\lib\std\testing.zig:83: 0x7ff6f08c79b7 in expectEqual (test_zcu.obj)
           return expectEqualInner(T, expected, actual);
       
       C:\Users\tvolo\AppData\Local\Microsoft\WinGet\Packages\zig.zig_Microsoft.Winget.Source_8wekyb3d8bbwe\zig-x86_64-windows-0.16.0\lib\std\testing.zig:83: 0x7ff6f08c79b7 in expectEqual (test_zcu.obj)
           return expectEqualInner(T, expected, actual);
       
       C:\Users\tvolo\AppData\Local\Microsoft\WinGet\Packages\zig.zig_Microsoft.Winget.Source_8wekyb3d8bbwe\zig-x86_64-windows-0.16.0\lib\std\testing.zig:83: 0x7ff6f08c79b7 in expectEqual (test_zcu.obj)
           return expectEqualInner(T, expected, actual);
       
       C:\Users\tvolo\AppData\Local\Microsoft\WinGet\Packages\zig.zig_Microsoft.Winget.Source_8wekyb3d8bbwe\zig-x86_64-windows-0.16.0\lib\std\testing.zig:83: 0x7ff6f08c79b7 in expectEqual (test_zcu.obj)
           return expectEqualInner(T, expected, actual);
       
       C:\Users\tvolo\AppData\Local\Microsoft\WinGet\Packages\zig.zig_Microsoft.Winget.Source_8wekyb3d8bbwe\zig-x86_64-windows-0.16.0\lib\std\testing.zig:83: 0x7ff6f08c79b7 in expectEqual (test_zcu.obj)
           return expectEqualInner(T, expected, actual);
       
       C:\Users\tvolo\AppData\Local\Microsoft\WinGet\Packages\zig.zig_Microsoft.Winget.Source_8wekyb3d8bbwe\zig-x86_64-windows-0.16.0\lib\std\testing.zig:83: 0x7ff6f08c79b7 in expectEqual (test_zcu.obj)
           return expectEqualInner(T, expected, actual);
       
       C:\Users\tvolo\AppData\Local\Microsoft\WinGet\Packages\zig.zig_Microsoft.Winget.Source_8wekyb3d8bbwe\zig-x86_64-windows-0.16.0\lib\std\testing.zig:83: 0x7ff6f08c79b7 in expectEqual (test_zcu.obj)
           return expectEqualInner(T, expected, actual);
       
       C:\Users\tvolo\AppData\Local\Microsoft\WinGet\Packages\zig.zig_Microsoft.Winget.Source_8wekyb3d8bbwe\zig-x86_64-windows-0.16.0\lib\std\testing.zig:83: 0x7ff6f08c79b7 in expectEqual (test_zcu.obj)
           return expectEqualInner(T, expected, actual);
       
       C:\Users\tvolo\AppData\Local\Microsoft\WinGet\Packages\zig.zig_Microsoft.Winget.Source_8wekyb3d8bbwe\zig-x86_64-windows-0.16.0\lib\std\testing.zig:83: 0x7ff6f08c79b7 in expectEqual (test_zcu.obj)
           return expectEqualInner(T, expected, actual);
       
       C:\Users\tvolo\AppData\Local\Microsoft\WinGet\Packages\zig.zig_Microsoft.Winget.Source_8wekyb3d8bbwe\zig-x86_64-windows-0.16.0\lib\std\testing.zig:83: 0x7ff6f08c79b7 in expectEqual (test_zcu.obj)
           return expectEqualInner(T, expected, actual);
       
       C:\Users\tvolo\AppData\Local\Microsoft\WinGet\Packages\zig.zig_Microsoft.Winget.Source_8wekyb3d8bbwe\zig-x86_64-windows-0.16.0\lib\std\testing.zig:83: 0x7ff6f08c79b7 in expectEqual (test_zcu.obj)
           return expectEqualInner(T, expected, actual);
       
       C:\Users\tvolo\AppData\Local\Microsoft\WinGet\Packages\zig.zig_Microsoft.Winget.Source_8wekyb3d8bbwe\zig-x86_64-windows-0.16.0\lib\std\testing.zig:83: 0x7ff6f08c79b7 in expectEqual (test_zcu.obj)
           return expectEqualInner(T, expected, actual);
       
       C:\Users\tvolo\AppData\Local\Microsoft\WinGet\Packages\zig.zig_Microsoft.Winget.Source_8wekyb3d8bbwe\zig-x86_64-windows-0.16.0\lib\std\testing.zig:83: 0x7ff6f08c79b7 in expectEqual (test_zcu.obj)
           return expectEqualInner(T, expected, actual);
       
       C:\Users\tvolo\AppData\Local\Microsoft\WinGet\Packages\zig.zig_Microsoft.Winget.Source_8wekyb3d8bbwe\zig-x86_64-windows-0.16.0\lib\std\testing.zig:83: 0x7ff6f08c79b7 in expectEqual (test_zcu.obj)
           return expectEqualInner(T, expected, actual);
       
       C:\Users\tvolo\AppData\Local\Microsoft\WinGet\Packages\zig.zig_Microsoft.Winget.Source_8wekyb3d8bbwe\zig-x86_64-windows-0.16.0\lib\std\testing.zig:83: 0x7ff6f08c79b7 in expectEqual (test_zcu.obj)
           return expectEqualInner(T, expected, actual);
       
       C:\Users\tvolo\AppData\Local\Microsoft\WinGet\Packages\zig.zig_Microsoft.Winget.Source_8wekyb3d8bbwe\zig-x86_64-windows-0.16.0\lib\std\testing.zig:83: 0x7ff6f08c79b7 in expectEqual (test_zcu.obj)
           return expectEqualInner(T, expected, actual);
       
       C:\Users\tvolo\AppData\Local\Microsoft\WinGet\Packages\zig.zig_Microsoft.Winget.Source_8wekyb3d8bbwe\zig-x86_64-windows-0.16.0\lib\std\testing.zig:83: 0x7ff6f08c79b7 in expectEqual (test_zcu.obj)
           return expectEqualInner(T, expected, actual);
       
       C:\Users\tvolo\AppData\Local\Microsoft\WinGet\Packages\zig.zig_Microsoft.Winget.Source_8wekyb3d8bbwe\zig-x86_64-windows-0.16.0\lib\std\testing.zig:83: 0x7ff6f08c79b7 in expectEqual (test_zcu.obj)
           return expectEqualInner(T, expected, actual);
       
       C:\Users\tvolo\AppData\Local\Microsoft\WinGet\Packages\zig.zig_Microsoft.Winget.Source_8wekyb3d8bbwe\zig-x86_64-windows-0.16.0\lib\std\testing.zig:83: 0x7ff6f08c79b7 in expectEqual (test_zcu.obj)
           return expectEqualInner(T, expected, actual);
       
       C:\Users\tvolo\AppData\Local\Microsoft\WinGet\Packages\zig.zig_Microsoft.Winget.Source_8wekyb3d8bbwe\zig-x86_64-windows-0.16.0\lib\std\testing.zig:83: 0x7ff6f08c79b7 in expectEqual (test_zcu.obj)
           return expectEqualInner(T, expected, actual);
       
       C:\Users\tvolo\AppData\Local\Microsoft\WinGet\Packages\zig.zig_Microsoft.Winget.Source_8wekyb3d8bbwe\zig-x86_64-windows-0.16.0\lib\std\testing.zig:83: 0x7ff6f08c79b7 in expectEqual (test_zcu.obj)
           return expectEqualInner(T, expected, actual);
       
       C:\Users\tvolo\AppData\Local\Microsoft\WinGet\Packages\zig.zig_Microsoft.Winget.Source_8wekyb3d8bbwe\zig-x86_64-windows-0.16.0\lib\std\testing.zig:83: 0x7ff6f08c79b7 in expectEqual (test_zcu.obj)
           return expectEqualInner(T, expected, actual);
       
       C:\Users\tvolo\AppData\Local\Microsoft\WinGet\Packages\zig.zig_Microsoft.Winget.Source_8wekyb3d8bbwe\zig-x86_64-windows-0.16.0\lib\std\testing.zig:83: 0x7ff6f08c79b7 in expectEqual (test_zcu.obj)
           return expectEqualInner(T, expected, actual);
       
       C:\Users\tvolo\AppData\Local\Microsoft\WinGet\Packages\zig.zig_Microsoft.Winget.Source_8wekyb3d8bbwe\zig-x86_64-windows-0.16.0\lib\std\testing.zig:83: 0x7ff6f08c79b7 in expectEqual (test_zcu.obj)
           return expectEqualInner(T, expected, actual);
       
       C:\Users\tvolo\AppData\Local\Microsoft\WinGet\Packages\zig.zig_Microsoft.Winget.Source_8wekyb3d8bbwe\zig-x86_64-windows-0.16.0\lib\std\testing.zig:83: 0x7ff6f08c79b7 in expectEqual (test_zcu.obj)
           return expectEqualInner(T, expected, actual);
       
       C:\Users\tvolo\AppData\Local\Microsoft\WinGet\Packages\zig.zig_Microsoft.Winget.Source_8wekyb3d8bbwe\zig-x86_64-windows-0.16.0\lib\std\testing.zig:83: 0x7ff6f08c79b7 in expectEqual (test_zcu.obj)
           return expectEqualInner(T, expected, actual);
       
       C:\Users\tvolo\AppData\Local\Microsoft\WinGet\Packages\zig.zig_Microsoft.Winget.Source_8wekyb3d8bbwe\zig-x86_64-windows-0.16.0\lib\std\testing.zig:83: 0x7ff6f08c79b7 in expectEqual (test_zcu.obj)
           return expectEqualInner(T, expected, actual);
       
       C:\Users\tvolo\AppData\Local\Microsoft\WinGet\Packages\zig.zig_Microsoft.Winget.Source_8wekyb3d8bbwe\zig-x86_64-windows-0.16.0\lib\std\testing.zig:83: 0x7ff6f08c79b7 in expectEqual (test_zcu.obj)
           return expectEqualInner(T, expected, actual);
       
       C:\Users\tvolo\AppData\Local\Microsoft\WinGet\Packages\zig.zig_Microsoft.Winget.Source_8wekyb3d8bbwe\zig-x86_64-windows-0.16.0\lib\std\testing.zig:83: 0x7ff6f08c79b7 in expectEqual (test_zcu.obj)
           return expectEqualInner(T, expected, actual);
       
       C:\Users\tvolo\AppData\Local\Microsoft\WinGet\Packages\zig.zig_Microsoft.Winget.Source_8wekyb3d8bbwe\zig-x86_64-windows-0.16.0\lib\std\testing.zig:83: 0x7ff6f08c79b7 in expectEqual (test_zcu.obj)
           return expectEqualInner(T, expected, actual);
       
       C:\Users\tvolo\AppData\Local\Microsoft\WinGet\Packages\zig.zig_Microsoft.Winget.Source_8wekyb3d8bbwe\zig-x86_64-windows-0.16.0\lib\std\testing.zig:83: 0x7ff6f08c79b7 in expectEqual (test_zcu.obj)
           return expectEqualInner(T, expected, actual);
       
       C:\Users\tvolo\AppData\Local\Microsoft\WinGet\Packages\zig.zig_Microsoft.Winget.Source_8wekyb3d8bbwe\zig-x86_64-windows-0.16.0\lib\std\testing.zig:83: 0x7ff6f08c79b7 in expectEqual (test_zcu.obj)
           return expectEqualInner(T, expected, actual);
       
       C:\Users\tvolo\AppData\Local\Microsoft\WinGet\Packages\zig.zig_Microsoft.Winget.Source_8wekyb3d8bbwe\zig-x86_64-windows-0.16.0\lib\std\testing.zig:83: 0x7ff6f08c79b7 in expectEqual (test_zcu.obj)
           return expectEqualInner(T, expected, actual);
       
       C:\Users\tvolo\AppData\Local\Microsoft\WinGet\Packages\zig.zig_Microsoft.Winget.Source_8wekyb3d8bbwe\zig-x86_64-windows-0.16.0\lib\std\testing.zig:83: 0x7ff6f08c79b7 in expectEqual (test_zcu.obj)
           return expectEqualInner(T, expected, actual);
       
       C:\Users\tvolo\AppData\Local\Microsoft\WinGet\Packages\zig.zig_Microsoft.Winget.Source_8wekyb3d8bbwe\zig-x86_64-windows-0.16.0\lib\std\testing.zig:83: 0x7ff6f08c79b7 in expectEqual (test_zcu.obj)
           return expectEqualInner(T, expected, actual);
       
       C:\Users\tvolo\AppData\Local\Microsoft\WinGet\Packages\zig.zig_Microsoft.Winget.Source_8wekyb3d8bbwe\zig-x86_64-windows-0.16.0\lib\std\testing.zig:83: 0x7ff6f08c79b7 in expectEqual (test_zcu.obj)
           return expectEqualInner(T, expected, actual);
       
       C:\Users\tvolo\AppData\Local\Microsoft\WinGet\Packages\zig.zig_Microsoft.Winget.Source_8wekyb3d8bbwe\zig-x86_64-windows-0.16.0\lib\std\testing.zig:83: 0x7ff6f08c79b7 in expectEqual (test_zcu.obj)
           return expectEqualInner(T, expected, actual);
       
       C:\Users\tvolo\AppData\Local\Microsoft\WinGet\Packages\zig.zig_Microsoft.Winget.Source_8wekyb3d8bbwe\zig-x86_64-windows-0.16.0\lib\std\testing.zig:83: 0x7ff6f08c79b7 in expectEqual (test_zcu.obj)
           return expectEqualInner(T, expected, actual);
       
       C:\Users\tvolo\AppData\Local\Microsoft\WinGet\Packages\zig.zig_Microsoft.Winget.Source_8wekyb3d8bbwe\zig-x86_64-windows-0.16.0\lib\std\testing.zig:83: 0x7ff6f08c79b7 in expectEqual (test_zcu.obj)
           return expectEqualInner(T, expected, actual);
       
       C:\Users\tvolo\AppData\Local\Microsoft\WinGet\Packages\zig.zig_Microsoft.Winget.Source_8wekyb3d8bbwe\zig-x86_64-windows-0.16.0\lib\std\testing.zig:83: 0x7ff6f08c79b7 in expectEqual (test_zcu.obj)
           return expectEqualInner(T, expected, actual);
       
       C:\Users\tvolo\AppData\Local\Microsoft\WinGet\Packages\zig.zig_Microsoft.Winget.Source_8wekyb3d8bbwe\zig-x86_64-windows-0.16.0\lib\std\testing.zig:83: 0x7ff6f08c79b7 in expectEqual (test_zcu.obj)
           return expectEqualInner(T, expected, actual);
       
       C:\Users\tvolo\AppData\Local\Microsoft\WinGet\Packages\zig.zig_Microsoft.Winget.Source_8wekyb3d8bbwe\zig-x86_64-windows-0.16.0\lib\std\testing.zig:83: 0x7ff6f08c79b7 in expectEqual (test_zcu.obj)
           return expectEqualInner(T, expected, actual);
       
       C:\Users\tvolo\AppData\Local\Microsoft\WinGet\Packages\zig.zig_Microsoft.Winget.Source_8wekyb3d8bbwe\zig-x86_64-windows-0.16.0\lib\std\testing.zig:83: 0x7ff6f08c79b7 in expectEqual (test_zcu.obj)
           return expectEqualInner(T, expected, actual);
       
       C:\Users\tvolo\AppData\Local\Microsoft\WinGet\Packages\zig.zig_Microsoft.Winget.Source_8wekyb3d8bbwe\zig-x86_64-windows-0.16.0\lib\std\testing.zig:83: 0x7ff6f08c79b7 in expectEqual (test_zcu.obj)
           return expectEqualInner(T, expected, actual);
       
       C:\Users\tvolo\AppData\Local\Microsoft\WinGet\Packages\zig.zig_Microsoft.Winget.Source_8wekyb3d8bbwe\zig-x86_64-windows-0.16.0\lib\std\testing.zig:83: 0x7ff6f08c79b7 in expectEqual (test_zcu.obj)
           return expectEqualInner(T, expected, actual);
       
       C:\Users\tvolo\AppData\Local\Microsoft\WinGet\Packages\zig.zig_Microsoft.Winget.Source_8wekyb3d8bbwe\zig-x86_64-windows-0.16.0\lib\std\testing.zig:83: 0x7ff6f08c79b7 in expectEqual (test_zcu.obj)
           return expectEqualInner(T, expected, actual);
       
       C:\Users\tvolo\AppData\Local\Microsoft\WinGet\Packages\zig.zig_Microsoft.Winget.Source_8wekyb3d8bbwe\zig-x86_64-windows-0.16.0\lib\std\testing.zig:83: 0x7ff6f08c79b7 in expectEqual (test_zcu.obj)
           return expectEqualInner(T, expected, actual);
       
       C:\Users\tvolo\AppData\Local\Microsoft\WinGet\Packages\zig.zig_Microsoft.Winget.Source_8wekyb3d8bbwe\zig-x86_64-windows-0.16.0\lib\std\testing.zig:83: 0x7ff6f08c79b7 in expectEqual (test_zcu.obj)
           return expectEqualInner(T, expected, actual);
       
       C:\Users\tvolo\AppData\Local\Microsoft\WinGet\Packages\zig.zig_Microsoft.Winget.Source_8wekyb3d8bbwe\zig-x86_64-windows-0.16.0\lib\std\testing.zig:83: 0x7ff6f08c79b7 in expectEqual (test_zcu.obj)
           return expectEqualInner(T, expected, actual);
       
       C:\Users\tvolo\AppData\Local\Microsoft\WinGet\Packages\zig.zig_Microsoft.Winget.Source_8wekyb3d8bbwe\zig-x86_64-windows-0.16.0\lib\std\testing.zig:83: 0x7ff6f08c79b7 in expectEqual (test_zcu.obj)
           return expectEqualInner(T, expected, actual);
       
       C:\Users\tvolo\AppData\Local\Microsoft\WinGet\Packages\zig.zig_Microsoft.Winget.Source_8wekyb3d8bbwe\zig-x86_64-windows-0.16.0\lib\std\testing.zig:83: 0x7ff6f08c79b7 in expectEqual (test_zcu.obj)
           return expectEqualInner(T, expected, actual);
       
       C:\Users\tvolo\AppData\Local\Microsoft\WinGet\Packages\zig.zig_Microsoft.Winget.Source_8wekyb3d8bbwe\zig-x86_64-windows-0.16.0\lib\std\testing.zig:83: 0x7ff6f08c79b7 in expectEqual (test_zcu.obj)
           return expectEqualInner(T, expected, actual);
       
       C:\Users\tvolo\AppData\Local\Microsoft\WinGet\Packages\zig.zig_Microsoft.Winget.Source_8wekyb3d8bbwe\zig-x86_64-windows-0.16.0\lib\std\testing.zig:83: 0x7ff6f08c79b7 in expectEqual (test_zcu.obj)
           return expectEqualInner(T, expected, actual);
       
       C:\Users\tvolo\AppData\Local\Microsoft\WinGet\Packages\zig.zig_Microsoft.Winget.Source_8wekyb3d8bbwe\zig-x86_64-windows-0.16.0\lib\std\testing.zig:83: 0x7ff6f08c79b7 in expectEqual (test_zcu.obj)
           return expectEqualInner(T, expected, actual);
       
       C:\Users\tvolo\AppData\Local\Microsoft\WinGet\Packages\zig.zig_Microsoft.Winget.Source_8wekyb3d8bbwe\zig-x86_64-windows-0.16.0\lib\std\testing.zig:83: 0x7ff6f08c79b7 in expectEqual (test_zcu.obj)
           return expectEqualInner(T, expected, actual);
       
       C:\Users\tvolo\AppData\Local\Microsoft\WinGet\Packages\zig.zig_Microsoft.Winget.Source_8wekyb3d8bbwe\zig-x86_64-windows-0.16.0\lib\std\testing.zig:83: 0x7ff6f08c79b7 in expectEqual (test_zcu.obj)
           return expectEqualInner(T, expected, actual);
       
       C:\Users\tvolo\AppData\Local\Microsoft\WinGet\Packages\zig.zig_Microsoft.Winget.Source_8wekyb3d8bbwe\zig-x86_64-windows-0.16.0\lib\std\testing.zig:83: 0x7ff6f08c79b7 in expectEqual (test_zcu.obj)
           return expectEqualInner(T, expected, actual);
       
       C:\Users\tvolo\AppData\Local\Microsoft\WinGet\Packages\zig.zig_Microsoft.Winget.Source_8wekyb3d8bbwe\zig-x86_64-windows-0.16.0\lib\std\testing.zig:83: 0x7ff6f08c79b7 in expectEqual (test_zcu.obj)
           return expectEqualInner(T, expected, actual);
       
       C:\Users\tvolo\AppData\Local\Microsoft\WinGet\Packages\zig.zig_Microsoft.Winget.Source_8wekyb3d8bbwe\zig-x86_64-windows-0.16.0\lib\std\testing.zig:83: 0x7ff6f08c79b7 in expectEqual (test_zcu.obj)
           return expectEqualInner(T, expected, actual);
       
       C:\Users\tvolo\AppData\Local\Microsoft\WinGet\Packages\zig.zig_Microsoft.Winget.Source_8wekyb3d8bbwe\zig-x86_64-windows-0.16.0\lib\std\testing.zig:83: 0x7ff6f08c79b7 in expectEqual (test_zcu.obj)
           return expectEqualInner(T, expected, actual);
       
       C:\Users\tvolo\AppData\Local\Microsoft\WinGet\Packages\zig.zig_Microsoft.Winget.Source_8wekyb3d8bbwe\zig-x86_64-windows-0.16.0\lib\std\testing.zig:83: 0x7ff6f08c79b7 in expectEqual (test_zcu.obj)
           return expectEqualInner(T, expected, actual);
       
       C:\Users\tvolo\AppData\Local\Microsoft\WinGet\Packages\zig.zig_Microsoft.Winget.Source_8wekyb3d8bbwe\zig-x86_64-windows-0.16.0\lib\std\testing.zig:83: 0x7ff6f08c79b7 in expectEqual (test_zcu.obj)
           return expectEqualInner(T, expected, actual);
       
       C:\Users\tvolo\AppData\Local\Microsoft\WinGet\Packages\zig.zig_Microsoft.Winget.Source_8wekyb3d8bbwe\zig-x86_64-windows-0.16.0\lib\std\testing.zig:83: 0x7ff6f08c79b7 in expectEqual (test_zcu.obj)
           return expectEqualInner(T, expected, actual);
       
       C:\Users\tvolo\AppData\Local\Microsoft\WinGet\Packages\zig.zig_Microsoft.Winget.Source_8wekyb3d8bbwe\zig-x86_64-windows-0.16.0\lib\std\testing.zig:83: 0x7ff6f08c79b7 in expectEqual (test_zcu.obj)
           return expectEqualInner(T, expected, actual);
       
       C:\Users\tvolo\AppData\Local\Microsoft\WinGet\Packages\zig.zig_Microsoft.Winget.Source_8wekyb3d8bbwe\zig-x86_64-windows-0.16.0\lib\std\testing.zig:83: 0x7ff6f08c79b7 in expectEqual (test_zcu.obj)
           return expectEqualInner(T, expected, actual);
       
       C:\Users\tvolo\AppData\Local\Microsoft\WinGet\Packages\zig.zig_Microsoft.Winget.Source_8wekyb3d8bbwe\zig-x86_64-windows-0.16.0\lib\std\testing.zig:83: 0x7ff6f08c79b7 in expectEqual (test_zcu.obj)
           return expectEqualInner(T, expected, actual);
       
       C:\Users\tvolo\AppData\Local\Microsoft\WinGet\Packages\zig.zig_Microsoft.Winget.Source_8wekyb3d8bbwe\zig-x86_64-windows-0.16.0\lib\std\testing.zig:83: 0x7ff6f08c79b7 in expectEqual (test_zcu.obj)
           return expectEqualInner(T, expected, actual);
       
       C:\Users\tvolo\AppData\Local\Microsoft\WinGet\Packages\zig.zig_Microsoft.Winget.Source_8wekyb3d8bbwe\zig-x86_64-windows-0.16.0\lib\std\testing.zig:83: 0x7ff6f08c79b7 in expectEqual (test_zcu.obj)
           return expectEqualInner(T, expected, actual);
       
       C:\Users\tvolo\AppData\Local\Microsoft\WinGet\Packages\zig.zig_Microsoft.Winget.Source_8wekyb3d8bbwe\zig-x86_64-windows-0.16.0\lib\std\testing.zig:83: 0x7ff6f08c79b7 in expectEqual (test_zcu.obj)
           return expectEqualInner(T, expected, actual);
       
       C:\Users\tvolo\AppData\Local\Microsoft\WinGet\Packages\zig.zig_Microsoft.Winget.Source_8wekyb3d8bbwe\zig-x86_64-windows-0.16.0\lib\std\testing.zig:83: 0x7ff6f08c79b7 in expectEqual (test_zcu.obj)
           return expectEqualInner(T, expected, actual);
       
       C:\Users\tvolo\AppData\Local\Microsoft\WinGet\Packages\zig.zig_Microsoft.Winget.Source_8wekyb3d8bbwe\zig-x86_64-windows-0.16.0\lib\std\testing.zig:83: 0x7ff6f08c79b7 in expectEqual (test_zcu.obj)
           return expectEqualInner(T, expected, actual);
       
       C:\Users\tvolo\AppData\Local\Microsoft\WinGet\Packages\zig.zig_Microsoft.Winget.Source_8wekyb3d8bbwe\zig-x86_64-windows-0.16.0\lib\std\testing.zig:83: 0x7ff6f08c79b7 in expectEqual (test_zcu.obj)
           return expectEqualInner(T, expected, actual);
       
       C:\Users\tvolo\AppData\Local\Microsoft\WinGet\Packages\zig.zig_Microsoft.Winget.Source_8wekyb3d8bbwe\zig-x86_64-windows-0.16.0\lib\std\testing.zig:83: 0x7ff6f08c79b7 in expectEqual (test_zcu.obj)
           return expectEqualInner(T, expected, actual);
       
       C:\Users\tvolo\AppData\Local\Microsoft\WinGet\Packages\zig.zig_Microsoft.Winget.Source_8wekyb3d8bbwe\zig-x86_64-windows-0.16.0\lib\std\testing.zig:83: 0x7ff6f08c79b7 in expectEqual (test_zcu.obj)
           return expectEqualInner(T, expected, actual);
       
       C:\Users\tvolo\AppData\Local\Microsoft\WinGet\Packages\zig.zig_Microsoft.Winget.Source_8wekyb3d8bbwe\zig-x86_64-windows-0.16.0\lib\std\testing.zig:83: 0x7ff6f08c79b7 in expectEqual (test_zcu.obj)
           return expectEqualInner(T, expected, actual);
       
       C:\Users\tvolo\AppData\Local\Microsoft\WinGet\Packages\zig.zig_Microsoft.Winget.Source_8wekyb3d8bbwe\zig-x86_64-windows-0.16.0\lib\std\testing.zig:83: 0x7ff6f08c79b7 in expectEqual (test_zcu.obj)
           return expectEqualInner(T, expected, actual);
       
       C:\Users\tvolo\AppData\Local\Microsoft\WinGet\Packages\zig.zig_Microsoft.Winget.Source_8wekyb3d8bbwe\zig-x86_64-windows-0.16.0\lib\std\testing.zig:83: 0x7ff6f08c79b7 in expectEqual (test_zcu.obj)
           return expectEqualInner(T, expected, actual);
       
       C:\Users\tvolo\AppData\Local\Microsoft\WinGet\Packages\zig.zig_Microsoft.Winget.Source_8wekyb3d8bbwe\zig-x86_64-windows-0.16.0\lib\std\testing.zig:83: 0x7ff6f08c79b7 in expectEqual (test_zcu.obj)
           return expectEqualInner(T, expected, actual);
       
       C:\Users\tvolo\AppData\Local\Microsoft\WinGet\Packages\zig.zig_Microsoft.Winget.Source_8wekyb3d8bbwe\zig-x86_64-windows-0.16.0\lib\std\testing.zig:83: 0x7ff6f08c79b7 in expectEqual (test_zcu.obj)
           return expectEqualInner(T, expected, actual);
       
       C:\Users\tvolo\AppData\Local\Microsoft\WinGet\Packages\zig.zig_Microsoft.Winget.Source_8wekyb3d8bbwe\zig-x86_64-windows-0.16.0\lib\std\testing.zig:83: 0x7ff6f08c79b7 in expectEqual (test_zcu.obj)
           return expectEqualInner(T, expected, actual);
       
       C:\Users\tvolo\AppData\Local\Microsoft\WinGet\Packages\zig.zig_Microsoft.Winget.Source_8wekyb3d8bbwe\zig-x86_64-windows-0.16.0\lib\std\testing.zig:83: 0x7ff6f08c79b7 in expectEqual (test_zcu.obj)
           return expectEqualInner(T, expected, actual);
       
       C:\Users\tvolo\AppData\Local\Microsoft\WinGet\Packages\zig.zig_Microsoft.Winget.Source_8wekyb3d8bbwe\zig-x86_64-windows-0.16.0\lib\std\testing.zig:83: 0x7ff6f08c79b7 in expectEqual (test_zcu.obj)
           return expectEqualInner(T, expected, actual);
       
       C:\Users\tvolo\AppData\Local\Microsoft\WinGet\Packages\zig.zig_Microsoft.Winget.Source_8wekyb3d8bbwe\zig-x86_64-windows-0.16.0\lib\std\testing.zig:83: 0x7ff6f08c79b7 in expectEqual (test_zcu.obj)
           return expectEqualInner(T, expected, actual);
       
       C:\Users\tvolo\AppData\Local\Microsoft\WinGet\Packages\zig.zig_Microsoft.Winget.Source_8wekyb3d8bbwe\zig-x86_64-windows-0.16.0\lib\std\testing.zig:83: 0x7ff6f08c79b7 in expectEqual (test_zcu.obj)
           return expectEqualInner(T, expected, actual);
       
       C:\Users\tvolo\AppData\Local\Microsoft\WinGet\Packages\zig.zig_Microsoft.Winget.Source_8wekyb3d8bbwe\zig-x86_64-windows-0.16.0\lib\std\testing.zig:83: 0x7ff6f08c79b7 in expectEqual (test_zcu.obj)
           return expectEqualInner(T, expected, actual);
       
       C:\Users\tvolo\AppData\Local\Microsoft\WinGet\Packages\zig.zig_Microsoft.Winget.Source_8wekyb3d8bbwe\zig-x86_64-windows-0.16.0\lib\std\testing.zig:83: 0x7ff6f08c79b7 in expectEqual (test_zcu.obj)
           return expectEqualInner(T, expected, actual);
       
       C:\Users\tvolo\AppData\Local\Microsoft\WinGet\Packages\zig.zig_Microsoft.Winget.Source_8wekyb3d8bbwe\zig-x86_64-windows-0.16.0\lib\std\testing.zig:83: 0x7ff6f08c79b7 in expectEqual (test_zcu.obj)
           return expectEqualInner(T, expected, actual);
       
       C:\Users\tvolo\AppData\Local\Microsoft\WinGet\Packages\zig.zig_Microsoft.Winget.Source_8wekyb3d8bbwe\zig-x86_64-windows-0.16.0\lib\std\testing.zig:83: 0x7ff6f08c79b7 in expectEqual (test_zcu.obj)
           return expectEqualInner(T, expected, actual);
       
       C:\Users\tvolo\AppData\Local\Microsoft\WinGet\Packages\zig.zig_Microsoft.Winget.Source_8wekyb3d8bbwe\zig-x86_64-windows-0.16.0\lib\std\testing.zig:83: 0x7ff6f08c79b7 in expectEqual (test_zcu.obj)
           return expectEqualInner(T, expected, actual);
       
       C:\Users\tvolo\AppData\Local\Microsoft\WinGet\Packages\zig.zig_Microsoft.Winget.Source_8wekyb3d8bbwe\zig-x86_64-windows-0.16.0\lib\std\testing.zig:83: 0x7ff6f08c79b7 in expectEqual (test_zcu.obj)
           return expectEqualInner(T, expected, actual);
       
       C:\Users\tvolo\AppData\Local\Microsoft\WinGet\Packages\zig.zig_Microsoft.Winget.Source_8wekyb3d8bbwe\zig-x86_64-windows-0.16.0\lib\std\testing.zig:83: 0x7ff6f08c79b7 in expectEqual (test_zcu.obj)
           return expectEqualInner(T, expected, actual);
       
       C:\Users\tvolo\AppData\Local\Microsoft\WinGet\Packages\zig.zig_Microsoft.Winget.Source_8wekyb3d8bbwe\zig-x86_64-windows-0.16.0\lib\std\testing.zig:83: 0x7ff6f08c79b7 in expectEqual (test_zcu.obj)
           return expectEqualInner(T, expected, actual);
       
       C:\Users\tvolo\AppData\Local\Microsoft\WinGet\Packages\zig.zig_Microsoft.Winget.Source_8wekyb3d8bbwe\zig-x86_64-windows-0.16.0\lib\std\testing.zig:83: 0x7ff6f08c79b7 in expectEqual (test_zcu.obj)
           return expectEqualInner(T, expected, actual);
       
       C:\Users\tvolo\AppData\Local\Microsoft\WinGet\Packages\zig.zig_Microsoft.Winget.Source_8wekyb3d8bbwe\zig-x86_64-windows-0.16.0\lib\std\testing.zig:83: 0x7ff6f08c79b7 in expectEqual (test_zcu.obj)
           return expectEqualInner(T, expected, actual);
       
       C:\Users\tvolo\AppData\Local\Microsoft\WinGet\Packages\zig.zig_Microsoft.Winget.Source_8wekyb3d8bbwe\zig-x86_64-windows-0.16.0\lib\std\testing.zig:83: 0x7ff6f08c79b7 in expectEqual (test_zcu.obj)
           return expectEqualInner(T, expected, actual);
       
       C:\Users\tvolo\AppData\Local\Microsoft\WinGet\Packages\zig.zig_Microsoft.Winget.Source_8wekyb3d8bbwe\zig-x86_64-windows-0.16.0\lib\std\testing.zig:83: 0x7ff6f08c79b7 in expectEqual (test_zcu.obj)
           return expectEqualInner(T, expected, actual);
       
       C:\Users\tvolo\AppData\Local\Microsoft\WinGet\Packages\zig.zig_Microsoft.Winget.Source_8wekyb3d8bbwe\zig-x86_64-windows-0.16.0\lib\std\testing.zig:83: 0x7ff6f08c79b7 in expectEqual (test_zcu.obj)
           return expectEqualInner(T, expected, actual);
       
       C:\Users\tvolo\AppData\Local\Microsoft\WinGet\Packages\zig.zig_Microsoft.Winget.Source_8wekyb3d8bbwe\zig-x86_64-windows-0.16.0\lib\std\testing.zig:83: 0x7ff6f08c79b7 in expectEqual (test_zcu.obj)
           return expectEqualInner(T, expected, actual);
       
       C:\Users\tvolo\AppData\Local\Microsoft\WinGet\Packages\zig.zig_Microsoft.Winget.Source_8wekyb3d8bbwe\zig-x86_64-windows-0.16.0\lib\std\testing.zig:83: 0x7ff6f08c79b7 in expectEqual (test_zcu.obj)
           return expectEqualInner(T, expected, actual);
       
       C:\Users\tvolo\AppData\Local\Microsoft\WinGet\Packages\zig.zig_Microsoft.Winget.Source_8wekyb3d8bbwe\zig-x86_64-windows-0.16.0\lib\std\testing.zig:83: 0x7ff6f08c79b7 in expectEqual (test_zcu.obj)
           return expectEqualInner(T, expected, actual);
       
       C:\Users\tvolo\AppData\Local\Microsoft\WinGet\Packages\zig.zig_Microsoft.Winget.Source_8wekyb3d8bbwe\zig-x86_64-windows-0.16.0\lib\std\testing.zig:83: 0x7ff6f08c79b7 in expectEqual (test_zcu.obj)
           return expectEqualInner(T, expected, actual);
       
       C:\Users\tvolo\AppData\Local\Microsoft\WinGet\Packages\zig.zig_Microsoft.Winget.Source_8wekyb3d8bbwe\zig-x86_64-windows-0.16.0\lib\std\testing.zig:83: 0x7ff6f08c79b7 in expectEqual (test_zcu.obj)
           return expectEqualInner(T, expected, actual);
       
       C:\Users\tvolo\AppData\Local\Microsoft\WinGet\Packages\zig.zig_Microsoft.Winget.Source_8wekyb3d8bbwe\zig-x86_64-windows-0.16.0\lib\std\testing.zig:83: 0x7ff6f08c79b7 in expectEqual (test_zcu.obj)
           return expectEqualInner(T, expected, actual);
       
       C:\Users\tvolo\AppData\Local\Microsoft\WinGet\Packages\zig.zig_Microsoft.Winget.Source_8wekyb3d8bbwe\zig-x86_64-windows-0.16.0\lib\std\testing.zig:83: 0x7ff6f08c79b7 in expectEqual (test_zcu.obj)
           return expectEqualInner(T, expected, actual);
       
       C:\Users\tvolo\AppData\Local\Microsoft\WinGet\Packages\zig.zig_Microsoft.Winget.Source_8wekyb3d8bbwe\zig-x86_64-windows-0.16.0\lib\std\testing.zig:83: 0x7ff6f08c79b7 in expectEqual (test_zcu.obj)
           return expectEqualInner(T, expected, actual);
       
       C:\Users\tvolo\AppData\Local\Microsoft\WinGet\Packages\zig.zig_Microsoft.Winget.Source_8wekyb3d8bbwe\zig-x86_64-windows-0.16.0\lib\std\testing.zig:83: 0x7ff6f08c79b7 in expectEqual (test_zcu.obj)
           return expectEqualInner(T, expected, actual);
       
       C:\Users\tvolo\AppData\Local\Microsoft\WinGet\Packages\zig.zig_Microsoft.Winget.Source_8wekyb3d8bbwe\zig-x86_64-windows-0.16.0\lib\std\testing.zig:83: 0x7ff6f08c79b7 in expectEqual (test_zcu.obj)
           return expectEqualInner(T, expected, actual);
       
       C:\Users\tvolo\AppData\Local\Microsoft\WinGet\Packages\zig.zig_Microsoft.Winget.Source_8wekyb3d8bbwe\zig-x86_64-windows-0.16.0\lib\std\testing.zig:83: 0x7ff6f08c79b7 in expectEqual (test_zcu.obj)
           return expectEqualInner(T, expected, actual);
       
       C:\Users\tvolo\AppData\Local\Microsoft\WinGet\Packages\zig.zig_Microsoft.Winget.Source_8wekyb3d8bbwe\zig-x86_64-windows-0.16.0\lib\std\testing.zig:83: 0x7ff6f08c79b7 in expectEqual (test_zcu.obj)
           return expectEqualInner(T, expected, actual);
       
       C:\Users\tvolo\AppData\Local\Microsoft\WinGet\Packages\zig.zig_Microsoft.Winget.Source_8wekyb3d8bbwe\zig-x86_64-windows-0.16.0\lib\std\testing.zig:83: 0x7ff6f08c79b7 in expectEqual (test_zcu.obj)
           return expectEqualInner(T, expected, actual);
       
       C:\Users\tvolo\AppData\Local\Microsoft\WinGet\Packages\zig.zig_Microsoft.Winget.Source_8wekyb3d8bbwe\zig-x86_64-windows-0.16.0\lib\std\testing.zig:83: 0x7ff6f08c79b7 in expectEqual (test_zcu.obj)
           return expectEqualInner(T, expected, actual);
       
       C:\Users\tvolo\AppData\Local\Microsoft\WinGet\Packages\zig.zig_Microsoft.Winget.Source_8wekyb3d8bbwe\zig-x86_64-windows-0.16.0\lib\std\testing.zig:83: 0x7ff6f08c79b7 in expectEqual (test_zcu.obj)
           return expectEqualInner(T, expected, actual);
       
       C:\Users\tvolo\AppData\Local\Microsoft\WinGet\Packages\zig.zig_Microsoft.Winget.Source_8wekyb3d8bbwe\zig-x86_64-windows-0.16.0\lib\std\testing.zig:83: 0x7ff6f08c79b7 in expectEqual (test_zcu.obj)
           return expectEqualInner(T, expected, actual);
       
       C:\Users\tvolo\AppData\Local\Microsoft\WinGet\Packages\zig.zig_Microsoft.Winget.Source_8wekyb3d8bbwe\zig-x86_64-windows-0.16.0\lib\std\testing.zig:83: 0x7ff6f08c79b7 in expectEqual (test_zcu.obj)
           return expectEqualInner(T, expected, actual);
       
       C:\Users\tvolo\AppData\Local\Microsoft\WinGet\Packages\zig.zig_Microsoft.Winget.Source_8wekyb3d8bbwe\zig-x86_64-windows-0.16.0\lib\std\testing.zig:83: 0x7ff6f08c79b7 in expectEqual (test_zcu.obj)
           return expectEqualInner(T, expected, actual);
       
       C:\Users\tvolo\AppData\Local\Microsoft\WinGet\Packages\zig.zig_Microsoft.Winget.Source_8wekyb3d8bbwe\zig-x86_64-windows-0.16.0\lib\std\testing.zig:83: 0x7ff6f08c79b7 in expectEqual (test_zcu.obj)
           return expectEqualInner(T, expected, actual);
       
       C:\Users\tvolo\AppData\Local\Microsoft\WinGet\Packages\zig.zig_Microsoft.Winget.Source_8wekyb3d8bbwe\zig-x86_64-windows-0.16.0\lib\std\testing.zig:83: 0x7ff6f08c79b7 in expectEqual (test_zcu.obj)
           return expectEqualInner(T, expected, actual);
       
       C:\Users\tvolo\AppData\Local\Microsoft\WinGet\Packages\zig.zig_Microsoft.Winget.Source_8wekyb3d8bbwe\zig-x86_64-windows-0.16.0\lib\std\testing.zig:83: 0x7ff6f08c79b7 in expectEqual (test_zcu.obj)
           return expectEqualInner(T, expected, actual);
       
       C:\Users\tvolo\AppData\Local\Microsoft\WinGet\Packages\zig.zig_Microsoft.Winget.Source_8wekyb3d8bbwe\zig-x86_64-windows-0.16.0\lib\std\testing.zig:83: 0x7ff6f08c79b7 in expectEqual (test_zcu.obj)
           return expectEqualInner(T, expected, actual);
       
       C:\Users\tvolo\AppData\Local\Microsoft\WinGet\Packages\zig.zig_Microsoft.Winget.Source_8wekyb3d8bbwe\zig-x86_64-windows-0.16.0\lib\std\testing.zig:83: 0x7ff6f08c79b7 in expectEqual (test_zcu.obj)
           return expectEqualInner(T, expected, actual);
       
       C:\Users\tvolo\AppData\Local\Microsoft\WinGet\Packages\zig.zig_Microsoft.Winget.Source_8wekyb3d8bbwe\zig-x86_64-windows-0.16.0\lib\std\testing.zig:83: 0x7ff6f08c79b7 in expectEqual (test_zcu.obj)
           return expectEqualInner(T, expected, actual);
       
       C:\Users\tvolo\AppData\Local\Microsoft\WinGet\Packages\zig.zig_Microsoft.Winget.Source_8wekyb3d8bbwe\zig-x86_64-windows-0.16.0\lib\std\testing.zig:83: 0x7ff6f08c79b7 in expectEqual (test_zcu.obj)
           return expectEqualInner(T, expected, actual);
       
       C:\Users\tvolo\AppData\Local\Microsoft\WinGet\Packages\zig.zig_Microsoft.Winget.Source_8wekyb3d8bbwe\zig-x86_64-windows-0.16.0\lib\std\testing.zig:83: 0x7ff6f08c79b7 in expectEqual (test_zcu.obj)
           return expectEqualInner(T, expected, actual);
       
       C:\Users\tvolo\AppData\Local\Microsoft\WinGet\Packages\zig.zig_Microsoft.Winget.Source_8wekyb3d8bbwe\zig-x86_64-windows-0.16.0\lib\std\testing.zig:83: 0x7ff6f08c79b7 in expectEqual (test_zcu.obj)
           return expectEqualInner(T, expected, actual);
       
       C:\Users\tvolo\AppData\Local\Microsoft\WinGet\Packages\zig.zig_Microsoft.Winget.Source_8wekyb3d8bbwe\zig-x86_64-windows-0.16.0\lib\std\testing.zig:83: 0x7ff6f08c79b7 in expectEqual (test_zcu.obj)
           return expectEqualInner(T, expected, actual);
       
       C:\Users\tvolo\AppData\Local\Microsoft\WinGet\Packages\zig.zig_Microsoft.Winget.Source_8wekyb3d8bbwe\zig-x86_64-windows-0.16.0\lib\std\testing.zig:83: 0x7ff6f08c79b7 in expectEqual (test_zcu.obj)
           return expectEqualInner(T, expected, actual);
       
       C:\Users\tvolo\AppData\Local\Microsoft\WinGet\Packages\zig.zig_Microsoft.Winget.Source_8wekyb3d8bbwe\zig-x86_64-windows-0.16.0\lib\std\testing.zig:83: 0x7ff6f08c79b7 in expectEqual (test_zcu.obj)
           return expectEqualInner(T, expected, actual);
       
       C:\Users\tvolo\AppData\Local\Microsoft\WinGet\Packages\zig.zig_Microsoft.Winget.Source_8wekyb3d8bbwe\zig-x86_64-windows-0.16.0\lib\std\testing.zig:83: 0x7ff6f08c79b7 in expectEqual (test_zcu.obj)
           return expectEqualInner(T, expected, actual);
       
       C:\Users\tvolo\AppData\Local\Microsoft\WinGet\Packages\zig.zig_Microsoft.Winget.Source_8wekyb3d8bbwe\zig-x86_64-windows-0.16.0\lib\std\testing.zig:83: 0x7ff6f08c79b7 in expectEqual (test_zcu.obj)
           return expectEqualInner(T, expected, actual);
       
       C:\Users\tvolo\AppData\Local\Microsoft\WinGet\Packages\zig.zig_Microsoft.Winget.Source_8wekyb3d8bbwe\zig-x86_64-windows-0.16.0\lib\std\testing.zig:83: 0x7ff6f08c79b7 in expectEqual (test_zcu.obj)
           return expectEqualInner(T, expected, actual);
       
       C:\Users\tvolo\AppData\Local\Microsoft\WinGet\Packages\zig.zig_Microsoft.Winget.Source_8wekyb3d8bbwe\zig-x86_64-windows-0.16.0\lib\std\testing.zig:83: 0x7ff6f08c79b7 in expectEqual (test_zcu.obj)
           return expectEqualInner(T, expected, actual);
       
       C:\Users\tvolo\AppData\Local\Microsoft\WinGet\Packages\zig.zig_Microsoft.Winget.Source_8wekyb3d8bbwe\zig-x86_64-windows-0.16.0\lib\std\testing.zig:83: 0x7ff6f08c79b7 in expectEqual (test_zcu.obj)
           return expectEqualInner(T, expected, actual);
       
       C:\Users\tvolo\AppData\Local\Microsoft\WinGet\Packages\zig.zig_Microsoft.Winget.Source_8wekyb3d8bbwe\zig-x86_64-windows-0.16.0\lib\std\testing.zig:83: 0x7ff6f08c79b7 in expectEqual (test_zcu.obj)
           return expectEqualInner(T, expected, actual);
       
       C:\Users\tvolo\AppData\Local\Microsoft\WinGet\Packages\zig.zig_Microsoft.Winget.Source_8wekyb3d8bbwe\zig-x86_64-windows-0.16.0\lib\std\testing.zig:83: 0x7ff6f08c79b7 in expectEqual (test_zcu.obj)
           return expectEqualInner(T, expected, actual);
       
       C:\Users\tvolo\AppData\Local\Microsoft\WinGet\Packages\zig.zig_Microsoft.Winget.Source_8wekyb3d8bbwe\zig-x86_64-windows-0.16.0\lib\std\testing.zig:83: 0x7ff6f08c79b7 in expectEqual (test_zcu.obj)
           return expectEqualInner(T, expected, actual);
       
       C:\Users\tvolo\AppData\Local\Microsoft\WinGet\Packages\zig.zig_Microsoft.Winget.Source_8wekyb3d8bbwe\zig-x86_64-windows-0.16.0\lib\std\testing.zig:83: 0x7ff6f08c79b7 in expectEqual (test_zcu.obj)
           return expectEqualInner(T, expected, actual);
       
       C:\Users\tvolo\AppData\Local\Microsoft\WinGet\Packages\zig.zig_Microsoft.Winget.Source_8wekyb3d8bbwe\zig-x86_64-windows-0.16.0\lib\std\testing.zig:83: 0x7ff6f08c79b7 in expectEqual (test_zcu.obj)
           return expectEqualInner(T, expected, actual);
       
       C:\Users\tvolo\AppData\Local\Microsoft\WinGet\Packages\zig.zig_Microsoft.Winget.Source_8wekyb3d8bbwe\zig-x86_64-windows-0.16.0\lib\std\testing.zig:83: 0x7ff6f08c79b7 in expectEqual (test_zcu.obj)
           return expectEqualInner(T, expected, actual);
       
       C:\Users\tvolo\AppData\Local\Microsoft\WinGet\Packages\zig.zig_Microsoft.Winget.Source_8wekyb3d8bbwe\zig-x86_64-windows-0.16.0\lib\std\testing.zig:83: 0x7ff6f08c79b7 in expectEqual (test_zcu.obj)
           return expectEqualInner(T, expected, actual);
       
       C:\Users\tvolo\AppData\Local\Microsoft\WinGet\Packages\zig.zig_Microsoft.Winget.Source_8wekyb3d8bbwe\zig-x86_64-windows-0.16.0\lib\std\testing.zig:83: 0x7ff6f08c79b7 in expectEqual (test_zcu.obj)
           return expectEqualInner(T, expected, actual);
       
       C:\Users\tvolo\AppData\Local\Microsoft\WinGet\Packages\zig.zig_Microsoft.Winget.Source_8wekyb3d8bbwe\zig-x86_64-windows-0.16.0\lib\std\testing.zig:83: 0x7ff6f08c79b7 in expectEqual (test_zcu.obj)
           return expectEqualInner(T, expected, actual);
       
       C:\Users\tvolo\AppData\Local\Microsoft\WinGet\Packages\zig.zig_Microsoft.Winget.Source_8wekyb3d8bbwe\zig-x86_64-windows-0.16.0\lib\std\testing.zig:83: 0x7ff6f08c79b7 in expectEqual (test_zcu.obj)
           return expectEqualInner(T, expected, actual);
       
       C:\Users\tvolo\AppData\Local\Microsoft\WinGet\Packages\zig.zig_Microsoft.Winget.Source_8wekyb3d8bbwe\zig-x86_64-windows-0.16.0\lib\std\testing.zig:83: 0x7ff6f08c79b7 in expectEqual (test_zcu.obj)
           return expectEqualInner(T, expected, actual);
       
       C:\Users\tvolo\AppData\Local\Microsoft\WinGet\Packages\zig.zig_Microsoft.Winget.Source_8wekyb3d8bbwe\zig-x86_64-windows-0.16.0\lib\std\testing.zig:83: 0x7ff6f08c79b7 in expectEqual (test_zcu.obj)
           return expectEqualInner(T, expected, actual);
       
       C:\Users\tvolo\AppData\Local\Microsoft\WinGet\Packages\zig.zig_Microsoft.Winget.Source_8wekyb3d8bbwe\zig-x86_64-windows-0.16.0\lib\std\testing.zig:83: 0x7ff6f08c79b7 in expectEqual (test_zcu.obj)
           return expectEqualInner(T, expected, actual);
       
       C:\Users\tvolo\AppData\Local\Microsoft\WinGet\Packages\zig.zig_Microsoft.Winget.Source_8wekyb3d8bbwe\zig-x86_64-windows-0.16.0\lib\std\testing.zig:83: 0x7ff6f08c79b7 in expectEqual (test_zcu.obj)
           return expectEqualInner(T, expected, actual);
       
       C:\Users\tvolo\AppData\Local\Microsoft\WinGet\Packages\zig.zig_Microsoft.Winget.Source_8wekyb3d8bbwe\zig-x86_64-windows-0.16.0\lib\std\testing.zig:83: 0x7ff6f08c79b7 in expectEqual (test_zcu.obj)
           return expectEqualInner(T, expected, actual);
       
       C:\Users\tvolo\AppData\Local\Microsoft\WinGet\Packages\zig.zig_Microsoft.Winget.Source_8wekyb3d8bbwe\zig-x86_64-windows-0.16.0\lib\std\testing.zig:83: 0x7ff6f08c79b7 in expectEqual (test_zcu.obj)
           return expectEqualInner(T, expected, actual);
       
       C:\Users\tvolo\AppData\Local\Microsoft\WinGet\Packages\zig.zig_Microsoft.Winget.Source_8wekyb3d8bbwe\zig-x86_64-windows-0.16.0\lib\std\testing.zig:83: 0x7ff6f08c79b7 in expectEqual (test_zcu.obj)
           return expectEqualInner(T, expected, actual);
       
       C:\Users\tvolo\AppData\Local\Microsoft\WinGet\Packages\zig.zig_Microsoft.Winget.Source_8wekyb3d8bbwe\zig-x86_64-windows-0.16.0\lib\std\testing.zig:83: 0x7ff6f08c79b7 in expectEqual (test_zcu.obj)
           return expectEqualInner(T, expected, actual);
       
       C:\Users\tvolo\AppData\Local\Microsoft\WinGet\Packages\zig.zig_Microsoft.Winget.Source_8wekyb3d8bbwe\zig-x86_64-windows-0.16.0\lib\std\testing.zig:83: 0x7ff6f08c79b7 in expectEqual (test_zcu.obj)
           return expectEqualInner(T, expected, actual);
       
       C:\Users\tvolo\AppData\Local\Microsoft\WinGet\Packages\zig.zig_Microsoft.Winget.Source_8wekyb3d8bbwe\zig-x86_64-windows-0.16.0\lib\std\testing.zig:83: 0x7ff6f08c79b7 in expectEqual (test_zcu.obj)
           return expectEqualInner(T, expected, actual);
       
       C:\Users\tvolo\AppData\Local\Microsoft\WinGet\Packages\zig.zig_Microsoft.Winget.Source_8wekyb3d8bbwe\zig-x86_64-windows-0.16.0\lib\std\testing.zig:83: 0x7ff6f08c79b7 in expectEqual (test_zcu.obj)
           return expectEqualInner(T, expected, actual);
       
       C:\Users\tvolo\AppData\Local\Microsoft\WinGet\Packages\zig.zig_Microsoft.Winget.Source_8wekyb3d8bbwe\zig-x86_64-windows-0.16.0\lib\std\testing.zig:83: 0x7ff6f08c79b7 in expectEqual (test_zcu.obj)
           return expectEqualInner(T, expected, actual);
       
       C:\Users\tvolo\AppData\Local\Microsoft\WinGet\Packages\zig.zig_Microsoft.Winget.Source_8wekyb3d8bbwe\zig-x86_64-windows-0.16.0\lib\std\testing.zig:83: 0x7ff6f08c79b7 in expectEqual (test_zcu.obj)
           return expectEqualInner(T, expected, actual);
       
       C:\Users\tvolo\AppData\Local\Microsoft\WinGet\Packages\zig.zig_Microsoft.Winget.Source_8wekyb3d8bbwe\zig-x86_64-windows-0.16.0\lib\std\testing.zig:83: 0x7ff6f08c79b7 in expectEqual (test_zcu.obj)
           return expectEqualInner(T, expected, actual);
       
       C:\Users\tvolo\AppData\Local\Microsoft\WinGet\Packages\zig.zig_Microsoft.Winget.Source_8wekyb3d8bbwe\zig-x86_64-windows-0.16.0\lib\std\testing.zig:83: 0x7ff6f08c79b7 in expectEqual (test_zcu.obj)
           return expectEqualInner(T, expected, actual);
       
       C:\Users\tvolo\AppData\Local\Microsoft\WinGet\Packages\zig.zig_Microsoft.Winget.Source_8wekyb3d8bbwe\zig-x86_64-windows-0.16.0\lib\std\testing.zig:83: 0x7ff6f08c79b7 in expectEqual (test_zcu.obj)
           return expectEqualInner(T, expected, actual);
       
       C:\Users\tvolo\AppData\Local\Microsoft\WinGet\Packages\zig.zig_Microsoft.Winget.Source_8wekyb3d8bbwe\zig-x86_64-windows-0.16.0\lib\std\testing.zig:83: 0x7ff6f08c79b7 in expectEqual (test_zcu.obj)
           return expectEqualInner(T, expected, actual);
       
       C:\Users\tvolo\AppData\Local\Microsoft\WinGet\Packages\zig.zig_Microsoft.Winget.Source_8wekyb3d8bbwe\zig-x86_64-windows-0.16.0\lib\std\testing.zig:83: 0x7ff6f08c79b7 in expectEqual (test_zcu.obj)
           return expectEqualInner(T, expected, actual);
       
       C:\Users\tvolo\AppData\Local\Microsoft\WinGet\Packages\zig.zig_Microsoft.Winget.Source_8wekyb3d8bbwe\zig-x86_64-windows-0.16.0\lib\std\testing.zig:83: 0x7ff6f08c79b7 in expectEqual (test_zcu.obj)
           return expectEqualInner(T, expected, actual);
       
       C:\Users\tvolo\AppData\Local\Microsoft\WinGet\Packages\zig.zig_Microsoft.Winget.Source_8wekyb3d8bbwe\zig-x86_64-windows-0.16.0\lib\std\testing.zig:83: 0x7ff6f08c79b7 in expectEqual (test_zcu.obj)
           return expectEqualInner(T, expected, actual);
       
       C:\Users\tvolo\AppData\Local\Microsoft\WinGet\Packages\zig.zig_Microsoft.Winget.Source_8wekyb3d8bbwe\zig-x86_64-windows-0.16.0\lib\std\testing.zig:83: 0x7ff6f08c79b7 in expectEqual (test_zcu.obj)
           return expectEqualInner(T, expected, actual);
       
       C:\Users\tvolo\AppData\Local\Microsoft\WinGet\Packages\zig.zig_Microsoft.Winget.Source_8wekyb3d8bbwe\zig-x86_64-windows-0.16.0\lib\std\testing.zig:83: 0x7ff6f08c79b7 in expectEqual (test_zcu.obj)
           return expectEqualInner(T, expected, actual);
       
       C:\Users\tvolo\AppData\Local\Microsoft\WinGet\Packages\zig.zig_Microsoft.Winget.Source_8wekyb3d8bbwe\zig-x86_64-windows-0.16.0\lib\std\testing.zig:83: 0x7ff6f08c79b7 in expectEqual (test_zcu.obj)
           return expectEqualInner(T, expected, actual);
       
       C:\Users\tvolo\AppData\Local\Microsoft\WinGet\Packages\zig.zig_Microsoft.Winget.Source_8wekyb3d8bbwe\zig-x86_64-windows-0.16.0\lib\std\testing.zig:83: 0x7ff6f08c79b7 in expectEqual (test_zcu.obj)
           return expectEqualInner(T, expected, actual);
       
       C:\Users\tvolo\AppData\Local\Microsoft\WinGet\Packages\zig.zig_Microsoft.Winget.Source_8wekyb3d8bbwe\zig-x86_64-windows-0.16.0\lib\std\testing.zig:83: 0x7ff6f08c79b7 in expectEqual (test_zcu.obj)
           return expectEqualInner(T, expected, actual);
       
       C:\Users\tvolo\AppData\Local\Microsoft\WinGet\Packages\zig.zig_Microsoft.Winget.Source_8wekyb3d8bbwe\zig-x86_64-windows-0.16.0\lib\std\testing.zig:83: 0x7ff6f08c79b7 in expectEqual (test_zcu.obj)
           return expectEqualInner(T, expected, actual);
       
       C:\Users\tvolo\AppData\Local\Microsoft\WinGet\Packages\zig.zig_Microsoft.Winget.Source_8wekyb3d8bbwe\zig-x86_64-windows-0.16.0\lib\std\testing.zig:83: 0x7ff6f08c79b7 in expectEqual (test_zcu.obj)
           return expectEqualInner(T, expected, actual);
       
       C:\Users\tvolo\AppData\Local\Microsoft\WinGet\Packages\zig.zig_Microsoft.Winget.Source_8wekyb3d8bbwe\zig-x86_64-windows-0.16.0\lib\std\testing.zig:83: 0x7ff6f08c79b7 in expectEqual (test_zcu.obj)
           return expectEqualInner(T, expected, actual);
       
       C:\Users\tvolo\AppData\Local\Microsoft\WinGet\Packages\zig.zig_Microsoft.Winget.Source_8wekyb3d8bbwe\zig-x86_64-windows-0.16.0\lib\std\testing.zig:83: 0x7ff6f08c79b7 in expectEqual (test_zcu.obj)
           return expectEqualInner(T, expected, actual);
       
       C:\Users\tvolo\AppData\Local\Microsoft\WinGet\Packages\zig.zig_Microsoft.Winget.Source_8wekyb3d8bbwe\zig-x86_64-windows-0.16.0\lib\std\testing.zig:83: 0x7ff6f08c79b7 in expectEqual (test_zcu.obj)
           return expectEqualInner(T, expected, actual);
       
       C:\Users\tvolo\AppData\Local\Microsoft\WinGet\Packages\zig.zig_Microsoft.Winget.Source_8wekyb3d8bbwe\zig-x86_64-windows-0.16.0\lib\std\testing.zig:83: 0x7ff6f08c79b7 in expectEqual (test_zcu.obj)
           return expectEqualInner(T, expected, actual);
       
       C:\Users\tvolo\AppData\Local\Microsoft\WinGet\Packages\zig.zig_Microsoft.Winget.Source_8wekyb3d8bbwe\zig-x86_64-windows-0.16.0\lib\std\testing.zig:83: 0x7ff6f08c79b7 in expectEqual (test_zcu.obj)
           return expectEqualInner(T, expected, actual);
       
       C:\Users\tvolo\AppData\Local\Microsoft\WinGet\Packages\zig.zig_Microsoft.Winget.Source_8wekyb3d8bbwe\zig-x86_64-windows-0.16.0\lib\std\testing.zig:83: 0x7ff6f08c79b7 in expectEqual (test_zcu.obj)
           return expectEqualInner(T, expected, actual);
       
       C:\Users\tvolo\AppData\Local\Microsoft\WinGet\Packages\zig.zig_Microsoft.Winget.Source_8wekyb3d8bbwe\zig-x86_64-windows-0.16.0\lib\std\testing.zig:83: 0x7ff6f08c79b7 in expectEqual (test_zcu.obj)
           return expectEqualInner(T, expected, actual);
       
       C:\Users\tvolo\AppData\Local\Microsoft\WinGet\Packages\zig.zig_Microsoft.Winget.Source_8wekyb3d8bbwe\zig-x86_64-windows-0.16.0\lib\std\testing.zig:83: 0x7ff6f08c79b7 in expectEqual (test_zcu.obj)
           return expectEqualInner(T, expected, actual);
       
       C:\Users\tvolo\AppData\Local\Microsoft\WinGet\Packages\zig.zig_Microsoft.Winget.Source_8wekyb3d8bbwe\zig-x86_64-windows-0.16.0\lib\std\testing.zig:83: 0x7ff6f08c79b7 in expectEqual (test_zcu.obj)
           return expectEqualInner(T, expected, actual);
       
       C:\Users\tvolo\AppData\Local\Microsoft\WinGet\Packages\zig.zig_Microsoft.Winget.Source_8wekyb3d8bbwe\zig-x86_64-windows-0.16.0\lib\std\testing.zig:83: 0x7ff6f08c79b7 in expectEqual (test_zcu.obj)
           return expectEqualInner(T, expected, actual);
       
       C:\Users\tvolo\AppData\Local\Microsoft\WinGet\Packages\zig.zig_Microsoft.Winget.Source_8wekyb3d8bbwe\zig-x86_64-windows-0.16.0\lib\std\testing.zig:83: 0x7ff6f08c79b7 in expectEqual (test_zcu.obj)
           return expectEqualInner(T, expected, actual);
       
       C:\Users\tvolo\AppData\Local\Microsoft\WinGet\Packages\zig.zig_Microsoft.Winget.Source_8wekyb3d8bbwe\zig-x86_64-windows-0.16.0\lib\std\testing.zig:83: 0x7ff6f08c79b7 in expectEqual (test_zcu.obj)
           return expectEqualInner(T, expected, actual);
       
       C:\Users\tvolo\AppData\Local\Microsoft\WinGet\Packages\zig.zig_Microsoft.Winget.Source_8wekyb3d8bbwe\zig-x86_64-windows-0.16.0\lib\std\testing.zig:83: 0x7ff6f08c79b7 in expectEqual (test_zcu.obj)
           return expectEqualInner(T, expected, actual);
       
       C:\Users\tvolo\AppData\Local\Microsoft\WinGet\Packages\zig.zig_Microsoft.Winget.Source_8wekyb3d8bbwe\zig-x86_64-windows-0.16.0\lib\std\testing.zig:83: 0x7ff6f08c79b7 in expectEqual (test_zcu.obj)
           return expectEqualInner(T, expected, actual);
       
       C:\Users\tvolo\AppData\Local\Microsoft\WinGet\Packages\zig.zig_Microsoft.Winget.Source_8wekyb3d8bbwe\zig-x86_64-windows-0.16.0\lib\std\testing.zig:83: 0x7ff6f08c79b7 in expectEqual (test_zcu.obj)
           return expectEqualInner(T, expected, actual);
       
       C:\Users\tvolo\AppData\Local\Microsoft\WinGet\Packages\zig.zig_Microsoft.Winget.Source_8wekyb3d8bbwe\zig-x86_64-windows-0.16.0\lib\std\testing.zig:83: 0x7ff6f08c79b7 in expectEqual (test_zcu.obj)
           return expectEqualInner(T, expected, actual);
       
       C:\Users\tvolo\AppData\Local\Microsoft\WinGet\Packages\zig.zig_Microsoft.Winget.Source_8wekyb3d8bbwe\zig-x86_64-windows-0.16.0\lib\std\testing.zig:83: 0x7ff6f08c79b7 in expectEqual (test_zcu.obj)
           return expectEqualInner(T, expected, actual);
       
       C:\Users\tvolo\AppData\Local\Microsoft\WinGet\Packages\zig.zig_Microsoft.Winget.Source_8wekyb3d8bbwe\zig-x86_64-windows-0.16.0\lib\std\testing.zig:83: 0x7ff6f08c79b7 in expectEqual (test_zcu.obj)
           return expectEqualInner(T, expected, actual);
       
       C:\Users\tvolo\AppData\Local\Microsoft\WinGet\Packages\zig.zig_Microsoft.Winget.Source_8wekyb3d8bbwe\zig-x86_64-windows-0.16.0\lib\std\testing.zig:83: 0x7ff6f08c79b7 in expectEqual (test_zcu.obj)
           return expectEqualInner(T, expected, actual);
       
       C:\Users\tvolo\AppData\Local\Microsoft\WinGet\Packages\zig.zig_Microsoft.Winget.Source_8wekyb3d8bbwe\zig-x86_64-windows-0.16.0\lib\std\testing.zig:83: 0x7ff6f08c79b7 in expectEqual (test_zcu.obj)
           return expectEqualInner(T, expected, actual);
       
       C:\Users\tvolo\AppData\Local\Microsoft\WinGet\Packages\zig.zig_Microsoft.Winget.Source_8wekyb3d8bbwe\zig-x86_64-windows-0.16.0\lib\std\testing.zig:83: 0x7ff6f08c79b7 in expectEqual (test_zcu.obj)
           return expectEqualInner(T, expected, actual);
       
       C:\Users\tvolo\AppData\Local\Microsoft\WinGet\Packages\zig.zig_Microsoft.Winget.Source_8wekyb3d8bbwe\zig-x86_64-windows-0.16.0\lib\std\testing.zig:83: 0x7ff6f08c79b7 in expectEqual (test_zcu.obj)
           return expectEqualInner(T, expected, actual);
       
       C:\Users\tvolo\AppData\Local\Microsoft\WinGet\Packages\zig.zig_Microsoft.Winget.Source_8wekyb3d8bbwe\zig-x86_64-windows-0.16.0\lib\std\testing.zig:83: 0x7ff6f08c79b7 in expectEqual (test_zcu.obj)
           return expectEqualInner(T, expected, actual);
       
       C:\Users\tvolo\AppData\Local\Microsoft\WinGet\Packages\zig.zig_Microsoft.Winget.Source_8wekyb3d8bbwe\zig-x86_64-windows-0.16.0\lib\std\testing.zig:83: 0x7ff6f08c79b7 in expectEqual (test_zcu.obj)
           return expectEqualInner(T, expected, actual);
       
       C:\Users\tvolo\AppData\Local\Microsoft\WinGet\Packages\zig.zig_Microsoft.Winget.Source_8wekyb3d8bbwe\zig-x86_64-windows-0.16.0\lib\std\testing.zig:83: 0x7ff6f08c79b7 in expectEqual (test_zcu.obj)
           return expectEqualInner(T, expected, actual);
       
       C:\Users\tvolo\AppData\Local\Microsoft\WinGet\Packages\zig.zig_Microsoft.Winget.Source_8wekyb3d8bbwe\zig-x86_64-windows-0.16.0\lib\std\testing.zig:83: 0x7ff6f08c79b7 in expectEqual (test_zcu.obj)
           return expectEqualInner(T, expected, actual);
       
       C:\Users\tvolo\AppData\Local\Microsoft\WinGet\Packages\zig.zig_Microsoft.Winget.Source_8wekyb3d8bbwe\zig-x86_64-windows-0.16.0\lib\std\testing.zig:83: 0x7ff6f08c79b7 in expectEqual (test_zcu.obj)
           return expectEqualInner(T, expected, actual);
       
       C:\Users\tvolo\AppData\Local\Microsoft\WinGet\Packages\zig.zig_Microsoft.Winget.Source_8wekyb3d8bbwe\zig-x86_64-windows-0.16.0\lib\std\testing.zig:83: 0x7ff6f08c79b7 in expectEqual (test_zcu.obj)
           return expectEqualInner(T, expected, actual);
       
       C:\Users\tvolo\AppData\Local\Microsoft\WinGet\Packages\zig.zig_Microsoft.Winget.Source_8wekyb3d8bbwe\zig-x86_64-windows-0.16.0\lib\std\testing.zig:83: 0x7ff6f08c79b7 in expectEqual (test_zcu.obj)
           return expectEqualInner(T, expected, actual);
       
       C:\Users\tvolo\AppData\Local\Microsoft\WinGet\Packages\zig.zig_Microsoft.Winget.Source_8wekyb3d8bbwe\zig-x86_64-windows-0.16.0\lib\std\testing.zig:83: 0x7ff6f08c79b7 in expectEqual (test_zcu.obj)
           return expectEqualInner(T, expected, actual);
       
       C:\Users\tvolo\AppData\Local\Microsoft\WinGet\Packages\zig.zig_Microsoft.Winget.Source_8wekyb3d8bbwe\zig-x86_64-windows-0.16.0\lib\std\testing.zig:83: 0x7ff6f08c79b7 in expectEqual (test_zcu.obj)
           return expectEqualInner(T, expected, actual);
       
       C:\Users\tvolo\AppData\Local\Microsoft\WinGet\Packages\zig.zig_Microsoft.Winget.Source_8wekyb3d8bbwe\zig-x86_64-windows-0.16.0\lib\std\testing.zig:83: 0x7ff6f08c79b7 in expectEqual (test_zcu.obj)
           return expectEqualInner(T, expected, actual);
       
       C:\Users\tvolo\AppData\Local\Microsoft\WinGet\Packages\zig.zig_Microsoft.Winget.Source_8wekyb3d8bbwe\zig-x86_64-windows-0.16.0\lib\std\testing.zig:83: 0x7ff6f08c79b7 in expectEqual (test_zcu.obj)
           return expectEqualInner(T, expected, actual);
       
       C:\Users\tvolo\AppData\Local\Microsoft\WinGet\Packages\zig.zig_Microsoft.Winget.Source_8wekyb3d8bbwe\zig-x86_64-windows-0.16.0\lib\std\testing.zig:83: 0x7ff6f08c79b7 in expectEqual (test_zcu.obj)
           return expectEqualInner(T, expected, actual);
       
       C:\Users\tvolo\AppData\Local\Microsoft\WinGet\Packages\zig.zig_Microsoft.Winget.Source_8wekyb3d8bbwe\zig-x86_64-windows-0.16.0\lib\std\testing.zig:83: 0x7ff6f08c79b7 in expectEqual (test_zcu.obj)
           return expectEqualInner(T, expected, actual);
       
       C:\Users\tvolo\AppData\Local\Microsoft\WinGet\Packages\zig.zig_Microsoft.Winget.Source_8wekyb3d8bbwe\zig-x86_64-windows-0.16.0\lib\std\testing.zig:83: 0x7ff6f08c79b7 in expectEqual (test_zcu.obj)
           return expectEqualInner(T, expected, actual);
       
       C:\Users\tvolo\AppData\Local\Microsoft\WinGet\Packages\zig.zig_Microsoft.Winget.Source_8wekyb3d8bbwe\zig-x86_64-windows-0.16.0\lib\std\testing.zig:83: 0x7ff6f08c79b7 in expectEqual (test_zcu.obj)
           return expectEqualInner(T, expected, actual);
       
       C:\Users\tvolo\AppData\Local\Microsoft\WinGet\Packages\zig.zig_Microsoft.Winget.Source_8wekyb3d8bbwe\zig-x86_64-windows-0.16.0\lib\std\testing.zig:83: 0x7ff6f08c79b7 in expectEqual (test_zcu.obj)
           return expectEqualInner(T, expected, actual);
       
       C:\Users\tvolo\AppData\Local\Microsoft\WinGet\Packages\zig.zig_Microsoft.Winget.Source_8wekyb3d8bbwe\zig-x86_64-windows-0.16.0\lib\std\testing.zig:83: 0x7ff6f08c79b7 in expectEqual (test_zcu.obj)
           return expectEqualInner(T, expected, actual);
       
       C:\Users\tvolo\AppData\Local\Microsoft\WinGet\Packages\zig.zig_Microsoft.Winget.Source_8wekyb3d8bbwe\zig-x86_64-windows-0.16.0\lib\std\testing.zig:83: 0x7ff6f08c79b7 in expectEqual (test_zcu.obj)
           return expectEqualInner(T, expected, actual);
       
       C:\Users\tvolo\AppData\Local\Microsoft\WinGet\Packages\zig.zig_Microsoft.Winget.Source_8wekyb3d8bbwe\zig-x86_64-windows-0.16.0\lib\std\testing.zig:83: 0x7ff6f08c79b7 in expectEqual (test_zcu.obj)
           return expectEqualInner(T, expected, actual);
       
       C:\Users\tvolo\AppData\Local\Microsoft\WinGet\Packages\zig.zig_Microsoft.Winget.Source_8wekyb3d8bbwe\zig-x86_64-windows-0.16.0\lib\std\testing.zig:83: 0x7ff6f08c79b7 in expectEqual (test_zcu.obj)
           return expectEqualInner(T, expected, actual);
       
       C:\Users\tvolo\AppData\Local\Microsoft\WinGet\Packages\zig.zig_Microsoft.Winget.Source_8wekyb3d8bbwe\zig-x86_64-windows-0.16.0\lib\std\testing.zig:83: 0x7ff6f08c79b7 in expectEqual (test_zcu.obj)
           return expectEqualInner(T, expected, actual);
       
       C:\Users\tvolo\AppData\Local\Microsoft\WinGet\Packages\zig.zig_Microsoft.Winget.Source_8wekyb3d8bbwe\zig-x86_64-windows-0.16.0\lib\std\testing.zig:83: 0x7ff6f08c79b7 in expectEqual (test_zcu.obj)
           return expectEqualInner(T, expected, actual);
       
       C:\Users\tvolo\AppData\Local\Microsoft\WinGet\Packages\zig.zig_Microsoft.Winget.Source_8wekyb3d8bbwe\zig-x86_64-windows-0.16.0\lib\std\testing.zig:83: 0x7ff6f08c79b7 in expectEqual (test_zcu.obj)
           return expectEqualInner(T, expected, actual);
       
       C:\Users\tvolo\AppData\Local\Microsoft\WinGet\Packages\zig.zig_Microsoft.Winget.Source_8wekyb3d8bbwe\zig-x86_64-windows-0.16.0\lib\std\testing.zig:83: 0x7ff6f08c79b7 in expectEqual (test_zcu.obj)
           return expectEqualInner(T, expected, actual);
       
       C:\Users\tvolo\AppData\Local\Microsoft\WinGet\Packages\zig.zig_Microsoft.Winget.Source_8wekyb3d8bbwe\zig-x86_64-windows-0.16.0\lib\std\testing.zig:83: 0x7ff6f08c79b7 in expectEqual (test_zcu.obj)
           return expectEqualInner(T, expected, actual);
       
       C:\Users\tvolo\AppData\Local\Microsoft\WinGet\Packages\zig.zig_Microsoft.Winget.Source_8wekyb3d8bbwe\zig-x86_64-windows-0.16.0\lib\std\testing.zig:83: 0x7ff6f08c79b7 in expectEqual (test_zcu.obj)
           return expectEqualInner(T, expected, actual);
       
       C:\Users\tvolo\AppData\Local\Microsoft\WinGet\Packages\zig.zig_Microsoft.Winget.Source_8wekyb3d8bbwe\zig-x86_64-windows-0.16.0\lib\std\testing.zig:83: 0x7ff6f08c79b7 in expectEqual (test_zcu.obj)
           return expectEqualInner(T, expected, actual);
       
       C:\Users\tvolo\AppData\Local\Microsoft\WinGet\Packages\zig.zig_Microsoft.Winget.Source_8wekyb3d8bbwe\zig-x86_64-windows-0.16.0\lib\std\testing.zig:83: 0x7ff6f08c79b7 in expectEqual (test_zcu.obj)
           return expectEqualInner(T, expected, actual);
       
       C:\Users\tvolo\AppData\Local\Microsoft\WinGet\Packages\zig.zig_Microsoft.Winget.Source_8wekyb3d8bbwe\zig-x86_64-windows-0.16.0\lib\std\testing.zig:83: 0x7ff6f08c79b7 in expectEqual (test_zcu.obj)
           return expectEqualInner(T, expected, actual);
       
       C:\Users\tvolo\AppData\Local\Microsoft\WinGet\Packages\zig.zig_Microsoft.Winget.Source_8wekyb3d8bbwe\zig-x86_64-windows-0.16.0\lib\std\testing.zig:83: 0x7ff6f08c79b7 in expectEqual (test_zcu.obj)
           return expectEqualInner(T, expected, actual);
       
       C:\Users\tvolo\AppData\Local\Microsoft\WinGet\Packages\zig.zig_Microsoft.Winget.Source_8wekyb3d8bbwe\zig-x86_64-windows-0.16.0\lib\std\testing.zig:83: 0x7ff6f08c79b7 in expectEqual (test_zcu.obj)
           return expectEqualInner(T, expected, actual);
       
       C:\Users\tvolo\AppData\Local\Microsoft\WinGet\Packages\zig.zig_Microsoft.Winget.Source_8wekyb3d8bbwe\zig-x86_64-windows-0.16.0\lib\std\testing.zig:83: 0x7ff6f08c79b7 in expectEqual (test_zcu.obj)
           return expectEqualInner(T, expected, actual);
       
       C:\Users\tvolo\AppData\Local\Microsoft\WinGet\Packages\zig.zig_Microsoft.Winget.Source_8wekyb3d8bbwe\zig-x86_64-windows-0.16.0\lib\std\testing.zig:83: 0x7ff6f08c79b7 in expectEqual (test_zcu.obj)
           return expectEqualInner(T, expected, actual);
       
       C:\Users\tvolo\AppData\Local\Microsoft\WinGet\Packages\zig.zig_Microsoft.Winget.Source_8wekyb3d8bbwe\zig-x86_64-windows-0.16.0\lib\std\testing.zig:83: 0x7ff6f08c79b7 in expectEqual (test_zcu.obj)
           return expectEqualInner(T, expected, actual);
       
       C:\Users\tvolo\AppData\Local\Microsoft\WinGet\Packages\zig.zig_Microsoft.Winget.Source_8wekyb3d8bbwe\zig-x86_64-windows-0.16.0\lib\std\testing.zig:83: 0x7ff6f08c79b7 in expectEqual (test_zcu.obj)
           return expectEqualInner(T, expected, actual);
       
       C:\Users\tvolo\AppData\Local\Microsoft\WinGet\Packages\zig.zig_Microsoft.Winget.Source_8wekyb3d8bbwe\zig-x86_64-windows-0.16.0\lib\std\testing.zig:83: 0x7ff6f08c79b7 in expectEqual (test_zcu.obj)
           return expectEqualInner(T, expected, actual);
       
       C:\Users\tvolo\AppData\Local\Microsoft\WinGet\Packages\zig.zig_Microsoft.Winget.Source_8wekyb3d8bbwe\zig-x86_64-windows-0.16.0\lib\std\testing.zig:83: 0x7ff6f08c79b7 in expectEqual (test_zcu.obj)
           return expectEqualInner(T, expected, actual);
       
       C:\Users\tvolo\AppData\Local\Microsoft\WinGet\Packages\zig.zig_Microsoft.Winget.Source_8wekyb3d8bbwe\zig-x86_64-windows-0.16.0\lib\std\testing.zig:83: 0x7ff6f08c79b7 in expectEqual (test_zcu.obj)
           return expectEqualInner(T, expected, actual);
       
       C:\Users\tvolo\AppData\Local\Microsoft\WinGet\Packages\zig.zig_Microsoft.Winget.Source_8wekyb3d8bbwe\zig-x86_64-windows-0.16.0\lib\std\testing.zig:83: 0x7ff6f08c79b7 in expectEqual (test_zcu.obj)
           return expectEqualInner(T, expected, actual);
       
       C:\Users\tvolo\AppData\Local\Microsoft\WinGet\Packages\zig.zig_Microsoft.Winget.Source_8wekyb3d8bbwe\zig-x86_64-windows-0.16.0\lib\std\testing.zig:83: 0x7ff6f08c79b7 in expectEqual (test_zcu.obj)
           return expectEqualInner(T, expected, actual);
       
       C:\Users\tvolo\AppData\Local\Microsoft\WinGet\Packages\zig.zig_Microsoft.Winget.Source_8wekyb3d8bbwe\zig-x86_64-windows-0.16.0\lib\std\testing.zig:83: 0x7ff6f08c79b7 in expectEqual (test_zcu.obj)
           return expectEqualInner(T, expected, actual);
       
       C:\Users\tvolo\AppData\Local\Microsoft\WinGet\Packages\zig.zig_Microsoft.Winget.Source_8wekyb3d8bbwe\zig-x86_64-windows-0.16.0\lib\std\testing.zig:83: 0x7ff6f08c79b7 in expectEqual (test_zcu.obj)
           return expectEqualInner(T, expected, actual);
       
       C:\Users\tvolo\AppData\Local\Microsoft\WinGet\Packages\zig.zig_Microsoft.Winget.Source_8wekyb3d8bbwe\zig-x86_64-windows-0.16.0\lib\std\testing.zig:83: 0x7ff6f08c79b7 in expectEqual (test_zcu.obj)
           return expectEqualInner(T, expected, actual);
       
       C:\Users\tvolo\AppData\Local\Microsoft\WinGet\Packages\zig.zig_Microsoft.Winget.Source_8wekyb3d8bbwe\zig-x86_64-windows-0.16.0\lib\std\testing.zig:83: 0x7ff6f08c79b7 in expectEqual (test_zcu.obj)
           return expectEqualInner(T, expected, actual);
       
       C:\Users\tvolo\AppData\Local\Microsoft\WinGet\Packages\zig.zig_Microsoft.Winget.Source_8wekyb3d8bbwe\zig-x86_64-windows-0.16.0\lib\std\testing.zig:83: 0x7ff6f08c79b7 in expectEqual (test_zcu.obj)
           return expectEqualInner(T, expected, actual);
       
       C:\Users\tvolo\AppData\Local\Microsoft\WinGet\Packages\zig.zig_Microsoft.Winget.Source_8wekyb3d8bbwe\zig-x86_64-windows-0.16.0\lib\std\testing.zig:83: 0x7ff6f08c79b7 in expectEqual (test_zcu.obj)
           return expectEqualInner(T, expected, actual);
       
       C:\Users\tvolo\AppData\Local\Microsoft\WinGet\Packages\zig.zig_Microsoft.Winget.Source_8wekyb3d8bbwe\zig-x86_64-windows-0.16.0\lib\std\testing.zig:83: 0x7ff6f08c79b7 in expectEqual (test_zcu.obj)
           return expectEqualInner(T, expected, actual);
       
       C:\Users\tvolo\AppData\Local\Microsoft\WinGet\Packages\zig.zig_Microsoft.Winget.Source_8wekyb3d8bbwe\zig-x86_64-windows-0.16.0\lib\std\testing.zig:83: 0x7ff6f08c79b7 in expectEqual (test_zcu.obj)
           return expectEqualInner(T, expected, actual);
       
       C:\Users\tvolo\AppData\Local\Microsoft\WinGet\Packages\zig.zig_Microsoft.Winget.Source_8wekyb3d8bbwe\zig-x86_64-windows-0.16.0\lib\std\testing.zig:83: 0x7ff6f08c79b7 in expectEqual (test_zcu.obj)
           return expectEqualInner(T, expected, actual);
       
       C:\Users\tvolo\AppData\Local\Microsoft\WinGet\Packages\zig.zig_Microsoft.Winget.Source_8wekyb3d8bbwe\zig-x86_64-windows-0.16.0\lib\std\testing.zig:83: 0x7ff6f08c79b7 in expectEqual (test_zcu.obj)
           return expectEqualInner(T, expected, actual);
       
       C:\Users\tvolo\AppData\Local\Microsoft\WinGet\Packages\zig.zig_Microsoft.Winget.Source_8wekyb3d8bbwe\zig-x86_64-windows-0.16.0\lib\std\testing.zig:83: 0x7ff6f08c79b7 in expectEqual (test_zcu.obj)
           return expectEqualInner(T, expected, actual);
       
       C:\Users\tvolo\AppData\Local\Microsoft\WinGet\Packages\zig.zig_Microsoft.Winget.Source_8wekyb3d8bbwe\zig-x86_64-windows-0.16.0\lib\std\testing.zig:83: 0x7ff6f08c79b7 in expectEqual (test_zcu.obj)
           return expectEqualInner(T, expected, actual);
       
       C:\Users\tvolo\AppData\Local\Microsoft\WinGet\Packages\zig.zig_Microsoft.Winget.Source_8wekyb3d8bbwe\zig-x86_64-windows-0.16.0\lib\std\testing.zig:83: 0x7ff6f08c79b7 in expectEqual (test_zcu.obj)
           return expectEqualInner(T, expected, actual);
       
       C:\Users\tvolo\AppData\Local\Microsoft\WinGet\Packages\zig.zig_Microsoft.Winget.Source_8wekyb3d8bbwe\zig-x86_64-windows-0.16.0\lib\std\testing.zig:83: 0x7ff6f08c79b7 in expectEqual (test_zcu.obj)
           return expectEqualInner(T, expected, actual);
       
       C:\Users\tvolo\AppData\Local\Microsoft\WinGet\Packages\zig.zig_Microsoft.Winget.Source_8wekyb3d8bbwe\zig-x86_64-windows-0.16.0\lib\std\testing.zig:83: 0x7ff6f08c79b7 in expectEqual (test_zcu.obj)
           return expectEqualInner(T, expected, actual);
       
       C:\Users\tvolo\AppData\Local\Microsoft\WinGet\Packages\zig.zig_Microsoft.Winget.Source_8wekyb3d8bbwe\zig-x86_64-windows-0.16.0\lib\std\testing.zig:83: 0x7ff6f08c79b7 in expectEqual (test_zcu.obj)
           return expectEqualInner(T, expected, actual);
       
       C:\Users\tvolo\AppData\Local\Microsoft\WinGet\Packages\zig.zig_Microsoft.Winget.Source_8wekyb3d8bbwe\zig-x86_64-windows-0.16.0\lib\std\testing.zig:83: 0x7ff6f08c79b7 in expectEqual (test_zcu.obj)
           return expectEqualInner(T, expected, actual);
       
       C:\Users\tvolo\AppData\Local\Microsoft\WinGet\Packages\zig.zig_Microsoft.Winget.Source_8wekyb3d8bbwe\zig-x86_64-windows-0.16.0\lib\std\testing.zig:83: 0x7ff6f08c79b7 in expectEqual (test_zcu.obj)
           return expectEqualInner(T, expected, actual);
       
       C:\Users\tvolo\AppData\Local\Microsoft\WinGet\Packages\zig.zig_Microsoft.Winget.Source_8wekyb3d8bbwe\zig-x86_64-windows-0.16.0\lib\std\testing.zig:83: 0x7ff6f08c79b7 in expectEqual (test_zcu.obj)
           return expectEqualInner(T, expected, actual);
       
       C:\Users\tvolo\AppData\Local\Microsoft\WinGet\Packages\zig.zig_Microsoft.Winget.Source_8wekyb3d8bbwe\zig-x86_64-windows-0.16.0\lib\std\testing.zig:83: 0x7ff6f08c79b7 in expectEqual (test_zcu.obj)
           return expectEqualInner(T, expected, actual);
       
       C:\Users\tvolo\AppData\Local\Microsoft\WinGet\Packages\zig.zig_Microsoft.Winget.Source_8wekyb3d8bbwe\zig-x86_64-windows-0.16.0\lib\std\testing.zig:83: 0x7ff6f08c79b7 in expectEqual (test_zcu.obj)
           return expectEqualInner(T, expected, actual);
       
       C:\Users\tvolo\AppData\Local\Microsoft\WinGet\Packages\zig.zig_Microsoft.Winget.Source_8wekyb3d8bbwe\zig-x86_64-windows-0.16.0\lib\std\testing.zig:83: 0x7ff6f08c79b7 in expectEqual (test_zcu.obj)
           return expectEqualInner(T, expected, actual);
       
       C:\Users\tvolo\AppData\Local\Microsoft\WinGet\Packages\zig.zig_Microsoft.Winget.Source_8wekyb3d8bbwe\zig-x86_64-windows-0.16.0\lib\std\testing.zig:83: 0x7ff6f08c79b7 in expectEqual (test_zcu.obj)
           return expectEqualInner(T, expected, actual);
       
       C:\Users\tvolo\AppData\Local\Microsoft\WinGet\Packages\zig.zig_Microsoft.Winget.Source_8wekyb3d8bbwe\zig-x86_64-windows-0.16.0\lib\std\testing.zig:83: 0x7ff6f08c79b7 in expectEqual (test_zcu.obj)
           return expectEqualInner(T, expected, actual);
       
       C:\Users\tvolo\AppData\Local\Microsoft\WinGet\Packages\zig.zig_Microsoft.Winget.Source_8wekyb3d8bbwe\zig-x86_64-windows-0.16.0\lib\std\testing.zig:83: 0x7ff6f08c79b7 in expectEqual (test_zcu.obj)
           return expectEqualInner(T, expected, actual);
       
       C:\Users\tvolo\AppData\Local\Microsoft\WinGet\Packages\zig.zig_Microsoft.Winget.Source_8wekyb3d8bbwe\zig-x86_64-windows-0.16.0\lib\std\testing.zig:83: 0x7ff6f08c79b7 in expectEqual (test_zcu.obj)
           return expectEqualInner(T, expected, actual);
       
       C:\Users\tvolo\AppData\Local\Microsoft\WinGet\Packages\zig.zig_Microsoft.Winget.Source_8wekyb3d8bbwe\zig-x86_64-windows-0.16.0\lib\std\testing.zig:83: 0x7ff6f08c79b7 in expectEqual (test_zcu.obj)
           return expectEqualInner(T, expected, actual);
       
       C:\Users\tvolo\AppData\Local\Microsoft\WinGet\Packages\zig.zig_Microsoft.Winget.Source_8wekyb3d8bbwe\zig-x86_64-windows-0.16.0\lib\std\testing.zig:83: 0x7ff6f08c79b7 in expectEqual (test_zcu.obj)
           return expectEqualInner(T, expected, actual);
       
       C:\Users\tvolo\AppData\Local\Microsoft\WinGet\Packages\zig.zig_Microsoft.Winget.Source_8wekyb3d8bbwe\zig-x86_64-windows-0.16.0\lib\std\testing.zig:83: 0x7ff6f08c79b7 in expectEqual (test_zcu.obj)
           return expectEqualInner(T, expected, actual);
       
       C:\Users\tvolo\AppData\Local\Microsoft\WinGet\Packages\zig.zig_Microsoft.Winget.Source_8wekyb3d8bbwe\zig-x86_64-windows-0.16.0\lib\std\testing.zig:83: 0x7ff6f08c79b7 in expectEqual (test_zcu.obj)
           return expectEqualInner(T, expected, actual);
       
       C:\Users\tvolo\AppData\Local\Microsoft\WinGet\Packages\zig.zig_Microsoft.Winget.Source_8wekyb3d8bbwe\zig-x86_64-windows-0.16.0\lib\std\testing.zig:83: 0x7ff6f08c79b7 in expectEqual (test_zcu.obj)
           return expectEqualInner(T, expected, actual);
       
       C:\Users\tvolo\AppData\Local\Microsoft\WinGet\Packages\zig.zig_Microsoft.Winget.Source_8wekyb3d8bbwe\zig-x86_64-windows-0.16.0\lib\std\testing.zig:83: 0x7ff6f08c79b7 in expectEqual (test_zcu.obj)
           return expectEqualInner(T, expected, actual);
       
       C:\Users\tvolo\AppData\Local\Microsoft\WinGet\Packages\zig.zig_Microsoft.Winget.Source_8wekyb3d8bbwe\zig-x86_64-windows-0.16.0\lib\std\testing.zig:83: 0x7ff6f08c79b7 in expectEqual (test_zcu.obj)
           return expectEqualInner(T, expected, actual);
       
       C:\Users\tvolo\AppData\Local\Microsoft\WinGet\Packages\zig.zig_Microsoft.Winget.Source_8wekyb3d8bbwe\zig-x86_64-windows-0.16.0\lib\std\testing.zig:83: 0x7ff6f08c79b7 in expectEqual (test_zcu.obj)
           return expectEqualInner(T, expected, actual);
       
       C:\Users\tvolo\AppData\Local\Microsoft\WinGet\Packages\zig.zig_Microsoft.Winget.Source_8wekyb3d8bbwe\zig-x86_64-windows-0.16.0\lib\std\testing.zig:83: 0x7ff6f08c79b7 in expectEqual (test_zcu.obj)
           return expectEqualInner(T, expected, actual);
       
       C:\Users\tvolo\AppData\Local\Microsoft\WinGet\Packages\zig.zig_Microsoft.Winget.Source_8wekyb3d8bbwe\zig-x86_64-windows-0.16.0\lib\std\testing.zig:83: 0x7ff6f08c79b7 in expectEqual (test_zcu.obj)
           return expectEqualInner(T, expected, actual);
       
       C:\Users\tvolo\AppData\Local\Microsoft\WinGet\Packages\zig.zig_Microsoft.Winget.Source_8wekyb3d8bbwe\zig-x86_64-windows-0.16.0\lib\std\testing.zig:83: 0x7ff6f08c79b7 in expectEqual (test_zcu.obj)
           return expectEqualInner(T, expected, actual);
       
       C:\Users\tvolo\AppData\Local\Microsoft\WinGet\Packages\zig.zig_Microsoft.Winget.Source_8wekyb3d8bbwe\zig-x86_64-windows-0.16.0\lib\std\testing.zig:83: 0x7ff6f08c79b7 in expectEqual (test_zcu.obj)
           return expectEqualInner(T, expected, actual);
       
       C:\Users\tvolo\AppData\Local\Microsoft\WinGet\Packages\zig.zig_Microsoft.Winget.Source_8wekyb3d8bbwe\zig-x86_64-windows-0.16.0\lib\std\testing.zig:83: 0x7ff6f08c79b7 in expectEqual (test_zcu.obj)
           return expectEqualInner(T, expected, actual);
       
       C:\Users\tvolo\AppData\Local\Microsoft\WinGet\Packages\zig.zig_Microsoft.Winget.Source_8wekyb3d8bbwe\zig-x86_64-windows-0.16.0\lib\std\testing.zig:83: 0x7ff6f08c79b7 in expectEqual (test_zcu.obj)
           return expectEqualInner(T, expected, actual);
       
       C:\Users\tvolo\AppData\Local\Microsoft\WinGet\Packages\zig.zig_Microsoft.Winget.Source_8wekyb3d8bbwe\zig-x86_64-windows-0.16.0\lib\std\testing.zig:83: 0x7ff6f08c79b7 in expectEqual (test_zcu.obj)
           return expectEqualInner(T, expected, actual);
       
       C:\Users\tvolo\AppData\Local\Microsoft\WinGet\Packages\zig.zig_Microsoft.Winget.Source_8wekyb3d8bbwe\zig-x86_64-windows-0.16.0\lib\std\testing.zig:83: 0x7ff6f08c79b7 in expectEqual (test_zcu.obj)
           return expectEqualInner(T, expected, actual);
       
       C:\Users\tvolo\AppData\Local\Microsoft\WinGet\Packages\zig.zig_Microsoft.Winget.Source_8wekyb3d8bbwe\zig-x86_64-windows-0.16.0\lib\std\testing.zig:83: 0x7ff6f08c79b7 in expectEqual (test_zcu.obj)
           return expectEqualInner(T, expected, actual);
       
       C:\Users\tvolo\AppData\Local\Microsoft\WinGet\Packages\zig.zig_Microsoft.Winget.Source_8wekyb3d8bbwe\zig-x86_64-windows-0.16.0\lib\std\testing.zig:83: 0x7ff6f08c79b7 in expectEqual (test_zcu.obj)
           return expectEqualInner(T, expected, actual);
       
       C:\Users\tvolo\AppData\Local\Microsoft\WinGet\Packages\zig.zig_Microsoft.Winget.Source_8wekyb3d8bbwe\zig-x86_64-windows-0.16.0\lib\std\testing.zig:83: 0x7ff6f08c79b7 in expectEqual (test_zcu.obj)
           return expectEqualInner(T, expected, actual);
       
       C:\Users\tvolo\AppData\Local\Microsoft\WinGet\Packages\zig.zig_Microsoft.Winget.Source_8wekyb3d8bbwe\zig-x86_64-windows-0.16.0\lib\std\testing.zig:83: 0x7ff6f08c79b7 in expectEqual (test_zcu.obj)
           return expectEqualInner(T, expected, actual);
       
       C:\Users\tvolo\AppData\Local\Microsoft\WinGet\Packages\zig.zig_Microsoft.Winget.Source_8wekyb3d8bbwe\zig-x86_64-windows-0.16.0\lib\std\testing.zig:83: 0x7ff6f08c79b7 in expectEqual (test_zcu.obj)
           return expectEqualInner(T, expected, actual);
       
       C:\Users\tvolo\AppData\Local\Microsoft\WinGet\Packages\zig.zig_Microsoft.Winget.Source_8wekyb3d8bbwe\zig-x86_64-windows-0.16.0\lib\std\testing.zig:83: 0x7ff6f08c79b7 in expectEqual (test_zcu.obj)
           return expectEqualInner(T, expected, actual);
       
       C:\Users\tvolo\AppData\Local\Microsoft\WinGet\Packages\zig.zig_Microsoft.Winget.Source_8wekyb3d8bbwe\zig-x86_64-windows-0.16.0\lib\std\testing.zig:83: 0x7ff6f08c79b7 in expectEqual (test_zcu.obj)
           return expectEqualInner(T, expected, actual);
       
       C:\Users\tvolo\AppData\Local\Microsoft\WinGet\Packages\zig.zig_Microsoft.Winget.Source_8wekyb3d8bbwe\zig-x86_64-windows-0.16.0\lib\std\testing.zig:83: 0x7ff6f08c79b7 in expectEqual (test_zcu.obj)
           return expectEqualInner(T, expected, actual);
       
       C:\Users\tvolo\AppData\Local\Microsoft\WinGet\Packages\zig.zig_Microsoft.Winget.Source_8wekyb3d8bbwe\zig-x86_64-windows-0.16.0\lib\std\testing.zig:83: 0x7ff6f08c79b7 in expectEqual (test_zcu.obj)
           return expectEqualInner(T, expected, actual);
       
       C:\Users\tvolo\AppData\Local\Microsoft\WinGet\Packages\zig.zig_Microsoft.Winget.Source_8wekyb3d8bbwe\zig-x86_64-windows-0.16.0\lib\std\testing.zig:83: 0x7ff6f08c79b7 in expectEqual (test_zcu.obj)
           return expectEqualInner(T, expected, actual);
       
       C:\Users\tvolo\AppData\Local\Microsoft\WinGet\Packages\zig.zig_Microsoft.Winget.Source_8wekyb3d8bbwe\zig-x86_64-windows-0.16.0\lib\std\testing.zig:83: 0x7ff6f08c79b7 in expectEqual (test_zcu.obj)
           return expectEqualInner(T, expected, actual);
       
       C:\Users\tvolo\AppData\Local\Microsoft\WinGet\Packages\zig.zig_Microsoft.Winget.Source_8wekyb3d8bbwe\zig-x86_64-windows-0.16.0\lib\std\testing.zig:83: 0x7ff6f08c79b7 in expectEqual (test_zcu.obj)
           return expectEqualInner(T, expected, actual);
       
       C:\Users\tvolo\AppData\Local\Microsoft\WinGet\Packages\zig.zig_Microsoft.Winget.Source_8wekyb3d8bbwe\zig-x86_64-windows-0.16.0\lib\std\testing.zig:83: 0x7ff6f08c79b7 in expectEqual (test_zcu.obj)
           return expectEqualInner(T, expected, actual);
       
       C:\Users\tvolo\AppData\Local\Microsoft\WinGet\Packages\zig.zig_Microsoft.Winget.Source_8wekyb3d8bbwe\zig-x86_64-windows-0.16.0\lib\std\testing.zig:83: 0x7ff6f08c79b7 in expectEqual (test_zcu.obj)
           return expectEqualInner(T, expected, actual);
       
       C:\Users\tvolo\AppData\Local\Microsoft\WinGet\Packages\zig.zig_Microsoft.Winget.Source_8wekyb3d8bbwe\zig-x86_64-windows-0.16.0\lib\std\testing.zig:83: 0x7ff6f08c79b7 in expectEqual (test_zcu.obj)
           return expectEqualInner(T, expected, actual);
       
       C:\Users\tvolo\AppData\Local\Microsoft\WinGet\Packages\zig.zig_Microsoft.Winget.Source_8wekyb3d8bbwe\zig-x86_64-windows-0.16.0\lib\std\testing.zig:83: 0x7ff6f08c79b7 in expectEqual (test_zcu.obj)
           return expectEqualInner(T, expected, actual);
       
       C:\Users\tvolo\AppData\Local\Microsoft\WinGet\Packages\zig.zig_Microsoft.Winget.Source_8wekyb3d8bbwe\zig-x86_64-windows-0.16.0\lib\std\testing.zig:83: 0x7ff6f08c79b7 in expectEqual (test_zcu.obj)
           return expectEqualInner(T, expected, actual);
       
       C:\Users\tvolo\AppData\Local\Microsoft\WinGet\Packages\zig.zig_Microsoft.Winget.Source_8wekyb3d8bbwe\zig-x86_64-windows-0.16.0\lib\std\testing.zig:83: 0x7ff6f08c79b7 in expectEqual (test_zcu.obj)
           return expectEqualInner(T, expected, actual);
       
       C:\Users\tvolo\AppData\Local\Microsoft\WinGet\Packages\zig.zig_Microsoft.Winget.Source_8wekyb3d8bbwe\zig-x86_64-windows-0.16.0\lib\std\testing.zig:83: 0x7ff6f08c79b7 in expectEqual (test_zcu.obj)
           return expectEqualInner(T, expected, actual);
       
       C:\Users\tvolo\AppData\Local\Microsoft\WinGet\Packages\zig.zig_Microsoft.Winget.Source_8wekyb3d8bbwe\zig-x86_64-windows-0.16.0\lib\std\testing.zig:83: 0x7ff6f08c79b7 in expectEqual (test_zcu.obj)
           return expectEqualInner(T, expected, actual);
       
       C:\Users\tvolo\AppData\Local\Microsoft\WinGet\Packages\zig.zig_Microsoft.Winget.Source_8wekyb3d8bbwe\zig-x86_64-windows-0.16.0\lib\std\testing.zig:83: 0x7ff6f08c79b7 in expectEqual (test_zcu.obj)
           return expectEqualInner(T, expected, actual);
       
       C:\Users\tvolo\AppData\Local\Microsoft\WinGet\Packages\zig.zig_Microsoft.Winget.Source_8wekyb3d8bbwe\zig-x86_64-windows-0.16.0\lib\std\testing.zig:83: 0x7ff6f08c79b7 in expectEqual (test_zcu.obj)
           return expectEqualInner(T, expected, actual);
       
       C:\Users\tvolo\AppData\Local\Microsoft\WinGet\Packages\zig.zig_Microsoft.Winget.Source_8wekyb3d8bbwe\zig-x86_64-windows-0.16.0\lib\std\testing.zig:83: 0x7ff6f08c79b7 in expectEqual (test_zcu.obj)
           return expectEqualInner(T, expected, actual);
       
       C:\Users\tvolo\AppData\Local\Microsoft\WinGet\Packages\zig.zig_Microsoft.Winget.Source_8wekyb3d8bbwe\zig-x86_64-windows-0.16.0\lib\std\testing.zig:83: 0x7ff6f08c79b7 in expectEqual (test_zcu.obj)
           return expectEqualInner(T, expected, actual);
       
       C:\Users\tvolo\AppData\Local\Microsoft\WinGet\Packages\zig.zig_Microsoft.Winget.Source_8wekyb3d8bbwe\zig-x86_64-windows-0.16.0\lib\std\testing.zig:83: 0x7ff6f08c79b7 in expectEqual (test_zcu.obj)
           return expectEqualInner(T, expected, actual);
       
       C:\Users\tvolo\AppData\Local\Microsoft\WinGet\Packages\zig.zig_Microsoft.Winget.Source_8wekyb3d8bbwe\zig-x86_64-windows-0.16.0\lib\std\testing.zig:83: 0x7ff6f08c79b7 in expectEqual (test_zcu.obj)
           return expectEqualInner(T, expected, actual);
       
       C:\Users\tvolo\AppData\Local\Microsoft\WinGet\Packages\zig.zig_Microsoft.Winget.Source_8wekyb3d8bbwe\zig-x86_64-windows-0.16.0\lib\std\testing.zig:83: 0x7ff6f08c79b7 in expectEqual (test_zcu.obj)
           return expectEqualInner(T, expected, actual);
       
       C:\Users\tvolo\AppData\Local\Microsoft\WinGet\Packages\zig.zig_Microsoft.Winget.Source_8wekyb3d8bbwe\zig-x86_64-windows-0.16.0\lib\std\testing.zig:83: 0x7ff6f08c79b7 in expectEqual (test_zcu.obj)
           return expectEqualInner(T, expected, actual);
       
       C:\Users\tvolo\AppData\Local\Microsoft\WinGet\Packages\zig.zig_Microsoft.Winget.Source_8wekyb3d8bbwe\zig-x86_64-windows-0.16.0\lib\std\testing.zig:83: 0x7ff6f08c79b7 in expectEqual (test_zcu.obj)
           return expectEqualInner(T, expected, actual);
       
       C:\Users\tvolo\AppData\Local\Microsoft\WinGet\Packages\zig.zig_Microsoft.Winget.Source_8wekyb3d8bbwe\zig-x86_64-windows-0.16.0\lib\std\testing.zig:83: 0x7ff6f08c79b7 in expectEqual (test_zcu.obj)
           return expectEqualInner(T, expected, actual);
       
       C:\Users\tvolo\AppData\Local\Microsoft\WinGet\Packages\zig.zig_Microsoft.Winget.Source_8wekyb3d8bbwe\zig-x86_64-windows-0.16.0\lib\std\testing.zig:83: 0x7ff6f08c79b7 in expectEqual (test_zcu.obj)
           return expectEqualInner(T, expected, actual);
       
       C:\Users\tvolo\AppData\Local\Microsoft\WinGet\Packages\zig.zig_Microsoft.Winget.Source_8wekyb3d8bbwe\zig-x86_64-windows-0.16.0\lib\std\testing.zig:83: 0x7ff6f08c79b7 in expectEqual (test_zcu.obj)
           return expectEqualInner(T, expected, actual);
       
       C:\Users\tvolo\AppData\Local\Microsoft\WinGet\Packages\zig.zig_Microsoft.Winget.Source_8wekyb3d8bbwe\zig-x86_64-windows-0.16.0\lib\std\testing.zig:83: 0x7ff6f08c79b7 in expectEqual (test_zcu.obj)
           return expectEqualInner(T, expected, actual);
       
       C:\Users\tvolo\AppData\Local\Microsoft\WinGet\Packages\zig.zig_Microsoft.Winget.Source_8wekyb3d8bbwe\zig-x86_64-windows-0.16.0\lib\std\testing.zig:83: 0x7ff6f08c79b7 in expectEqual (test_zcu.obj)
           return expectEqualInner(T, expected, actual);
       
       C:\Users\tvolo\AppData\Local\Microsoft\WinGet\Packages\zig.zig_Microsoft.Winget.Source_8wekyb3d8bbwe\zig-x86_64-windows-0.16.0\lib\std\testing.zig:83: 0x7ff6f08c79b7 in expectEqual (test_zcu.obj)
           return expectEqualInner(T, expected, actual);
       
       C:\Users\tvolo\AppData\Local\Microsoft\WinGet\Packages\zig.zig_Microsoft.Winget.Source_8wekyb3d8bbwe\zig-x86_64-windows-0.16.0\lib\std\testing.zig:83: 0x7ff6f08c79b7 in expectEqual (test_zcu.obj)
           return expectEqualInner(T, expected, actual);
       
       C:\Users\tvolo\AppData\Local\Microsoft\WinGet\Packages\zig.zig_Microsoft.Winget.Source_8wekyb3d8bbwe\zig-x86_64-windows-0.16.0\lib\std\testing.zig:83: 0x7ff6f08c79b7 in expectEqual (test_zcu.obj)
           return expectEqualInner(T, expected, actual);
       
       C:\Users\tvolo\AppData\Local\Microsoft\WinGet\Packages\zig.zig_Microsoft.Winget.Source_8wekyb3d8bbwe\zig-x86_64-windows-0.16.0\lib\std\testing.zig:83: 0x7ff6f08c79b7 in expectEqual (test_zcu.obj)
           return expectEqualInner(T, expected, actual);
       
       C:\Users\tvolo\AppData\Local\Microsoft\WinGet\Packages\zig.zig_Microsoft.Winget.Source_8wekyb3d8bbwe\zig-x86_64-windows-0.16.0\lib\std\testing.zig:83: 0x7ff6f08c79b7 in expectEqual (test_zcu.obj)
           return expectEqualInner(T, expected, actual);
       
       C:\Users\tvolo\AppData\Local\Microsoft\WinGet\Packages\zig.zig_Microsoft.Winget.Source_8wekyb3d8bbwe\zig-x86_64-windows-0.16.0\lib\std\testing.zig:83: 0x7ff6f08c79b7 in expectEqual (test_zcu.obj)
           return expectEqualInner(T, expected, actual);
       
       C:\Users\tvolo\AppData\Local\Microsoft\WinGet\Packages\zig.zig_Microsoft.Winget.Source_8wekyb3d8bbwe\zig-x86_64-windows-0.16.0\lib\std\testing.zig:83: 0x7ff6f08c79b7 in expectEqual (test_zcu.obj)
           return expectEqualInner(T, expected, actual);
       
       C:\Users\tvolo\AppData\Local\Microsoft\WinGet\Packages\zig.zig_Microsoft.Winget.Source_8wekyb3d8bbwe\zig-x86_64-windows-0.16.0\lib\std\testing.zig:83: 0x7ff6f08c79b7 in expectEqual (test_zcu.obj)
           return expectEqualInner(T, expected, actual);
       
       C:\Users\tvolo\AppData\Local\Microsoft\WinGet\Packages\zig.zig_Microsoft.Winget.Source_8wekyb3d8bbwe\zig-x86_64-windows-0.16.0\lib\std\testing.zig:83: 0x7ff6f08c79b7 in expectEqual (test_zcu.obj)
           return expectEqualInner(T, expected, actual);
       
       C:\Users\tvolo\AppData\Local\Microsoft\WinGet\Packages\zig.zig_Microsoft.Winget.Source_8wekyb3d8bbwe\zig-x86_64-windows-0.16.0\lib\std\testing.zig:83: 0x7ff6f08c79b7 in expectEqual (test_zcu.obj)
           return expectEqualInner(T, expected, actual);
       
       C:\Users\tvolo\AppData\Local\Microsoft\WinGet\Packages\zig.zig_Microsoft.Winget.Source_8wekyb3d8bbwe\zig-x86_64-windows-0.16.0\lib\std\testing.zig:83: 0x7ff6f08c79b7 in expectEqual (test_zcu.obj)
           return expectEqualInner(T, expected, actual);
       
       C:\Users\tvolo\AppData\Local\Microsoft\WinGet\Packages\zig.zig_Microsoft.Winget.Source_8wekyb3d8bbwe\zig-x86_64-windows-0.16.0\lib\std\testing.zig:83: 0x7ff6f08c79b7 in expectEqual (test_zcu.obj)
           return expectEqualInner(T, expected, actual);
       
       C:\Users\tvolo\AppData\Local\Microsoft\WinGet\Packages\zig.zig_Microsoft.Winget.Source_8wekyb3d8bbwe\zig-x86_64-windows-0.16.0\lib\std\testing.zig:83: 0x7ff6f08c79b7 in expectEqual (test_zcu.obj)
           return expectEqualInner(T, expected, actual);
       
       C:\Users\tvolo\AppData\Local\Microsoft\WinGet\Packages\zig.zig_Microsoft.Winget.Source_8wekyb3d8bbwe\zig-x86_64-windows-0.16.0\lib\std\testing.zig:83: 0x7ff6f08c79b7 in expectEqual (test_zcu.obj)
           return expectEqualInner(T, expected, actual);
       
       C:\Users\tvolo\AppData\Local\Microsoft\WinGet\Packages\zig.zig_Microsoft.Winget.Source_8wekyb3d8bbwe\zig-x86_64-windows-0.16.0\lib\std\testing.zig:83: 0x7ff6f08c79b7 in expectEqual (test_zcu.obj)
           return expectEqualInner(T, expected, actual);
       
       C:\Users\tvolo\AppData\Local\Microsoft\WinGet\Packages\zig.zig_Microsoft.Winget.Source_8wekyb3d8bbwe\zig-x86_64-windows-0.16.0\lib\std\testing.zig:83: 0x7ff6f08c79b7 in expectEqual (test_zcu.obj)
           return expectEqualInner(T, expected, actual);
       
       C:\Users\tvolo\AppData\Local\Microsoft\WinGet\Packages\zig.zig_Microsoft.Winget.Source_8wekyb3d8bbwe\zig-x86_64-windows-0.16.0\lib\std\testing.zig:83: 0x7ff6f08c79b7 in expectEqual (test_zcu.obj)
           return expectEqualInner(T, expected, actual);
       
       C:\Users\tvolo\AppData\Local\Microsoft\WinGet\Packages\zig.zig_Microsoft.Winget.Source_8wekyb3d8bbwe\zig-x86_64-windows-0.16.0\lib\std\testing.zig:83: 0x7ff6f08c79b7 in expectEqual (test_zcu.obj)
           return expectEqualInner(T, expected, actual);
       
       C:\Users\tvolo\AppData\Local\Microsoft\WinGet\Packages\zig.zig_Microsoft.Winget.Source_8wekyb3d8bbwe\zig-x86_64-windows-0.16.0\lib\std\testing.zig:83: 0x7ff6f08c79b7 in expectEqual (test_zcu.obj)
           return expectEqualInner(T, expected, actual);
       
       C:\Users\tvolo\AppData\Local\Microsoft\WinGet\Packages\zig.zig_Microsoft.Winget.Source_8wekyb3d8bbwe\zig-x86_64-windows-0.16.0\lib\std\testing.zig:83: 0x7ff6f08c79b7 in expectEqual (test_zcu.obj)
           return expectEqualInner(T, expected, actual);
       
       C:\Users\tvolo\AppData\Local\Microsoft\WinGet\Packages\zig.zig_Microsoft.Winget.Source_8wekyb3d8bbwe\zig-x86_64-windows-0.16.0\lib\std\testing.zig:83: 0x7ff6f08c79b7 in expectEqual (test_zcu.obj)
           return expectEqualInner(T, expected, actual);
       
       C:\Users\tvolo\AppData\Local\Microsoft\WinGet\Packages\zig.zig_Microsoft.Winget.Source_8wekyb3d8bbwe\zig-x86_64-windows-0.16.0\lib\std\testing.zig:83: 0x7ff6f08c79b7 in expectEqual (test_zcu.obj)
           return expectEqualInner(T, expected, actual);
       
       C:\Users\tvolo\AppData\Local\Microsoft\WinGet\Packages\zig.zig_Microsoft.Winget.Source_8wekyb3d8bbwe\zig-x86_64-windows-0.16.0\lib\std\testing.zig:83: 0x7ff6f08c79b7 in expectEqual (test_zcu.obj)
           return expectEqualInner(T, expected, actual);
       
       C:\Users\tvolo\AppData\Local\Microsoft\WinGet\Packages\zig.zig_Microsoft.Winget.Source_8wekyb3d8bbwe\zig-x86_64-windows-0.16.0\lib\std\testing.zig:83: 0x7ff6f08c79b7 in expectEqual (test_zcu.obj)
           return expectEqualInner(T, expected, actual);
       
       C:\Users\tvolo\AppData\Local\Microsoft\WinGet\Packages\zig.zig_Microsoft.Winget.Source_8wekyb3d8bbwe\zig-x86_64-windows-0.16.0\lib\std\testing.zig:83: 0x7ff6f08c79b7 in expectEqual (test_zcu.obj)
           return expectEqualInner(T, expected, actual);
       
       C:\Users\tvolo\AppData\Local\Microsoft\WinGet\Packages\zig.zig_Microsoft.Winget.Source_8wekyb3d8bbwe\zig-x86_64-windows-0.16.0\lib\std\testing.zig:83: 0x7ff6f08c79b7 in expectEqual (test_zcu.obj)
           return expectEqualInner(T, expected, actual);
       
       C:\Users\tvolo\AppData\Local\Microsoft\WinGet\Packages\zig.zig_Microsoft.Winget.Source_8wekyb3d8bbwe\zig-x86_64-windows-0.16.0\lib\std\testing.zig:83: 0x7ff6f08c79b7 in expectEqual (test_zcu.obj)
           return expectEqualInner(T, expected, actual);
       
       C:\Users\tvolo\AppData\Local\Microsoft\WinGet\Packages\zig.zig_Microsoft.Winget.Source_8wekyb3d8bbwe\zig-x86_64-windows-0.16.0\lib\std\testing.zig:83: 0x7ff6f08c79b7 in expectEqual (test_zcu.obj)
           return expectEqualInner(T, expected, actual);
       
       C:\Users\tvolo\AppData\Local\Microsoft\WinGet\Packages\zig.zig_Microsoft.Winget.Source_8wekyb3d8bbwe\zig-x86_64-windows-0.16.0\lib\std\testing.zig:83: 0x7ff6f08c79b7 in expectEqual (test_zcu.obj)
           return expectEqualInner(T, expected, actual);
       
       C:\Users\tvolo\AppData\Local\Microsoft\WinGet\Packages\zig.zig_Microsoft.Winget.Source_8wekyb3d8bbwe\zig-x86_64-windows-0.16.0\lib\std\testing.zig:83: 0x7ff6f08c79b7 in expectEqual (test_zcu.obj)
           return expectEqualInner(T, expected, actual);
       
       C:\Users\tvolo\AppData\Local\Microsoft\WinGet\Packages\zig.zig_Microsoft.Winget.Source_8wekyb3d8bbwe\zig-x86_64-windows-0.16.0\lib\std\testing.zig:83: 0x7ff6f08c79b7 in expectEqual (test_zcu.obj)
           return expectEqualInner(T, expected, actual);
       
       C:\Users\tvolo\AppData\Local\Microsoft\WinGet\Packages\zig.zig_Microsoft.Winget.Source_8wekyb3d8bbwe\zig-x86_64-windows-0.16.0\lib\std\testing.zig:83: 0x7ff6f08c79b7 in expectEqual (test_zcu.obj)
           return expectEqualInner(T, expected, actual);
       
       C:\Users\tvolo\AppData\Local\Microsoft\WinGet\Packages\zig.zig_Microsoft.Winget.Source_8wekyb3d8bbwe\zig-x86_64-windows-0.16.0\lib\std\testing.zig:83: 0x7ff6f08c79b7 in expectEqual (test_zcu.obj)
           return expectEqualInner(T, expected, actual);
       
       C:\Users\tvolo\AppData\Local\Microsoft\WinGet\Packages\zig.zig_Microsoft.Winget.Source_8wekyb3d8bbwe\zig-x86_64-windows-0.16.0\lib\std\testing.zig:83: 0x7ff6f08c79b7 in expectEqual (test_zcu.obj)
           return expectEqualInner(T, expected, actual);
       
       C:\Users\tvolo\AppData\Local\Microsoft\WinGet\Packages\zig.zig_Microsoft.Winget.Source_8wekyb3d8bbwe\zig-x86_64-windows-0.16.0\lib\std\testing.zig:83: 0x7ff6f08c79b7 in expectEqual (test_zcu.obj)
           return expectEqualInner(T, expected, actual);
       
       C:\Users\tvolo\AppData\Local\Microsoft\WinGet\Packages\zig.zig_Microsoft.Winget.Source_8wekyb3d8bbwe\zig-x86_64-windows-0.16.0\lib\std\testing.zig:83: 0x7ff6f08c79b7 in expectEqual (test_zcu.obj)
           return expectEqualInner(T, expected, actual);
       
       C:\Users\tvolo\AppData\Local\Microsoft\WinGet\Packages\zig.zig_Microsoft.Winget.Source_8wekyb3d8bbwe\zig-x86_64-windows-0.16.0\lib\std\testing.zig:83: 0x7ff6f08c79b7 in expectEqual (test_zcu.obj)
           return expectEqualInner(T, expected, actual);
       
       C:\Users\tvolo\AppData\Local\Microsoft\WinGet\Packages\zig.zig_Microsoft.Winget.Source_8wekyb3d8bbwe\zig-x86_64-windows-0.16.0\lib\std\testing.zig:83: 0x7ff6f08c79b7 in expectEqual (test_zcu.obj)
           return expectEqualInner(T, expected, actual);
       
       C:\Users\tvolo\AppData\Local\Microsoft\WinGet\Packages\zig.zig_Microsoft.Winget.Source_8wekyb3d8bbwe\zig-x86_64-windows-0.16.0\lib\std\testing.zig:83: 0x7ff6f08c79b7 in expectEqual (test_zcu.obj)
           return expectEqualInner(T, expected, actual);
       
       C:\Users\tvolo\AppData\Local\Microsoft\WinGet\Packages\zig.zig_Microsoft.Winget.Source_8wekyb3d8bbwe\zig-x86_64-windows-0.16.0\lib\std\testing.zig:83: 0x7ff6f08c79b7 in expectEqual (test_zcu.obj)
           return expectEqualInner(T, expected, actual);
       
       C:\Users\tvolo\AppData\Local\Microsoft\WinGet\Packages\zig.zig_Microsoft.Winget.Source_8wekyb3d8bbwe\zig-x86_64-windows-0.16.0\lib\std\testing.zig:83: 0x7ff6f08c79b7 in expectEqual (test_zcu.obj)
           return expectEqualInner(T, expected, actual);
       
       C:\Users\tvolo\AppData\Local\Microsoft\WinGet\Packages\zig.zig_Microsoft.Winget.Source_8wekyb3d8bbwe\zig-x86_64-windows-0.16.0\lib\std\testing.zig:83: 0x7ff6f08c79b7 in expectEqual (test_zcu.obj)
           return expectEqualInner(T, expected, actual);
       
       C:\Users\tvolo\AppData\Local\Microsoft\WinGet\Packages\zig.zig_Microsoft.Winget.Source_8wekyb3d8bbwe\zig-x86_64-windows-0.16.0\lib\std\testing.zig:83: 0x7ff6f08c79b7 in expectEqual (test_zcu.obj)
           return expectEqualInner(T, expected, actual);
       
       C:\Users\tvolo\AppData\Local\Microsoft\WinGet\Packages\zig.zig_Microsoft.Winget.Source_8wekyb3d8bbwe\zig-x86_64-windows-0.16.0\lib\std\testing.zig:83: 0x7ff6f08c79b7 in expectEqual (test_zcu.obj)
           return expectEqualInner(T, expected, actual);
       
       C:\Users\tvolo\AppData\Local\Microsoft\WinGet\Packages\zig.zig_Microsoft.Winget.Source_8wekyb3d8bbwe\zig-x86_64-windows-0.16.0\lib\std\testing.zig:83: 0x7ff6f08c79b7 in expectEqual (test_zcu.obj)
           return expectEqualInner(T, expected, actual);
       
       C:\Users\tvolo\AppData\Local\Microsoft\WinGet\Packages\zig.zig_Microsoft.Winget.Source_8wekyb3d8bbwe\zig-x86_64-windows-0.16.0\lib\std\testing.zig:83: 0x7ff6f08c79b7 in expectEqual (test_zcu.obj)
           return expectEqualInner(T, expected, actual);
       
       C:\Users\tvolo\AppData\Local\Microsoft\WinGet\Packages\zig.zig_Microsoft.Winget.Source_8wekyb3d8bbwe\zig-x86_64-windows-0.16.0\lib\std\testing.zig:83: 0x7ff6f08c79b7 in expectEqual (test_zcu.obj)
           return expectEqualInner(T, expected, actual);
       
       C:\Users\tvolo\AppData\Local\Microsoft\WinGet\Packages\zig.zig_Microsoft.Winget.Source_8wekyb3d8bbwe\zig-x86_64-windows-0.16.0\lib\std\testing.zig:83: 0x7ff6f08c79b7 in expectEqual (test_zcu.obj)
           return expectEqualInner(T, expected, actual);
       
       C:\Users\tvolo\AppData\Local\Microsoft\WinGet\Packages\zig.zig_Microsoft.Winget.Source_8wekyb3d8bbwe\zig-x86_64-windows-0.16.0\lib\std\testing.zig:83: 0x7ff6f08c79b7 in expectEqual (test_zcu.obj)
           return expectEqualInner(T, expected, actual);
       
       C:\Users\tvolo\AppData\Local\Microsoft\WinGet\Packages\zig.zig_Microsoft.Winget.Source_8wekyb3d8bbwe\zig-x86_64-windows-0.16.0\lib\std\testing.zig:83: 0x7ff6f08c79b7 in expectEqual (test_zcu.obj)
           return expectEqualInner(T, expected, actual);
       
       C:\Users\tvolo\AppData\Local\Microsoft\WinGet\Packages\zig.zig_Microsoft.Winget.Source_8wekyb3d8bbwe\zig-x86_64-windows-0.16.0\lib\std\testing.zig:83: 0x7ff6f08c79b7 in expectEqual (test_zcu.obj)
           return expectEqualInner(T, expected, actual);
       
       C:\Users\tvolo\AppData\Local\Microsoft\WinGet\Packages\zig.zig_Microsoft.Winget.Source_8wekyb3d8bbwe\zig-x86_64-windows-0.16.0\lib\std\testing.zig:83: 0x7ff6f08c79b7 in expectEqual (test_zcu.obj)
           return expectEqualInner(T, expected, actual);
       
       C:\Users\tvolo\AppData\Local\Microsoft\WinGet\Packages\zig.zig_Microsoft.Winget.Source_8wekyb3d8bbwe\zig-x86_64-windows-0.16.0\lib\std\testing.zig:83: 0x7ff6f08c79b7 in expectEqual (test_zcu.obj)
           return expectEqualInner(T, expected, actual);
       
       C:\Users\tvolo\AppData\Local\Microsoft\WinGet\Packages\zig.zig_Microsoft.Winget.Source_8wekyb3d8bbwe\zig-x86_64-windows-0.16.0\lib\std\testing.zig:83: 0x7ff6f08c79b7 in expectEqual (test_zcu.obj)
           return expectEqualInner(T, expected, actual);
       
       C:\Users\tvolo\AppData\Local\Microsoft\WinGet\Packages\zig.zig_Microsoft.Winget.Source_8wekyb3d8bbwe\zig-x86_64-windows-0.16.0\lib\std\testing.zig:83: 0x7ff6f08c79b7 in expectEqual (test_zcu.obj)
           return expectEqualInner(T, expected, actual);
       
       C:\Users\tvolo\AppData\Local\Microsoft\WinGet\Packages\zig.zig_Microsoft.Winget.Source_8wekyb3d8bbwe\zig-x86_64-windows-0.16.0\lib\std\testing.zig:83: 0x7ff6f08c79b7 in expectEqual (test_zcu.obj)
           return expectEqualInner(T, expected, actual);
       
       C:\Users\tvolo\AppData\Local\Microsoft\WinGet\Packages\zig.zig_Microsoft.Winget.Source_8wekyb3d8bbwe\zig-x86_64-windows-0.16.0\lib\std\testing.zig:83: 0x7ff6f08c79b7 in expectEqual (test_zcu.obj)
           return expectEqualInner(T, expected, actual);
       
       C:\Users\tvolo\AppData\Local\Microsoft\WinGet\Packages\zig.zig_Microsoft.Winget.Source_8wekyb3d8bbwe\zig-x86_64-windows-0.16.0\lib\std\testing.zig:83: 0x7ff6f08c79b7 in expectEqual (test_zcu.obj)
           return expectEqualInner(T, expected, actual);
       
       C:\Users\tvolo\AppData\Local\Microsoft\WinGet\Packages\zig.zig_Microsoft.Winget.Source_8wekyb3d8bbwe\zig-x86_64-windows-0.16.0\lib\std\testing.zig:83: 0x7ff6f08c79b7 in expectEqual (test_zcu.obj)
           return expectEqualInner(T, expected, actual);
       
       C:\Users\tvolo\AppData\Local\Microsoft\WinGet\Packages\zig.zig_Microsoft.Winget.Source_8wekyb3d8bbwe\zig-x86_64-windows-0.16.0\lib\std\testing.zig:83: 0x7ff6f08c79b7 in expectEqual (test_zcu.obj)
           return expectEqualInner(T, expected, actual);
       
       C:\Users\tvolo\AppData\Local\Microsoft\WinGet\Packages\zig.zig_Microsoft.Winget.Source_8wekyb3d8bbwe\zig-x86_64-windows-0.16.0\lib\std\testing.zig:83: 0x7ff6f08c79b7 in expectEqual (test_zcu.obj)
           return expectEqualInner(T, expected, actual);
       
       C:\Users\tvolo\AppData\Local\Microsoft\WinGet\Packages\zig.zig_Microsoft.Winget.Source_8wekyb3d8bbwe\zig-x86_64-windows-0.16.0\lib\std\testing.zig:83: 0x7ff6f08c79b7 in expectEqual (test_zcu.obj)
           return expectEqualInner(T, expected, actual);
       
       C:\Users\tvolo\AppData\Local\Microsoft\WinGet\Packages\zig.zig_Microsoft.Winget.Source_8wekyb3d8bbwe\zig-x86_64-windows-0.16.0\lib\std\testing.zig:83: 0x7ff6f08c79b7 in expectEqual (test_zcu.obj)
           return expectEqualInner(T, expected, actual);
       
       C:\Users\tvolo\AppData\Local\Microsoft\WinGet\Packages\zig.zig_Microsoft.Winget.Source_8wekyb3d8bbwe\zig-x86_64-windows-0.16.0\lib\std\testing.zig:83: 0x7ff6f08c79b7 in expectEqual (test_zcu.obj)
           return expectEqualInner(T, expected, actual);
       
       C:\Users\tvolo\AppData\Local\Microsoft\WinGet\Packages\zig.zig_Microsoft.Winget.Source_8wekyb3d8bbwe\zig-x86_64-windows-0.16.0\lib\std\testing.zig:83: 0x7ff6f08c79b7 in expectEqual (test_zcu.obj)
           return expectEqualInner(T, expected, actual);
       
       C:\Users\tvolo\AppData\Local\Microsoft\WinGet\Packages\zig.zig_Microsoft.Winget.Source_8wekyb3d8bbwe\zig-x86_64-windows-0.16.0\lib\std\testing.zig:83: 0x7ff6f08c79b7 in expectEqual (test_zcu.obj)
           return expectEqualInner(T, expected, actual);
       
       C:\Users\tvolo\AppData\Local\Microsoft\WinGet\Packages\zig.zig_Microsoft.Winget.Source_8wekyb3d8bbwe\zig-x86_64-windows-0.16.0\lib\std\testing.zig:83: 0x7ff6f08c79b7 in expectEqual (test_zcu.obj)
           return expectEqualInner(T, expected, actual);
       
       C:\Users\tvolo\AppData\Local\Microsoft\WinGet\Packages\zig.zig_Microsoft.Winget.Source_8wekyb3d8bbwe\zig-x86_64-windows-0.16.0\lib\std\testing.zig:83: 0x7ff6f08c79b7 in expectEqual (test_zcu.obj)
           return expectEqualInner(T, expected, actual);
       
       C:\Users\tvolo\AppData\Local\Microsoft\WinGet\Packages\zig.zig_Microsoft.Winget.Source_8wekyb3d8bbwe\zig-x86_64-windows-0.16.0\lib\std\testing.zig:83: 0x7ff6f08c79b7 in expectEqual (test_zcu.obj)
           return expectEqualInner(T, expected, actual);
       
       C:\Users\tvolo\AppData\Local\Microsoft\WinGet\Packages\zig.zig_Microsoft.Winget.Source_8wekyb3d8bbwe\zig-x86_64-windows-0.16.0\lib\std\testing.zig:83: 0x7ff6f08c79b7 in expectEqual (test_zcu.obj)
           return expectEqualInner(T, expected, actual);
       
       C:\Users\tvolo\AppData\Local\Microsoft\WinGet\Packages\zig.zig_Microsoft.Winget.Source_8wekyb3d8bbwe\zig-x86_64-windows-0.16.0\lib\std\testing.zig:83: 0x7ff6f08c79b7 in expectEqual (test_zcu.obj)
           return expectEqualInner(T, expected, actual);
       
       C:\Users\tvolo\AppData\Local\Microsoft\WinGet\Packages\zig.zig_Microsoft.Winget.Source_8wekyb3d8bbwe\zig-x86_64-windows-0.16.0\lib\std\testing.zig:83: 0x7ff6f08c79b7 in expectEqual (test_zcu.obj)
           return expectEqualInner(T, expected, actual);
       
       C:\Users\tvolo\AppData\Local\Microsoft\WinGet\Packages\zig.zig_Microsoft.Winget.Source_8wekyb3d8bbwe\zig-x86_64-windows-0.16.0\lib\std\testing.zig:83: 0x7ff6f08c79b7 in expectEqual (test_zcu.obj)
           return expectEqualInner(T, expected, actual);
       
       C:\Users\tvolo\AppData\Local\Microsoft\WinGet\Packages\zig.zig_Microsoft.Winget.Source_8wekyb3d8bbwe\zig-x86_64-windows-0.16.0\lib\std\testing.zig:83: 0x7ff6f08c79b7 in expectEqual (test_zcu.obj)
           return expectEqualInner(T, expected, actual);
       
       C:\Users\tvolo\AppData\Local\Microsoft\WinGet\Packages\zig.zig_Microsoft.Winget.Source_8wekyb3d8bbwe\zig-x86_64-windows-0.16.0\lib\std\testing.zig:83: 0x7ff6f08c79b7 in expectEqual (test_zcu.obj)
           return expectEqualInner(T, expected, actual);
       
       C:\Users\tvolo\AppData\Local\Microsoft\WinGet\Packages\zig.zig_Microsoft.Winget.Source_8wekyb3d8bbwe\zig-x86_64-windows-0.16.0\lib\std\testing.zig:83: 0x7ff6f08c79b7 in expectEqual (test_zcu.obj)
           return expectEqualInner(T, expected, actual);
       
       C:\Users\tvolo\AppData\Local\Microsoft\WinGet\Packages\zig.zig_Microsoft.Winget.Source_8wekyb3d8bbwe\zig-x86_64-windows-0.16.0\lib\std\testing.zig:83: 0x7ff6f08c79b7 in expectEqual (test_zcu.obj)
           return expectEqualInner(T, expected, actual);
       
       C:\Users\tvolo\AppData\Local\Microsoft\WinGet\Packages\zig.zig_Microsoft.Winget.Source_8wekyb3d8bbwe\zig-x86_64-windows-0.16.0\lib\std\testing.zig:83: 0x7ff6f08c79b7 in expectEqual (test_zcu.obj)
           return expectEqualInner(T, expected, actual);
       
       C:\Users\tvolo\AppData\Local\Microsoft\WinGet\Packages\zig.zig_Microsoft.Winget.Source_8wekyb3d8bbwe\zig-x86_64-windows-0.16.0\lib\std\testing.zig:83: 0x7ff6f08c79b7 in expectEqual (test_zcu.obj)
           return expectEqualInner(T, expected, actual);
       
       C:\Users\tvolo\AppData\Local\Microsoft\WinGet\Packages\zig.zig_Microsoft.Winget.Source_8wekyb3d8bbwe\zig-x86_64-windows-0.16.0\lib\std\testing.zig:83: 0x7ff6f08c79b7 in expectEqual (test_zcu.obj)
           return expectEqualInner(T, expected, actual);
       
       C:\Users\tvolo\AppData\Local\Microsoft\WinGet\Packages\zig.zig_Microsoft.Winget.Source_8wekyb3d8bbwe\zig-x86_64-windows-0.16.0\lib\std\testing.zig:83: 0x7ff6f08c79b7 in expectEqual (test_zcu.obj)
           return expectEqualInner(T, expected, actual);
       
       C:\Users\tvolo\AppData\Local\Microsoft\WinGet\Packages\zig.zig_Microsoft.Winget.Source_8wekyb3d8bbwe\zig-x86_64-windows-0.16.0\lib\std\testing.zig:83: 0x7ff6f08c79b7 in expectEqual (test_zcu.obj)
           return expectEqualInner(T, expected, actual);
       
       C:\Users\tvolo\AppData\Local\Microsoft\WinGet\Packages\zig.zig_Microsoft.Winget.Source_8wekyb3d8bbwe\zig-x86_64-windows-0.16.0\lib\std\testing.zig:83: 0x7ff6f08c79b7 in expectEqual (test_zcu.obj)
           return expectEqualInner(T, expected, actual);
       
       C:\Users\tvolo\AppData\Local\Microsoft\WinGet\Packages\zig.zig_Microsoft.Winget.Source_8wekyb3d8bbwe\zig-x86_64-windows-0.16.0\lib\std\testing.zig:83: 0x7ff6f08c79b7 in expectEqual (test_zcu.obj)
           return expectEqualInner(T, expected, actual);
       
       C:\Users\tvolo\AppData\Local\Microsoft\WinGet\Packages\zig.zig_Microsoft.Winget.Source_8wekyb3d8bbwe\zig-x86_64-windows-0.16.0\lib\std\testing.zig:83: 0x7ff6f08c79b7 in expectEqual (test_zcu.obj)
           return expectEqualInner(T, expected, actual);
       
       C:\Users\tvolo\AppData\Local\Microsoft\WinGet\Packages\zig.zig_Microsoft.Winget.Source_8wekyb3d8bbwe\zig-x86_64-windows-0.16.0\lib\std\testing.zig:83: 0x7ff6f08c79b7 in expectEqual (test_zcu.obj)
           return expectEqualInner(T, expected, actual);
       
       C:\Users\tvolo\AppData\Local\Microsoft\WinGet\Packages\zig.zig_Microsoft.Winget.Source_8wekyb3d8bbwe\zig-x86_64-windows-0.16.0\lib\std\testing.zig:83: 0x7ff6f08c79b7 in expectEqual (test_zcu.obj)
           return expectEqualInner(T, expected, actual);
       
       C:\Users\tvolo\AppData\Local\Microsoft\WinGet\Packages\zig.zig_Microsoft.Winget.Source_8wekyb3d8bbwe\zig-x86_64-windows-0.16.0\lib\std\testing.zig:83: 0x7ff6f08c79b7 in expectEqual (test_zcu.obj)
           return expectEqualInner(T, expected, actual);
       
       C:\Users\tvolo\AppData\Local\Microsoft\WinGet\Packages\zig.zig_Microsoft.Winget.Source_8wekyb3d8bbwe\zig-x86_64-windows-0.16.0\lib\std\testing.zig:83: 0x7ff6f08c79b7 in expectEqual (test_zcu.obj)
           return expectEqualInner(T, expected, actual);
       
       C:\Users\tvolo\AppData\Local\Microsoft\WinGet\Packages\zig.zig_Microsoft.Winget.Source_8wekyb3d8bbwe\zig-x86_64-windows-0.16.0\lib\std\testing.zig:83: 0x7ff6f08c79b7 in expectEqual (test_zcu.obj)
           return expectEqualInner(T, expected, actual);
       
       C:\Users\tvolo\AppData\Local\Microsoft\WinGet\Packages\zig.zig_Microsoft.Winget.Source_8wekyb3d8bbwe\zig-x86_64-windows-0.16.0\lib\std\testing.zig:83: 0x7ff6f08c79b7 in expectEqual (test_zcu.obj)
           return expectEqualInner(T, expected, actual);
       
       C:\Users\tvolo\AppData\Local\Microsoft\WinGet\Packages\zig.zig_Microsoft.Winget.Source_8wekyb3d8bbwe\zig-x86_64-windows-0.16.0\lib\std\testing.zig:83: 0x7ff6f08c79b7 in expectEqual (test_zcu.obj)
           return expectEqualInner(T, expected, actual);
       
       C:\Users\tvolo\AppData\Local\Microsoft\WinGet\Packages\zig.zig_Microsoft.Winget.Source_8wekyb3d8bbwe\zig-x86_64-windows-0.16.0\lib\std\testing.zig:83: 0x7ff6f08c79b7 in expectEqual (test_zcu.obj)
           return expectEqualInner(T, expected, actual);
       
       C:\Users\tvolo\AppData\Local\Microsoft\WinGet\Packages\zig.zig_Microsoft.Winget.Source_8wekyb3d8bbwe\zig-x86_64-windows-0.16.0\lib\std\testing.zig:83: 0x7ff6f08c79b7 in expectEqual (test_zcu.obj)
           return expectEqualInner(T, expected, actual);
       
       C:\Users\tvolo\AppData\Local\Microsoft\WinGet\Packages\zig.zig_Microsoft.Winget.Source_8wekyb3d8bbwe\zig-x86_64-windows-0.16.0\lib\std\testing.zig:83: 0x7ff6f08c79b7 in expectEqual (test_zcu.obj)
           return expectEqualInner(T, expected, actual);
       
       C:\Users\tvolo\AppData\Local\Microsoft\WinGet\Packages\zig.zig_Microsoft.Winget.Source_8wekyb3d8bbwe\zig-x86_64-windows-0.16.0\lib\std\testing.zig:83: 0x7ff6f08c79b7 in expectEqual (test_zcu.obj)
           return expectEqualInner(T, expected, actual);
       
       C:\Users\tvolo\AppData\Local\Microsoft\WinGet\Packages\zig.zig_Microsoft.Winget.Source_8wekyb3d8bbwe\zig-x86_64-windows-0.16.0\lib\std\testing.zig:83: 0x7ff6f08c79b7 in expectEqual (test_zcu.obj)
           return expectEqualInner(T, expected, actual);
       
       C:\Users\tvolo\AppData\Local\Microsoft\WinGet\Packages\zig.zig_Microsoft.Winget.Source_8wekyb3d8bbwe\zig-x86_64-windows-0.16.0\lib\std\testing.zig:83: 0x7ff6f08c79b7 in expectEqual (test_zcu.obj)
           return expectEqualInner(T, expected, actual);
       
       C:\Users\tvolo\AppData\Local\Microsoft\WinGet\Packages\zig.zig_Microsoft.Winget.Source_8wekyb3d8bbwe\zig-x86_64-windows-0.16.0\lib\std\testing.zig:83: 0x7ff6f08c79b7 in expectEqual (test_zcu.obj)
           return expectEqualInner(T, expected, actual);
       
       C:\Users\tvolo\AppData\Local\Microsoft\WinGet\Packages\zig.zig_Microsoft.Winget.Source_8wekyb3d8bbwe\zig-x86_64-windows-0.16.0\lib\std\testing.zig:83: 0x7ff6f08c79b7 in expectEqual (test_zcu.obj)
           return expectEqualInner(T, expected, actual);
       
       C:\Users\tvolo\AppData\Local\Microsoft\WinGet\Packages\zig.zig_Microsoft.Winget.Source_8wekyb3d8bbwe\zig-x86_64-windows-0.16.0\lib\std\testing.zig:83: 0x7ff6f08c79b7 in expectEqual (test_zcu.obj)
           return expectEqualInner(T, expected, actual);
       
       C:\Users\tvolo\AppData\Local\Microsoft\WinGet\Packages\zig.zig_Microsoft.Winget.Source_8wekyb3d8bbwe\zig-x86_64-windows-0.16.0\lib\std\testing.zig:83: 0x7ff6f08c79b7 in expectEqual (test_zcu.obj)
           return expectEqualInner(T, expected, actual);
       
       C:\Users\tvolo\AppData\Local\Microsoft\WinGet\Packages\zig.zig_Microsoft.Winget.Source_8wekyb3d8bbwe\zig-x86_64-windows-0.16.0\lib\std\testing.zig:83: 0x7ff6f08c79b7 in expectEqual (test_zcu.obj)
           return expectEqualInner(T, expected, actual);
       
       C:\Users\tvolo\AppData\Local\Microsoft\WinGet\Packages\zig.zig_Microsoft.Winget.Source_8wekyb3d8bbwe\zig-x86_64-windows-0.16.0\lib\std\testing.zig:83: 0x7ff6f08c79b7 in expectEqual (test_zcu.obj)
           return expectEqualInner(T, expected, actual);
       
       C:\Users\tvolo\AppData\Local\Microsoft\WinGet\Packages\zig.zig_Microsoft.Winget.Source_8wekyb3d8bbwe\zig-x86_64-windows-0.16.0\lib\std\testing.zig:83: 0x7ff6f08c79b7 in expectEqual (test_zcu.obj)
           return expectEqualInner(T, expected, actual);
       
       C:\Users\tvolo\AppData\Local\Microsoft\WinGet\Packages\zig.zig_Microsoft.Winget.Source_8wekyb3d8bbwe\zig-x86_64-windows-0.16.0\lib\std\testing.zig:83: 0x7ff6f08c79b7 in expectEqual (test_zcu.obj)
           return expectEqualInner(T, expected, actual);
       
       C:\Users\tvolo\AppData\Local\Microsoft\WinGet\Packages\zig.zig_Microsoft.Winget.Source_8wekyb3d8bbwe\zig-x86_64-windows-0.16.0\lib\std\testing.zig:83: 0x7ff6f08c79b7 in expectEqual (test_zcu.obj)
           return expectEqualInner(T, expected, actual);
       
       C:\Users\tvolo\AppData\Local\Microsoft\WinGet\Packages\zig.zig_Microsoft.Winget.Source_8wekyb3d8bbwe\zig-x86_64-windows-0.16.0\lib\std\testing.zig:83: 0x7ff6f08c79b7 in expectEqual (test_zcu.obj)
           return expectEqualInner(T, expected, actual);
       
       C:\Users\tvolo\AppData\Local\Microsoft\WinGet\Packages\zig.zig_Microsoft.Winget.Source_8wekyb3d8bbwe\zig-x86_64-windows-0.16.0\lib\std\testing.zig:83: 0x7ff6f08c79b7 in expectEqual (test_zcu.obj)
           return expectEqualInner(T, expected, actual);
       
       C:\Users\tvolo\AppData\Local\Microsoft\WinGet\Packages\zig.zig_Microsoft.Winget.Source_8wekyb3d8bbwe\zig-x86_64-windows-0.16.0\lib\std\testing.zig:83: 0x7ff6f08c79b7 in expectEqual (test_zcu.obj)
           return expectEqualInner(T, expected, actual);
       
       C:\Users\tvolo\AppData\Local\Microsoft\WinGet\Packages\zig.zig_Microsoft.Winget.Source_8wekyb3d8bbwe\zig-x86_64-windows-0.16.0\lib\std\testing.zig:83: 0x7ff6f08c79b7 in expectEqual (test_zcu.obj)
           return expectEqualInner(T, expected, actual);
       
       C:\Users\tvolo\AppData\Local\Microsoft\WinGet\Packages\zig.zig_Microsoft.Winget.Source_8wekyb3d8bbwe\zig-x86_64-windows-0.16.0\lib\std\testing.zig:83: 0x7ff6f08c79b7 in expectEqual (test_zcu.obj)
           return expectEqualInner(T, expected, actual);
       
       C:\Users\tvolo\AppData\Local\Microsoft\WinGet\Packages\zig.zig_Microsoft.Winget.Source_8wekyb3d8bbwe\zig-x86_64-windows-0.16.0\lib\std\testing.zig:83: 0x7ff6f08c79b7 in expectEqual (test_zcu.obj)
           return expectEqualInner(T, expected, actual);
       
       C:\Users\tvolo\AppData\Local\Microsoft\WinGet\Packages\zig.zig_Microsoft.Winget.Source_8wekyb3d8bbwe\zig-x86_64-windows-0.16.0\lib\std\testing.zig:83: 0x7ff6f08c79b7 in expectEqual (test_zcu.obj)
           return expectEqualInner(T, expected, actual);
       
       C:\Users\tvolo\AppData\Local\Microsoft\WinGet\Packages\zig.zig_Microsoft.Winget.Source_8wekyb3d8bbwe\zig-x86_64-windows-0.16.0\lib\std\testing.zig:83: 0x7ff6f08c79b7 in expectEqual (test_zcu.obj)
           return expectEqualInner(T, expected, actual);
       
       C:\Users\tvolo\AppData\Local\Microsoft\WinGet\Packages\zig.zig_Microsoft.Winget.Source_8wekyb3d8bbwe\zig-x86_64-windows-0.16.0\lib\std\testing.zig:83: 0x7ff6f08c79b7 in expectEqual (test_zcu.obj)
           return expectEqualInner(T, expected, actual);
       
       C:\Users\tvolo\AppData\Local\Microsoft\WinGet\Packages\zig.zig_Microsoft.Winget.Source_8wekyb3d8bbwe\zig-x86_64-windows-0.16.0\lib\std\testing.zig:83: 0x7ff6f08c79b7 in expectEqual (test_zcu.obj)
           return expectEqualInner(T, expected, actual);
       
       C:\Users\tvolo\AppData\Local\Microsoft\WinGet\Packages\zig.zig_Microsoft.Winget.Source_8wekyb3d8bbwe\zig-x86_64-windows-0.16.0\lib\std\testing.zig:83: 0x7ff6f08c79b7 in expectEqual (test_zcu.obj)
           return expectEqualInner(T, expected, actual);
       
       C:\Users\tvolo\AppData\Local\Microsoft\WinGet\Packages\zig.zig_Microsoft.Winget.Source_8wekyb3d8bbwe\zig-x86_64-windows-0.16.0\lib\std\testing.zig:83: 0x7ff6f08c79b7 in expectEqual (test_zcu.obj)
           return expectEqualInner(T, expected, actual);
       
       C:\Users\tvolo\AppData\Local\Microsoft\WinGet\Packages\zig.zig_Microsoft.Winget.Source_8wekyb3d8bbwe\zig-x86_64-windows-0.16.0\lib\std\testing.zig:83: 0x7ff6f08c79b7 in expectEqual (test_zcu.obj)
           return expectEqualInner(T, expected, actual);
       
       C:\Users\tvolo\AppData\Local\Microsoft\WinGet\Packages\zig.zig_Microsoft.Winget.Source_8wekyb3d8bbwe\zig-x86_64-windows-0.16.0\lib\std\testing.zig:83: 0x7ff6f08c79b7 in expectEqual (test_zcu.obj)
           return expectEqualInner(T, expected, actual);
       
       C:\Users\tvolo\AppData\Local\Microsoft\WinGet\Packages\zig.zig_Microsoft.Winget.Source_8wekyb3d8bbwe\zig-x86_64-windows-0.16.0\lib\std\testing.zig:83: 0x7ff6f08c79b7 in expectEqual (test_zcu.obj)
           return expectEqualInner(T, expected, actual);
       
       C:\Users\tvolo\AppData\Local\Microsoft\WinGet\Packages\zig.zig_Microsoft.Winget.Source_8wekyb3d8bbwe\zig-x86_64-windows-0.16.0\lib\std\testing.zig:83: 0x7ff6f08c79b7 in expectEqual (test_zcu.obj)
           return expectEqualInner(T, expected, actual);
       
       C:\Users\tvolo\AppData\Local\Microsoft\WinGet\Packages\zig.zig_Microsoft.Winget.Source_8wekyb3d8bbwe\zig-x86_64-windows-0.16.0\lib\std\testing.zig:83: 0x7ff6f08c79b7 in expectEqual (test_zcu.obj)
           return expectEqualInner(T, expected, actual);
       
       C:\Users\tvolo\AppData\Local\Microsoft\WinGet\Packages\zig.zig_Microsoft.Winget.Source_8wekyb3d8bbwe\zig-x86_64-windows-0.16.0\lib\std\testing.zig:83: 0x7ff6f08c79b7 in expectEqual (test_zcu.obj)
           return expectEqualInner(T, expected, actual);
       
       C:\Users\tvolo\AppData\Local\Microsoft\WinGet\Packages\zig.zig_Microsoft.Winget.Source_8wekyb3d8bbwe\zig-x86_64-windows-0.16.0\lib\std\testing.zig:83: 0x7ff6f08c79b7 in expectEqual (test_zcu.obj)
           return expectEqualInner(T, expected, actual);
       
       C:\Users\tvolo\AppData\Local\Microsoft\WinGet\Packages\zig.zig_Microsoft.Winget.Source_8wekyb3d8bbwe\zig-x86_64-windows-0.16.0\lib\std\testing.zig:83: 0x7ff6f08c79b7 in expectEqual (test_zcu.obj)
           return expectEqualInner(T, expected, actual);
       
       C:\Users\tvolo\AppData\Local\Microsoft\WinGet\Packages\zig.zig_Microsoft.Winget.Source_8wekyb3d8bbwe\zig-x86_64-windows-0.16.0\lib\std\testing.zig:83: 0x7ff6f08c79b7 in expectEqual (test_zcu.obj)
           return expectEqualInner(T, expected, actual);
       
       C:\Users\tvolo\AppData\Local\Microsoft\WinGet\Packages\zig.zig_Microsoft.Winget.Source_8wekyb3d8bbwe\zig-x86_64-windows-0.16.0\lib\std\testing.zig:83: 0x7ff6f08c79b7 in expectEqual (test_zcu.obj)
           return expectEqualInner(T, expected, actual);
       
       C:\Users\tvolo\AppData\Local\Microsoft\WinGet\Packages\zig.zig_Microsoft.Winget.Source_8wekyb3d8bbwe\zig-x86_64-windows-0.16.0\lib\std\testing.zig:83: 0x7ff6f08c79b7 in expectEqual (test_zcu.obj)
           return expectEqualInner(T, expected, actual);
       
       C:\Users\tvolo\AppData\Local\Microsoft\WinGet\Packages\zig.zig_Microsoft.Winget.Source_8wekyb3d8bbwe\zig-x86_64-windows-0.16.0\lib\std\testing.zig:83: 0x7ff6f08c79b7 in expectEqual (test_zcu.obj)
           return expectEqualInner(T, expected, actual);
       
       C:\Users\tvolo\AppData\Local\Microsoft\WinGet\Packages\zig.zig_Microsoft.Winget.Source_8wekyb3d8bbwe\zig-x86_64-windows-0.16.0\lib\std\testing.zig:83: 0x7ff6f08c79b7 in expectEqual (test_zcu.obj)
           return expectEqualInner(T, expected, actual);
       
       C:\Users\tvolo\AppData\Local\Microsoft\WinGet\Packages\zig.zig_Microsoft.Winget.Source_8wekyb3d8bbwe\zig-x86_64-windows-0.16.0\lib\std\testing.zig:83: 0x7ff6f08c79b7 in expectEqual (test_zcu.obj)
           return expectEqualInner(T, expected, actual);
       
       C:\Users\tvolo\AppData\Local\Microsoft\WinGet\Packages\zig.zig_Microsoft.Winget.Source_8wekyb3d8bbwe\zig-x86_64-windows-0.16.0\lib\std\testing.zig:83: 0x7ff6f08c79b7 in expectEqual (test_zcu.obj)
           return expectEqualInner(T, expected, actual);
       
       C:\Users\tvolo\AppData\Local\Microsoft\WinGet\Packages\zig.zig_Microsoft.Winget.Source_8wekyb3d8bbwe\zig-x86_64-windows-0.16.0\lib\std\testing.zig:83: 0x7ff6f08c79b7 in expectEqual (test_zcu.obj)
           return expectEqualInner(T, expected, actual);
       
       C:\Users\tvolo\AppData\Local\Microsoft\WinGet\Packages\zig.zig_Microsoft.Winget.Source_8wekyb3d8bbwe\zig-x86_64-windows-0.16.0\lib\std\testing.zig:83: 0x7ff6f08c79b7 in expectEqual (test_zcu.obj)
           return expectEqualInner(T, expected, actual);
       
       C:\Users\tvolo\AppData\Local\Microsoft\WinGet\Packages\zig.zig_Microsoft.Winget.Source_8wekyb3d8bbwe\zig-x86_64-windows-0.16.0\lib\std\testing.zig:83: 0x7ff6f08c79b7 in expectEqual (test_zcu.obj)
           return expectEqualInner(T, expected, actual);
       
       C:\Users\tvolo\AppData\Local\Microsoft\WinGet\Packages\zig.zig_Microsoft.Winget.Source_8wekyb3d8bbwe\zig-x86_64-windows-0.16.0\lib\std\testing.zig:83: 0x7ff6f08c79b7 in expectEqual (test_zcu.obj)
           return expectEqualInner(T, expected, actual);
       
       C:\Users\tvolo\AppData\Local\Microsoft\WinGet\Packages\zig.zig_Microsoft.Winget.Source_8wekyb3d8bbwe\zig-x86_64-windows-0.16.0\lib\std\testing.zig:83: 0x7ff6f08c79b7 in expectEqual (test_zcu.obj)
           return expectEqualInner(T, expected, actual);
       
       C:\Users\tvolo\AppData\Local\Microsoft\WinGet\Packages\zig.zig_Microsoft.Winget.Source_8wekyb3d8bbwe\zig-x86_64-windows-0.16.0\lib\std\testing.zig:83: 0x7ff6f08c79b7 in expectEqual (test_zcu.obj)
           return expectEqualInner(T, expected, actual);
       
       C:\Users\tvolo\AppData\Local\Microsoft\WinGet\Packages\zig.zig_Microsoft.Winget.Source_8wekyb3d8bbwe\zig-x86_64-windows-0.16.0\lib\std\testing.zig:83: 0x7ff6f08c79b7 in expectEqual (test_zcu.obj)
           return expectEqualInner(T, expected, actual);
       
       C:\Users\tvolo\AppData\Local\Microsoft\WinGet\Packages\zig.zig_Microsoft.Winget.Source_8wekyb3d8bbwe\zig-x86_64-windows-0.16.0\lib\std\testing.zig:83: 0x7ff6f08c79b7 in expectEqual (test_zcu.obj)
           return expectEqualInner(T, expected, actual);
       
       C:\Users\tvolo\AppData\Local\Microsoft\WinGet\Packages\zig.zig_Microsoft.Winget.Source_8wekyb3d8bbwe\zig-x86_64-windows-0.16.0\lib\std\testing.zig:83: 0x7ff6f08c79b7 in expectEqual (test_zcu.obj)
           return expectEqualInner(T, expected, actual);
       
       C:\Users\tvolo\AppData\Local\Microsoft\WinGet\Packages\zig.zig_Microsoft.Winget.Source_8wekyb3d8bbwe\zig-x86_64-windows-0.16.0\lib\std\testing.zig:83: 0x7ff6f08c79b7 in expectEqual (test_zcu.obj)
           return expectEqualInner(T, expected, actual);
       
       C:\Users\tvolo\AppData\Local\Microsoft\WinGet\Packages\zig.zig_Microsoft.Winget.Source_8wekyb3d8bbwe\zig-x86_64-windows-0.16.0\lib\std\testing.zig:83: 0x7ff6f08c79b7 in expectEqual (test_zcu.obj)
           return expectEqualInner(T, expected, actual);
       
       C:\Users\tvolo\AppData\Local\Microsoft\WinGet\Packages\zig.zig_Microsoft.Winget.Source_8wekyb3d8bbwe\zig-x86_64-windows-0.16.0\lib\std\testing.zig:83: 0x7ff6f08c79b7 in expectEqual (test_zcu.obj)
           return expectEqualInner(T, expected, actual);
       
       C:\Users\tvolo\AppData\Local\Microsoft\WinGet\Packages\zig.zig_Microsoft.Winget.Source_8wekyb3d8bbwe\zig-x86_64-windows-0.16.0\lib\std\testing.zig:83: 0x7ff6f08c79b7 in expectEqual (test_zcu.obj)
           return expectEqualInner(T, expected, actual);
       
       C:\Users\tvolo\AppData\Local\Microsoft\WinGet\Packages\zig.zig_Microsoft.Winget.Source_8wekyb3d8bbwe\zig-x86_64-windows-0.16.0\lib\std\testing.zig:83: 0x7ff6f08c79b7 in expectEqual (test_zcu.obj)
           return expectEqualInner(T, expected, actual);
       
       C:\Users\tvolo\AppData\Local\Microsoft\WinGet\Packages\zig.zig_Microsoft.Winget.Source_8wekyb3d8bbwe\zig-x86_64-windows-0.16.0\lib\std\testing.zig:83: 0x7ff6f08c79b7 in expectEqual (test_zcu.obj)
           return expectEqualInner(T, expected, actual);
       
       C:\Users\tvolo\AppData\Local\Microsoft\WinGet\Packages\zig.zig_Microsoft.Winget.Source_8wekyb3d8bbwe\zig-x86_64-windows-0.16.0\lib\std\testing.zig:83: 0x7ff6f08c79b7 in expectEqual (test_zcu.obj)
           return expectEqualInner(T, expected, actual);
       
       C:\Users\tvolo\AppData\Local\Microsoft\WinGet\Packages\zig.zig_Microsoft.Winget.Source_8wekyb3d8bbwe\zig-x86_64-windows-0.16.0\lib\std\testing.zig:83: 0x7ff6f08c79b7 in expectEqual (test_zcu.obj)
           return expectEqualInner(T, expected, actual);
       
       C:\Users\tvolo\AppData\Local\Microsoft\WinGet\Packages\zig.zig_Microsoft.Winget.Source_8wekyb3d8bbwe\zig-x86_64-windows-0.16.0\lib\std\testing.zig:83: 0x7ff6f08c79b7 in expectEqual (test_zcu.obj)
           return expectEqualInner(T, expected, actual);
       
       C:\Users\tvolo\AppData\Local\Microsoft\WinGet\Packages\zig.zig_Microsoft.Winget.Source_8wekyb3d8bbwe\zig-x86_64-windows-0.16.0\lib\std\testing.zig:83: 0x7ff6f08c79b7 in expectEqual (test_zcu.obj)
           return expectEqualInner(T, expected, actual);
       
       C:\Users\tvolo\AppData\Local\Microsoft\WinGet\Packages\zig.zig_Microsoft.Winget.Source_8wekyb3d8bbwe\zig-x86_64-windows-0.16.0\lib\std\testing.zig:83: 0x7ff6f08c79b7 in expectEqual (test_zcu.obj)
           return expectEqualInner(T, expected, actual);
       
       C:\Users\tvolo\AppData\Local\Microsoft\WinGet\Packages\zig.zig_Microsoft.Winget.Source_8wekyb3d8bbwe\zig-x86_64-windows-0.16.0\lib\std\testing.zig:83: 0x7ff6f08c79b7 in expectEqual (test_zcu.obj)
           return expectEqualInner(T, expected, actual);
       
       C:\Users\tvolo\AppData\Local\Microsoft\WinGet\Packages\zig.zig_Microsoft.Winget.Source_8wekyb3d8bbwe\zig-x86_64-windows-0.16.0\lib\std\testing.zig:83: 0x7ff6f08c79b7 in expectEqual (test_zcu.obj)
           return expectEqualInner(T, expected, actual);
       
       C:\Users\tvolo\AppData\Local\Microsoft\WinGet\Packages\zig.zig_Microsoft.Winget.Source_8wekyb3d8bbwe\zig-x86_64-windows-0.16.0\lib\std\testing.zig:83: 0x7ff6f08c79b7 in expectEqual (test_zcu.obj)
           return expectEqualInner(T, expected, actual);
       
       C:\Users\tvolo\dev\ai-dala\My-Fab\tests\integration\adp09_tamper_evident_audit_chain_test.zig:86:5: 0x7ff6f08c7a70 in test.TC-ADP-09-01: migration adds nullable chain columns and validation primitives (test_zcu.obj)
           try testing.expectEqual(@as(usize, 3), funcs.rows.len);
           ^
error: 'adp09_tamper_evident_audit_chain_test.test.TC-ADP-09-04: legacy pre-chain rows remain valid and boundary row starts cleanly' failed:
       C:\Users\tvolo\AppData\Local\Microsoft\WinGet\Packages\zig.zig_Microsoft.Winget.Source_8wekyb3d8bbwe\zig-x86_64-windows-0.16.0\lib\std\testing.zig:615:14: 0x7ff6f07a91bf in expect (test_zcu.obj)
           if (!ok) return error.TestUnexpectedResult;
                    ^
       C:\Users\tvolo\dev\ai-dala\My-Fab\tests\integration\adp09_tamper_evident_audit_chain_test.zig:385:5: 0x7ff6f08c3912 in test.TC-ADP-09-04: legacy pre-chain rows remain valid and boundary row starts cleanly (test_zcu.obj)
           try testing.expect(boundary[0] == null);
           ^
error: 'oidc16_26_agent_lifecycle_foundations_test.test.TC-OIDC-22-01: bootstrap state is singleton and bootstrap audit event types are enforced' failed:
       expected 1, found 2
       C:\Users\tvolo\AppData\Local\Microsoft\WinGet\Packages\zig.zig_Microsoft.Winget.Source_8wekyb3d8bbwe\zig-x86_64-windows-0.16.0\lib\std\testing.zig:118:17: 0x7ff6f085aff3 in expectEqualInner__anon_88710 (test_zcu.obj)
                       return error.TestExpectedEqual;
                       ^
       C:\Users\tvolo\AppData\Local\Microsoft\WinGet\Packages\zig.zig_Microsoft.Winget.Source_8wekyb3d8bbwe\zig-x86_64-windows-0.16.0\lib\std\testing.zig:83: 0x7ff6f08909bd in expectEqual (test_zcu.obj)
           return expectEqualInner(T, expected, actual);
       
       C:\Users\tvolo\AppData\Local\Microsoft\WinGet\Packages\zig.zig_Microsoft.Winget.Source_8wekyb3d8bbwe\zig-x86_64-windows-0.16.0\lib\std\testing.zig:83: 0x7ff6f08909bd in expectEqual (test_zcu.obj)
           return expectEqualInner(T, expected, actual);
       
       C:\Users\tvolo\AppData\Local\Microsoft\WinGet\Packages\zig.zig_Microsoft.Winget.Source_8wekyb3d8bbwe\zig-x86_64-windows-0.16.0\lib\std\testing.zig:83: 0x7ff6f08909bd in expectEqual (test_zcu.obj)
           return expectEqualInner(T, expected, actual);
       
       C:\Users\tvolo\AppData\Local\Microsoft\WinGet\Packages\zig.zig_Microsoft.Winget.Source_8wekyb3d8bbwe\zig-x86_64-windows-0.16.0\lib\std\testing.zig:83: 0x7ff6f08909bd in expectEqual (test_zcu.obj)
           return expectEqualInner(T, expected, actual);
       
       C:\Users\tvolo\AppData\Local\Microsoft\WinGet\Packages\zig.zig_Microsoft.Winget.Source_8wekyb3d8bbwe\zig-x86_64-windows-0.16.0\lib\std\testing.zig:83: 0x7ff6f08909bd in expectEqual (test_zcu.obj)
           return expectEqualInner(T, expected, actual);
       
       C:\Users\tvolo\AppData\Local\Microsoft\WinGet\Packages\zig.zig_Microsoft.Winget.Source_8wekyb3d8bbwe\zig-x86_64-windows-0.16.0\lib\std\testing.zig:83: 0x7ff6f08909bd in expectEqual (test_zcu.obj)
           return expectEqualInner(T, expected, actual);
       
       C:\Users\tvolo\AppData\Local\Microsoft\WinGet\Packages\zig.zig_Microsoft.Winget.Source_8wekyb3d8bbwe\zig-x86_64-windows-0.16.0\lib\std\testing.zig:83: 0x7ff6f08909bd in expectEqual (test_zcu.obj)
           return expectEqualInner(T, expected, actual);
       
       C:\Users\tvolo\AppData\Local\Microsoft\WinGet\Packages\zig.zig_Microsoft.Winget.Source_8wekyb3d8bbwe\zig-x86_64-windows-0.16.0\lib\std\testing.zig:83: 0x7ff6f08909bd in expectEqual (test_zcu.obj)
           return expectEqualInner(T, expected, actual);
       
       C:\Users\tvolo\AppData\Local\Microsoft\WinGet\Packages\zig.zig_Microsoft.Winget.Source_8wekyb3d8bbwe\zig-x86_64-windows-0.16.0\lib\std\testing.zig:83: 0x7ff6f08909bd in expectEqual (test_zcu.obj)
           return expectEqualInner(T, expected, actual);
       
       C:\Users\tvolo\AppData\Local\Microsoft\WinGet\Packages\zig.zig_Microsoft.Winget.Source_8wekyb3d8bbwe\zig-x86_64-windows-0.16.0\lib\std\testing.zig:83: 0x7ff6f08909bd in expectEqual (test_zcu.obj)
           return expectEqualInner(T, expected, actual);
       
       C:\Users\tvolo\AppData\Local\Microsoft\WinGet\Packages\zig.zig_Microsoft.Winget.Source_8wekyb3d8bbwe\zig-x86_64-windows-0.16.0\lib\std\testing.zig:83: 0x7ff6f08909bd in expectEqual (test_zcu.obj)
           return expectEqualInner(T, expected, actual);
       
       C:\Users\tvolo\AppData\Local\Microsoft\WinGet\Packages\zig.zig_Microsoft.Winget.Source_8wekyb3d8bbwe\zig-x86_64-windows-0.16.0\lib\std\testing.zig:83: 0x7ff6f08909bd in expectEqual (test_zcu.obj)
           return expectEqualInner(T, expected, actual);
       
       C:\Users\tvolo\AppData\Local\Microsoft\WinGet\Packages\zig.zig_Microsoft.Winget.Source_8wekyb3d8bbwe\zig-x86_64-windows-0.16.0\lib\std\testing.zig:83: 0x7ff6f08909bd in expectEqual (test_zcu.obj)
           return expectEqualInner(T, expected, actual);
       
       C:\Users\tvolo\AppData\Local\Microsoft\WinGet\Packages\zig.zig_Microsoft.Winget.Source_8wekyb3d8bbwe\zig-x86_64-windows-0.16.0\lib\std\testing.zig:83: 0x7ff6f08909bd in expectEqual (test_zcu.obj)
           return expectEqualInner(T, expected, actual);
       
       C:\Users\tvolo\AppData\Local\Microsoft\WinGet\Packages\zig.zig_Microsoft.Winget.Source_8wekyb3d8bbwe\zig-x86_64-windows-0.16.0\lib\std\testing.zig:83: 0x7ff6f08909bd in expectEqual (test_zcu.obj)
           return expectEqualInner(T, expected, actual);
       
       C:\Users\tvolo\AppData\Local\Microsoft\WinGet\Packages\zig.zig_Microsoft.Winget.Source_8wekyb3d8bbwe\zig-x86_64-windows-0.16.0\lib\std\testing.zig:83: 0x7ff6f08909bd in expectEqual (test_zcu.obj)
           return expectEqualInner(T, expected, actual);
       
       C:\Users\tvolo\AppData\Local\Microsoft\WinGet\Packages\zig.zig_Microsoft.Winget.Source_8wekyb3d8bbwe\zig-x86_64-windows-0.16.0\lib\std\testing.zig:83: 0x7ff6f08909bd in expectEqual (test_zcu.obj)
           return expectEqualInner(T, expected, actual);
       
       C:\Users\tvolo\AppData\Local\Microsoft\WinGet\Packages\zig.zig_Microsoft.Winget.Source_8wekyb3d8bbwe\zig-x86_64-windows-0.16.0\lib\std\testing.zig:83: 0x7ff6f08909bd in expectEqual (test_zcu.obj)
           return expectEqualInner(T, expected, actual);
       
       C:\Users\tvolo\AppData\Local\Microsoft\WinGet\Packages\zig.zig_Microsoft.Winget.Source_8wekyb3d8bbwe\zig-x86_64-windows-0.16.0\lib\std\testing.zig:83: 0x7ff6f08909bd in expectEqual (test_zcu.obj)
           return expectEqualInner(T, expected, actual);
       
       C:\Users\tvolo\AppData\Local\Microsoft\WinGet\Packages\zig.zig_Microsoft.Winget.Source_8wekyb3d8bbwe\zig-x86_64-windows-0.16.0\lib\std\testing.zig:83: 0x7ff6f08909bd in expectEqual (test_zcu.obj)
           return expectEqualInner(T, expected, actual);
       
       C:\Users\tvolo\AppData\Local\Microsoft\WinGet\Packages\zig.zig_Microsoft.Winget.Source_8wekyb3d8bbwe\zig-x86_64-windows-0.16.0\lib\std\testing.zig:83: 0x7ff6f08909bd in expectEqual (test_zcu.obj)
           return expectEqualInner(T, expected, actual);
       
       C:\Users\tvolo\AppData\Local\Microsoft\WinGet\Packages\zig.zig_Microsoft.Winget.Source_8wekyb3d8bbwe\zig-x86_64-windows-0.16.0\lib\std\testing.zig:83: 0x7ff6f08909bd in expectEqual (test_zcu.obj)
           return expectEqualInner(T, expected, actual);
       
       C:\Users\tvolo\AppData\Local\Microsoft\WinGet\Packages\zig.zig_Microsoft.Winget.Source_8wekyb3d8bbwe\zig-x86_64-windows-0.16.0\lib\std\testing.zig:83: 0x7ff6f08909bd in expectEqual (test_zcu.obj)
           return expectEqualInner(T, expected, actual);
       
       C:\Users\tvolo\AppData\Local\Microsoft\WinGet\Packages\zig.zig_Microsoft.Winget.Source_8wekyb3d8bbwe\zig-x86_64-windows-0.16.0\lib\std\testing.zig:83: 0x7ff6f08909bd in expectEqual (test_zcu.obj)
           return expectEqualInner(T, expected, actual);
       
       C:\Users\tvolo\AppData\Local\Microsoft\WinGet\Packages\zig.zig_Microsoft.Winget.Source_8wekyb3d8bbwe\zig-x86_64-windows-0.16.0\lib\std\testing.zig:83: 0x7ff6f08909bd in expectEqual (test_zcu.obj)
           return expectEqualInner(T, expected, actual);
       
       C:\Users\tvolo\AppData\Local\Microsoft\WinGet\Packages\zig.zig_Microsoft.Winget.Source_8wekyb3d8bbwe\zig-x86_64-windows-0.16.0\lib\std\testing.zig:83: 0x7ff6f08909bd in expectEqual (test_zcu.obj)
           return expectEqualInner(T, expected, actual);
       
       C:\Users\tvolo\AppData\Local\Microsoft\WinGet\Packages\zig.zig_Microsoft.Winget.Source_8wekyb3d8bbwe\zig-x86_64-windows-0.16.0\lib\std\testing.zig:83: 0x7ff6f08909bd in expectEqual (test_zcu.obj)
           return expectEqualInner(T, expected, actual);
       
       C:\Users\tvolo\AppData\Local\Microsoft\WinGet\Packages\zig.zig_Microsoft.Winget.Source_8wekyb3d8bbwe\zig-x86_64-windows-0.16.0\lib\std\testing.zig:83: 0x7ff6f08909bd in expectEqual (test_zcu.obj)
           return expectEqualInner(T, expected, actual);
       
       C:\Users\tvolo\AppData\Local\Microsoft\WinGet\Packages\zig.zig_Microsoft.Winget.Source_8wekyb3d8bbwe\zig-x86_64-windows-0.16.0\lib\std\testing.zig:83: 0x7ff6f08909bd in expectEqual (test_zcu.obj)
           return expectEqualInner(T, expected, actual);
       
       C:\Users\tvolo\AppData\Local\Microsoft\WinGet\Packages\zig.zig_Microsoft.Winget.Source_8wekyb3d8bbwe\zig-x86_64-windows-0.16.0\lib\std\testing.zig:83: 0x7ff6f08909bd in expectEqual (test_zcu.obj)
           return expectEqualInner(T, expected, actual);
       
       C:\Users\tvolo\AppData\Local\Microsoft\WinGet\Packages\zig.zig_Microsoft.Winget.Source_8wekyb3d8bbwe\zig-x86_64-windows-0.16.0\lib\std\testing.zig:83: 0x7ff6f08909bd in expectEqual (test_zcu.obj)
           return expectEqualInner(T, expected, actual);
       
       C:\Users\tvolo\AppData\Local\Microsoft\WinGet\Packages\zig.zig_Microsoft.Winget.Source_8wekyb3d8bbwe\zig-x86_64-windows-0.16.0\lib\std\testing.zig:83: 0x7ff6f08909bd in expectEqual (test_zcu.obj)
           return expectEqualInner(T, expected, actual);
       
       C:\Users\tvolo\AppData\Local\Microsoft\WinGet\Packages\zig.zig_Microsoft.Winget.Source_8wekyb3d8bbwe\zig-x86_64-windows-0.16.0\lib\std\testing.zig:83: 0x7ff6f08909bd in expectEqual (test_zcu.obj)
           return expectEqualInner(T, expected, actual);
       
       C:\Users\tvolo\AppData\Local\Microsoft\WinGet\Packages\zig.zig_Microsoft.Winget.Source_8wekyb3d8bbwe\zig-x86_64-windows-0.16.0\lib\std\testing.zig:83: 0x7ff6f08909bd in expectEqual (test_zcu.obj)
           return expectEqualInner(T, expected, actual);
       
       C:\Users\tvolo\AppData\Local\Microsoft\WinGet\Packages\zig.zig_Microsoft.Winget.Source_8wekyb3d8bbwe\zig-x86_64-windows-0.16.0\lib\std\testing.zig:83: 0x7ff6f08909bd in expectEqual (test_zcu.obj)
           return expectEqualInner(T, expected, actual);
       
       C:\Users\tvolo\AppData\Local\Microsoft\WinGet\Packages\zig.zig_Microsoft.Winget.Source_8wekyb3d8bbwe\zig-x86_64-windows-0.16.0\lib\std\testing.zig:83: 0x7ff6f08909bd in expectEqual (test_zcu.obj)
           return expectEqualInner(T, expected, actual);
       
       C:\Users\tvolo\AppData\Local\Microsoft\WinGet\Packages\zig.zig_Microsoft.Winget.Source_8wekyb3d8bbwe\zig-x86_64-windows-0.16.0\lib\std\testing.zig:83: 0x7ff6f08909bd in expectEqual (test_zcu.obj)
           return expectEqualInner(T, expected, actual);
       
       C:\Users\tvolo\AppData\Local\Microsoft\WinGet\Packages\zig.zig_Microsoft.Winget.Source_8wekyb3d8bbwe\zig-x86_64-windows-0.16.0\lib\std\testing.zig:83: 0x7ff6f08909bd in expectEqual (test_zcu.obj)
           return expectEqualInner(T, expected, actual);
       
       C:\Users\tvolo\AppData\Local\Microsoft\WinGet\Packages\zig.zig_Microsoft.Winget.Source_8wekyb3d8bbwe\zig-x86_64-windows-0.16.0\lib\std\testing.zig:83: 0x7ff6f08909bd in expectEqual (test_zcu.obj)
           return expectEqualInner(T, expected, actual);
       
       C:\Users\tvolo\AppData\Local\Microsoft\WinGet\Packages\zig.zig_Microsoft.Winget.Source_8wekyb3d8bbwe\zig-x86_64-windows-0.16.0\lib\std\testing.zig:83: 0x7ff6f08909bd in expectEqual (test_zcu.obj)
           return expectEqualInner(T, expected, actual);
       
       C:\Users\tvolo\AppData\Local\Microsoft\WinGet\Packages\zig.zig_Microsoft.Winget.Source_8wekyb3d8bbwe\zig-x86_64-windows-0.16.0\lib\std\testing.zig:83: 0x7ff6f08909bd in expectEqual (test_zcu.obj)
           return expectEqualInner(T, expected, actual);
       
       C:\Users\tvolo\AppData\Local\Microsoft\WinGet\Packages\zig.zig_Microsoft.Winget.Source_8wekyb3d8bbwe\zig-x86_64-windows-0.16.0\lib\std\testing.zig:83: 0x7ff6f08909bd in expectEqual (test_zcu.obj)
           return expectEqualInner(T, expected, actual);
       
       C:\Users\tvolo\AppData\Local\Microsoft\WinGet\Packages\zig.zig_Microsoft.Winget.Source_8wekyb3d8bbwe\zig-x86_64-windows-0.16.0\lib\std\testing.zig:83: 0x7ff6f08909bd in expectEqual (test_zcu.obj)
           return expectEqualInner(T, expected, actual);
       
       C:\Users\tvolo\AppData\Local\Microsoft\WinGet\Packages\zig.zig_Microsoft.Winget.Source_8wekyb3d8bbwe\zig-x86_64-windows-0.16.0\lib\std\testing.zig:83: 0x7ff6f08909bd in expectEqual (test_zcu.obj)
           return expectEqualInner(T, expected, actual);
       
       C:\Users\tvolo\AppData\Local\Microsoft\WinGet\Packages\zig.zig_Microsoft.Winget.Source_8wekyb3d8bbwe\zig-x86_64-windows-0.16.0\lib\std\testing.zig:83: 0x7ff6f08909bd in expectEqual (test_zcu.obj)
           return expectEqualInner(T, expected, actual);
       
       C:\Users\tvolo\AppData\Local\Microsoft\WinGet\Packages\zig.zig_Microsoft.Winget.Source_8wekyb3d8bbwe\zig-x86_64-windows-0.16.0\lib\std\testing.zig:83: 0x7ff6f08909bd in expectEqual (test_zcu.obj)
           return expectEqualInner(T, expected, actual);
       
       C:\Users\tvolo\AppData\Local\Microsoft\WinGet\Packages\zig.zig_Microsoft.Winget.Source_8wekyb3d8bbwe\zig-x86_64-windows-0.16.0\lib\std\testing.zig:83: 0x7ff6f08909bd in expectEqual (test_zcu.obj)
           return expectEqualInner(T, expected, actual);
       
       C:\Users\tvolo\AppData\Local\Microsoft\WinGet\Packages\zig.zig_Microsoft.Winget.Source_8wekyb3d8bbwe\zig-x86_64-windows-0.16.0\lib\std\testing.zig:83: 0x7ff6f08909bd in expectEqual (test_zcu.obj)
           return expectEqualInner(T, expected, actual);
       
       C:\Users\tvolo\AppData\Local\Microsoft\WinGet\Packages\zig.zig_Microsoft.Winget.Source_8wekyb3d8bbwe\zig-x86_64-windows-0.16.0\lib\std\testing.zig:83: 0x7ff6f08909bd in expectEqual (test_zcu.obj)
           return expectEqualInner(T, expected, actual);
       
       C:\Users\tvolo\AppData\Local\Microsoft\WinGet\Packages\zig.zig_Microsoft.Winget.Source_8wekyb3d8bbwe\zig-x86_64-windows-0.16.0\lib\std\testing.zig:83: 0x7ff6f08909bd in expectEqual (test_zcu.obj)
           return expectEqualInner(T, expected, actual);
       
       C:\Users\tvolo\AppData\Local\Microsoft\WinGet\Packages\zig.zig_Microsoft.Winget.Source_8wekyb3d8bbwe\zig-x86_64-windows-0.16.0\lib\std\testing.zig:83: 0x7ff6f08909bd in expectEqual (test_zcu.obj)
           return expectEqualInner(T, expected, actual);
       
       C:\Users\tvolo\AppData\Local\Microsoft\WinGet\Packages\zig.zig_Microsoft.Winget.Source_8wekyb3d8bbwe\zig-x86_64-windows-0.16.0\lib\std\testing.zig:83: 0x7ff6f08909bd in expectEqual (test_zcu.obj)
           return expectEqualInner(T, expected, actual);
       
       C:\Users\tvolo\AppData\Local\Microsoft\WinGet\Packages\zig.zig_Microsoft.Winget.Source_8wekyb3d8bbwe\zig-x86_64-windows-0.16.0\lib\std\testing.zig:83: 0x7ff6f08909bd in expectEqual (test_zcu.obj)
           return expectEqualInner(T, expected, actual);
       
       C:\Users\tvolo\AppData\Local\Microsoft\WinGet\Packages\zig.zig_Microsoft.Winget.Source_8wekyb3d8bbwe\zig-x86_64-windows-0.16.0\lib\std\testing.zig:83: 0x7ff6f08909bd in expectEqual (test_zcu.obj)
           return expectEqualInner(T, expected, actual);
       
       C:\Users\tvolo\AppData\Local\Microsoft\WinGet\Packages\zig.zig_Microsoft.Winget.Source_8wekyb3d8bbwe\zig-x86_64-windows-0.16.0\lib\std\testing.zig:83: 0x7ff6f08909bd in expectEqual (test_zcu.obj)
           return expectEqualInner(T, expected, actual);
       
       C:\Users\tvolo\AppData\Local\Microsoft\WinGet\Packages\zig.zig_Microsoft.Winget.Source_8wekyb3d8bbwe\zig-x86_64-windows-0.16.0\lib\std\testing.zig:83: 0x7ff6f08909bd in expectEqual (test_zcu.obj)
           return expectEqualInner(T, expected, actual);
       
       C:\Users\tvolo\AppData\Local\Microsoft\WinGet\Packages\zig.zig_Microsoft.Winget.Source_8wekyb3d8bbwe\zig-x86_64-windows-0.16.0\lib\std\testing.zig:83: 0x7ff6f08909bd in expectEqual (test_zcu.obj)
           return expectEqualInner(T, expected, actual);
       
       C:\Users\tvolo\AppData\Local\Microsoft\WinGet\Packages\zig.zig_Microsoft.Winget.Source_8wekyb3d8bbwe\zig-x86_64-windows-0.16.0\lib\std\testing.zig:83: 0x7ff6f08909bd in expectEqual (test_zcu.obj)
           return expectEqualInner(T, expected, actual);
       
       C:\Users\tvolo\AppData\Local\Microsoft\WinGet\Packages\zig.zig_Microsoft.Winget.Source_8wekyb3d8bbwe\zig-x86_64-windows-0.16.0\lib\std\testing.zig:83: 0x7ff6f08909bd in expectEqual (test_zcu.obj)
           return expectEqualInner(T, expected, actual);
       
       C:\Users\tvolo\AppData\Local\Microsoft\WinGet\Packages\zig.zig_Microsoft.Winget.Source_8wekyb3d8bbwe\zig-x86_64-windows-0.16.0\lib\std\testing.zig:83: 0x7ff6f08909bd in expectEqual (test_zcu.obj)
           return expectEqualInner(T, expected, actual);
       
       C:\Users\tvolo\AppData\Local\Microsoft\WinGet\Packages\zig.zig_Microsoft.Winget.Source_8wekyb3d8bbwe\zig-x86_64-windows-0.16.0\lib\std\testing.zig:83: 0x7ff6f08909bd in expectEqual (test_zcu.obj)
           return expectEqualInner(T, expected, actual);
       
       C:\Users\tvolo\AppData\Local\Microsoft\WinGet\Packages\zig.zig_Microsoft.Winget.Source_8wekyb3d8bbwe\zig-x86_64-windows-0.16.0\lib\std\testing.zig:83: 0x7ff6f08909bd in expectEqual (test_zcu.obj)
           return expectEqualInner(T, expected, actual);
       
       C:\Users\tvolo\AppData\Local\Microsoft\WinGet\Packages\zig.zig_Microsoft.Winget.Source_8wekyb3d8bbwe\zig-x86_64-windows-0.16.0\lib\std\testing.zig:83: 0x7ff6f08909bd in expectEqual (test_zcu.obj)
           return expectEqualInner(T, expected, actual);
       
       C:\Users\tvolo\AppData\Local\Microsoft\WinGet\Packages\zig.zig_Microsoft.Winget.Source_8wekyb3d8bbwe\zig-x86_64-windows-0.16.0\lib\std\testing.zig:83: 0x7ff6f08909bd in expectEqual (test_zcu.obj)
           return expectEqualInner(T, expected, actual);
       
       C:\Users\tvolo\AppData\Local\Microsoft\WinGet\Packages\zig.zig_Microsoft.Winget.Source_8wekyb3d8bbwe\zig-x86_64-windows-0.16.0\lib\std\testing.zig:83: 0x7ff6f08909bd in expectEqual (test_zcu.obj)
           return expectEqualInner(T, expected, actual);
       
       C:\Users\tvolo\AppData\Local\Microsoft\WinGet\Packages\zig.zig_Microsoft.Winget.Source_8wekyb3d8bbwe\zig-x86_64-windows-0.16.0\lib\std\testing.zig:83: 0x7ff6f08909bd in expectEqual (test_zcu.obj)
           return expectEqualInner(T, expected, actual);
       
       C:\Users\tvolo\AppData\Local\Microsoft\WinGet\Packages\zig.zig_Microsoft.Winget.Source_8wekyb3d8bbwe\zig-x86_64-windows-0.16.0\lib\std\testing.zig:83: 0x7ff6f08909bd in expectEqual (test_zcu.obj)
           return expectEqualInner(T, expected, actual);
       
       C:\Users\tvolo\AppData\Local\Microsoft\WinGet\Packages\zig.zig_Microsoft.Winget.Source_8wekyb3d8bbwe\zig-x86_64-windows-0.16.0\lib\std\testing.zig:83: 0x7ff6f08909bd in expectEqual (test_zcu.obj)
           return expectEqualInner(T, expected, actual);
       
       C:\Users\tvolo\AppData\Local\Microsoft\WinGet\Packages\zig.zig_Microsoft.Winget.Source_8wekyb3d8bbwe\zig-x86_64-windows-0.16.0\lib\std\testing.zig:83: 0x7ff6f08909bd in expectEqual (test_zcu.obj)
           return expectEqualInner(T, expected, actual);
       
       C:\Users\tvolo\AppData\Local\Microsoft\WinGet\Packages\zig.zig_Microsoft.Winget.Source_8wekyb3d8bbwe\zig-x86_64-windows-0.16.0\lib\std\testing.zig:83: 0x7ff6f08909bd in expectEqual (test_zcu.obj)
           return expectEqualInner(T, expected, actual);
       
       C:\Users\tvolo\AppData\Local\Microsoft\WinGet\Packages\zig.zig_Microsoft.Winget.Source_8wekyb3d8bbwe\zig-x86_64-windows-0.16.0\lib\std\testing.zig:83: 0x7ff6f08909bd in expectEqual (test_zcu.obj)
           return expectEqualInner(T, expected, actual);
       
       C:\Users\tvolo\AppData\Local\Microsoft\WinGet\Packages\zig.zig_Microsoft.Winget.Source_8wekyb3d8bbwe\zig-x86_64-windows-0.16.0\lib\std\testing.zig:83: 0x7ff6f08909bd in expectEqual (test_zcu.obj)
           return expectEqualInner(T, expected, actual);
       
       C:\Users\tvolo\AppData\Local\Microsoft\WinGet\Packages\zig.zig_Microsoft.Winget.Source_8wekyb3d8bbwe\zig-x86_64-windows-0.16.0\lib\std\testing.zig:83: 0x7ff6f08909bd in expectEqual (test_zcu.obj)
           return expectEqualInner(T, expected, actual);
       
       C:\Users\tvolo\AppData\Local\Microsoft\WinGet\Packages\zig.zig_Microsoft.Winget.Source_8wekyb3d8bbwe\zig-x86_64-windows-0.16.0\lib\std\testing.zig:83: 0x7ff6f08909bd in expectEqual (test_zcu.obj)
           return expectEqualInner(T, expected, actual);
       
       C:\Users\tvolo\AppData\Local\Microsoft\WinGet\Packages\zig.zig_Microsoft.Winget.Source_8wekyb3d8bbwe\zig-x86_64-windows-0.16.0\lib\std\testing.zig:83: 0x7ff6f08909bd in expectEqual (test_zcu.obj)
           return expectEqualInner(T, expected, actual);
       
       C:\Users\tvolo\AppData\Local\Microsoft\WinGet\Packages\zig.zig_Microsoft.Winget.Source_8wekyb3d8bbwe\zig-x86_64-windows-0.16.0\lib\std\testing.zig:83: 0x7ff6f08909bd in expectEqual (test_zcu.obj)
           return expectEqualInner(T, expected, actual);
       
       C:\Users\tvolo\AppData\Local\Microsoft\WinGet\Packages\zig.zig_Microsoft.Winget.Source_8wekyb3d8bbwe\zig-x86_64-windows-0.16.0\lib\std\testing.zig:83: 0x7ff6f08909bd in expectEqual (test_zcu.obj)
           return expectEqualInner(T, expected, actual);
       
       C:\Users\tvolo\AppData\Local\Microsoft\WinGet\Packages\zig.zig_Microsoft.Winget.Source_8wekyb3d8bbwe\zig-x86_64-windows-0.16.0\lib\std\testing.zig:83: 0x7ff6f08909bd in expectEqual (test_zcu.obj)
           return expectEqualInner(T, expected, actual);
       
       C:\Users\tvolo\AppData\Local\Microsoft\WinGet\Packages\zig.zig_Microsoft.Winget.Source_8wekyb3d8bbwe\zig-x86_64-windows-0.16.0\lib\std\testing.zig:83: 0x7ff6f08909bd in expectEqual (test_zcu.obj)
           return expectEqualInner(T, expected, actual);
       
       C:\Users\tvolo\AppData\Local\Microsoft\WinGet\Packages\zig.zig_Microsoft.Winget.Source_8wekyb3d8bbwe\zig-x86_64-windows-0.16.0\lib\std\testing.zig:83: 0x7ff6f08909bd in expectEqual (test_zcu.obj)
           return expectEqualInner(T, expected, actual);
       
       C:\Users\tvolo\AppData\Local\Microsoft\WinGet\Packages\zig.zig_Microsoft.Winget.Source_8wekyb3d8bbwe\zig-x86_64-windows-0.16.0\lib\std\testing.zig:83: 0x7ff6f08909bd in expectEqual (test_zcu.obj)
           return expectEqualInner(T, expected, actual);
       
       C:\Users\tvolo\AppData\Local\Microsoft\WinGet\Packages\zig.zig_Microsoft.Winget.Source_8wekyb3d8bbwe\zig-x86_64-windows-0.16.0\lib\std\testing.zig:83: 0x7ff6f08909bd in expectEqual (test_zcu.obj)
           return expectEqualInner(T, expected, actual);
       
       C:\Users\tvolo\AppData\Local\Microsoft\WinGet\Packages\zig.zig_Microsoft.Winget.Source_8wekyb3d8bbwe\zig-x86_64-windows-0.16.0\lib\std\testing.zig:83: 0x7ff6f08909bd in expectEqual (test_zcu.obj)
           return expectEqualInner(T, expected, actual);
       
       C:\Users\tvolo\AppData\Local\Microsoft\WinGet\Packages\zig.zig_Microsoft.Winget.Source_8wekyb3d8bbwe\zig-x86_64-windows-0.16.0\lib\std\testing.zig:83: 0x7ff6f08909bd in expectEqual (test_zcu.obj)
           return expectEqualInner(T, expected, actual);
       
       C:\Users\tvolo\AppData\Local\Microsoft\WinGet\Packages\zig.zig_Microsoft.Winget.Source_8wekyb3d8bbwe\zig-x86_64-windows-0.16.0\lib\std\testing.zig:83: 0x7ff6f08909bd in expectEqual (test_zcu.obj)
           return expectEqualInner(T, expected, actual);
       
       C:\Users\tvolo\AppData\Local\Microsoft\WinGet\Packages\zig.zig_Microsoft.Winget.Source_8wekyb3d8bbwe\zig-x86_64-windows-0.16.0\lib\std\testing.zig:83: 0x7ff6f08909bd in expectEqual (test_zcu.obj)
           return expectEqualInner(T, expected, actual);
       
       C:\Users\tvolo\AppData\Local\Microsoft\WinGet\Packages\zig.zig_Microsoft.Winget.Source_8wekyb3d8bbwe\zig-x86_64-windows-0.16.0\lib\std\testing.zig:83: 0x7ff6f08909bd in expectEqual (test_zcu.obj)
           return expectEqualInner(T, expected, actual);
       
       C:\Users\tvolo\AppData\Local\Microsoft\WinGet\Packages\zig.zig_Microsoft.Winget.Source_8wekyb3d8bbwe\zig-x86_64-windows-0.16.0\lib\std\testing.zig:83: 0x7ff6f08909bd in expectEqual (test_zcu.obj)
           return expectEqualInner(T, expected, actual);
       
       C:\Users\tvolo\AppData\Local\Microsoft\WinGet\Packages\zig.zig_Microsoft.Winget.Source_8wekyb3d8bbwe\zig-x86_64-windows-0.16.0\lib\std\testing.zig:83: 0x7ff6f08909bd in expectEqual (test_zcu.obj)
           return expectEqualInner(T, expected, actual);
       
       C:\Users\tvolo\AppData\Local\Microsoft\WinGet\Packages\zig.zig_Microsoft.Winget.Source_8wekyb3d8bbwe\zig-x86_64-windows-0.16.0\lib\std\testing.zig:83: 0x7ff6f08909bd in expectEqual (test_zcu.obj)
           return expectEqualInner(T, expected, actual);
       
       C:\Users\tvolo\AppData\Local\Microsoft\WinGet\Packages\zig.zig_Microsoft.Winget.Source_8wekyb3d8bbwe\zig-x86_64-windows-0.16.0\lib\std\testing.zig:83: 0x7ff6f08909bd in expectEqual (test_zcu.obj)
           return expectEqualInner(T, expected, actual);
       
       C:\Users\tvolo\AppData\Local\Microsoft\WinGet\Packages\zig.zig_Microsoft.Winget.Source_8wekyb3d8bbwe\zig-x86_64-windows-0.16.0\lib\std\testing.zig:83: 0x7ff6f08909bd in expectEqual (test_zcu.obj)
           return expectEqualInner(T, expected, actual);
       
       C:\Users\tvolo\AppData\Local\Microsoft\WinGet\Packages\zig.zig_Microsoft.Winget.Source_8wekyb3d8bbwe\zig-x86_64-windows-0.16.0\lib\std\testing.zig:83: 0x7ff6f08909bd in expectEqual (test_zcu.obj)
           return expectEqualInner(T, expected, actual);
       
       C:\Users\tvolo\AppData\Local\Microsoft\WinGet\Packages\zig.zig_Microsoft.Winget.Source_8wekyb3d8bbwe\zig-x86_64-windows-0.16.0\lib\std\testing.zig:83: 0x7ff6f08909bd in expectEqual (test_zcu.obj)
           return expectEqualInner(T, expected, actual);
       
       C:\Users\tvolo\AppData\Local\Microsoft\WinGet\Packages\zig.zig_Microsoft.Winget.Source_8wekyb3d8bbwe\zig-x86_64-windows-0.16.0\lib\std\testing.zig:83: 0x7ff6f08909bd in expectEqual (test_zcu.obj)
           return expectEqualInner(T, expected, actual);
       
       C:\Users\tvolo\AppData\Local\Microsoft\WinGet\Packages\zig.zig_Microsoft.Winget.Source_8wekyb3d8bbwe\zig-x86_64-windows-0.16.0\lib\std\testing.zig:83: 0x7ff6f08909bd in expectEqual (test_zcu.obj)
           return expectEqualInner(T, expected, actual);
       
       C:\Users\tvolo\AppData\Local\Microsoft\WinGet\Packages\zig.zig_Microsoft.Winget.Source_8wekyb3d8bbwe\zig-x86_64-windows-0.16.0\lib\std\testing.zig:83: 0x7ff6f08909bd in expectEqual (test_zcu.obj)
           return expectEqualInner(T, expected, actual);
       
       C:\Users\tvolo\AppData\Local\Microsoft\WinGet\Packages\zig.zig_Microsoft.Winget.Source_8wekyb3d8bbwe\zig-x86_64-windows-0.16.0\lib\std\testing.zig:83: 0x7ff6f08909bd in expectEqual (test_zcu.obj)
           return expectEqualInner(T, expected, actual);
       
       C:\Users\tvolo\AppData\Local\Microsoft\WinGet\Packages\zig.zig_Microsoft.Winget.Source_8wekyb3d8bbwe\zig-x86_64-windows-0.16.0\lib\std\testing.zig:83: 0x7ff6f08909bd in expectEqual (test_zcu.obj)
           return expectEqualInner(T, expected, actual);
       
       C:\Users\tvolo\AppData\Local\Microsoft\WinGet\Packages\zig.zig_Microsoft.Winget.Source_8wekyb3d8bbwe\zig-x86_64-windows-0.16.0\lib\std\testing.zig:83: 0x7ff6f08909bd in expectEqual (test_zcu.obj)
           return expectEqualInner(T, expected, actual);
       
       C:\Users\tvolo\AppData\Local\Microsoft\WinGet\Packages\zig.zig_Microsoft.Winget.Source_8wekyb3d8bbwe\zig-x86_64-windows-0.16.0\lib\std\testing.zig:83: 0x7ff6f08909bd in expectEqual (test_zcu.obj)
           return expectEqualInner(T, expected, actual);
       
       C:\Users\tvolo\AppData\Local\Microsoft\WinGet\Packages\zig.zig_Microsoft.Winget.Source_8wekyb3d8bbwe\zig-x86_64-windows-0.16.0\lib\std\testing.zig:83: 0x7ff6f08909bd in expectEqual (test_zcu.obj)
           return expectEqualInner(T, expected, actual);
       
       C:\Users\tvolo\AppData\Local\Microsoft\WinGet\Packages\zig.zig_Microsoft.Winget.Source_8wekyb3d8bbwe\zig-x86_64-windows-0.16.0\lib\std\testing.zig:83: 0x7ff6f08909bd in expectEqual (test_zcu.obj)
           return expectEqualInner(T, expected, actual);
       
       C:\Users\tvolo\AppData\Local\Microsoft\WinGet\Packages\zig.zig_Microsoft.Winget.Source_8wekyb3d8bbwe\zig-x86_64-windows-0.16.0\lib\std\testing.zig:83: 0x7ff6f08909bd in expectEqual (test_zcu.obj)
           return expectEqualInner(T, expected, actual);
       
       C:\Users\tvolo\AppData\Local\Microsoft\WinGet\Packages\zig.zig_Microsoft.Winget.Source_8wekyb3d8bbwe\zig-x86_64-windows-0.16.0\lib\std\testing.zig:83: 0x7ff6f08909bd in expectEqual (test_zcu.obj)
           return expectEqualInner(T, expected, actual);
       
       C:\Users\tvolo\AppData\Local\Microsoft\WinGet\Packages\zig.zig_Microsoft.Winget.Source_8wekyb3d8bbwe\zig-x86_64-windows-0.16.0\lib\std\testing.zig:83: 0x7ff6f08909bd in expectEqual (test_zcu.obj)
           return expectEqualInner(T, expected, actual);
       
       C:\Users\tvolo\AppData\Local\Microsoft\WinGet\Packages\zig.zig_Microsoft.Winget.Source_8wekyb3d8bbwe\zig-x86_64-windows-0.16.0\lib\std\testing.zig:83: 0x7ff6f08909bd in expectEqual (test_zcu.obj)
           return expectEqualInner(T, expected, actual);
       
       C:\Users\tvolo\AppData\Local\Microsoft\WinGet\Packages\zig.zig_Microsoft.Winget.Source_8wekyb3d8bbwe\zig-x86_64-windows-0.16.0\lib\std\testing.zig:83: 0x7ff6f08909bd in expectEqual (test_zcu.obj)
           return expectEqualInner(T, expected, actual);
       
       C:\Users\tvolo\AppData\Local\Microsoft\WinGet\Packages\zig.zig_Microsoft.Winget.Source_8wekyb3d8bbwe\zig-x86_64-windows-0.16.0\lib\std\testing.zig:83: 0x7ff6f08909bd in expectEqual (test_zcu.obj)
           return expectEqualInner(T, expected, actual);
       
       C:\Users\tvolo\AppData\Local\Microsoft\WinGet\Packages\zig.zig_Microsoft.Winget.Source_8wekyb3d8bbwe\zig-x86_64-windows-0.16.0\lib\std\testing.zig:83: 0x7ff6f08909bd in expectEqual (test_zcu.obj)
           return expectEqualInner(T, expected, actual);
       
       C:\Users\tvolo\AppData\Local\Microsoft\WinGet\Packages\zig.zig_Microsoft.Winget.Source_8wekyb3d8bbwe\zig-x86_64-windows-0.16.0\lib\std\testing.zig:83: 0x7ff6f08909bd in expectEqual (test_zcu.obj)
           return expectEqualInner(T, expected, actual);
       
       C:\Users\tvolo\AppData\Local\Microsoft\WinGet\Packages\zig.zig_Microsoft.Winget.Source_8wekyb3d8bbwe\zig-x86_64-windows-0.16.0\lib\std\testing.zig:83: 0x7ff6f08909bd in expectEqual (test_zcu.obj)
           return expectEqualInner(T, expected, actual);
       
       C:\Users\tvolo\AppData\Local\Microsoft\WinGet\Packages\zig.zig_Microsoft.Winget.Source_8wekyb3d8bbwe\zig-x86_64-windows-0.16.0\lib\std\testing.zig:83: 0x7ff6f08909bd in expectEqual (test_zcu.obj)
           return expectEqualInner(T, expected, actual);
       
       C:\Users\tvolo\AppData\Local\Microsoft\WinGet\Packages\zig.zig_Microsoft.Winget.Source_8wekyb3d8bbwe\zig-x86_64-windows-0.16.0\lib\std\testing.zig:83: 0x7ff6f08909bd in expectEqual (test_zcu.obj)
           return expectEqualInner(T, expected, actual);
       
       C:\Users\tvolo\AppData\Local\Microsoft\WinGet\Packages\zig.zig_Microsoft.Winget.Source_8wekyb3d8bbwe\zig-x86_64-windows-0.16.0\lib\std\testing.zig:83: 0x7ff6f08909bd in expectEqual (test_zcu.obj)
           return expectEqualInner(T, expected, actual);
       
       C:\Users\tvolo\AppData\Local\Microsoft\WinGet\Packages\zig.zig_Microsoft.Winget.Source_8wekyb3d8bbwe\zig-x86_64-windows-0.16.0\lib\std\testing.zig:83: 0x7ff6f08909bd in expectEqual (test_zcu.obj)
           return expectEqualInner(T, expected, actual);
       
       C:\Users\tvolo\AppData\Local\Microsoft\WinGet\Packages\zig.zig_Microsoft.Winget.Source_8wekyb3d8bbwe\zig-x86_64-windows-0.16.0\lib\std\testing.zig:83: 0x7ff6f08909bd in expectEqual (test_zcu.obj)
           return expectEqualInner(T, expected, actual);
       
       C:\Users\tvolo\AppData\Local\Microsoft\WinGet\Packages\zig.zig_Microsoft.Winget.Source_8wekyb3d8bbwe\zig-x86_64-windows-0.16.0\lib\std\testing.zig:83: 0x7ff6f08909bd in expectEqual (test_zcu.obj)
           return expectEqualInner(T, expected, actual);
       
       C:\Users\tvolo\AppData\Local\Microsoft\WinGet\Packages\zig.zig_Microsoft.Winget.Source_8wekyb3d8bbwe\zig-x86_64-windows-0.16.0\lib\std\testing.zig:83: 0x7ff6f08909bd in expectEqual (test_zcu.obj)
           return expectEqualInner(T, expected, actual);
       
       C:\Users\tvolo\AppData\Local\Microsoft\WinGet\Packages\zig.zig_Microsoft.Winget.Source_8wekyb3d8bbwe\zig-x86_64-windows-0.16.0\lib\std\testing.zig:83: 0x7ff6f08909bd in expectEqual (test_zcu.obj)
           return expectEqualInner(T, expected, actual);
       
       C:\Users\tvolo\AppData\Local\Microsoft\WinGet\Packages\zig.zig_Microsoft.Winget.Source_8wekyb3d8bbwe\zig-x86_64-windows-0.16.0\lib\std\testing.zig:83: 0x7ff6f08909bd in expectEqual (test_zcu.obj)
           return expectEqualInner(T, expected, actual);
       
       C:\Users\tvolo\AppData\Local\Microsoft\WinGet\Packages\zig.zig_Microsoft.Winget.Source_8wekyb3d8bbwe\zig-x86_64-windows-0.16.0\lib\std\testing.zig:83: 0x7ff6f08909bd in expectEqual (test_zcu.obj)
           return expectEqualInner(T, expected, actual);
       
       C:\Users\tvolo\AppData\Local\Microsoft\WinGet\Packages\zig.zig_Microsoft.Winget.Source_8wekyb3d8bbwe\zig-x86_64-windows-0.16.0\lib\std\testing.zig:83: 0x7ff6f08909bd in expectEqual (test_zcu.obj)
           return expectEqualInner(T, expected, actual);
       
       C:\Users\tvolo\AppData\Local\Microsoft\WinGet\Packages\zig.zig_Microsoft.Winget.Source_8wekyb3d8bbwe\zig-x86_64-windows-0.16.0\lib\std\testing.zig:83: 0x7ff6f08909bd in expectEqual (test_zcu.obj)
           return expectEqualInner(T, expected, actual);
       
       C:\Users\tvolo\AppData\Local\Microsoft\WinGet\Packages\zig.zig_Microsoft.Winget.Source_8wekyb3d8bbwe\zig-x86_64-windows-0.16.0\lib\std\testing.zig:83: 0x7ff6f08909bd in expectEqual (test_zcu.obj)
           return expectEqualInner(T, expected, actual);
       
       C:\Users\tvolo\AppData\Local\Microsoft\WinGet\Packages\zig.zig_Microsoft.Winget.Source_8wekyb3d8bbwe\zig-x86_64-windows-0.16.0\lib\std\testing.zig:83: 0x7ff6f08909bd in expectEqual (test_zcu.obj)
           return expectEqualInner(T, expected, actual);
       
       C:\Users\tvolo\AppData\Local\Microsoft\WinGet\Packages\zig.zig_Microsoft.Winget.Source_8wekyb3d8bbwe\zig-x86_64-windows-0.16.0\lib\std\testing.zig:83: 0x7ff6f08909bd in expectEqual (test_zcu.obj)
           return expectEqualInner(T, expected, actual);
       
       C:\Users\tvolo\AppData\Local\Microsoft\WinGet\Packages\zig.zig_Microsoft.Winget.Source_8wekyb3d8bbwe\zig-x86_64-windows-0.16.0\lib\std\testing.zig:83: 0x7ff6f08909bd in expectEqual (test_zcu.obj)
           return expectEqualInner(T, expected, actual);
       
       C:\Users\tvolo\AppData\Local\Microsoft\WinGet\Packages\zig.zig_Microsoft.Winget.Source_8wekyb3d8bbwe\zig-x86_64-windows-0.16.0\lib\std\testing.zig:83: 0x7ff6f08909bd in expectEqual (test_zcu.obj)
           return expectEqualInner(T, expected, actual);
       
       C:\Users\tvolo\AppData\Local\Microsoft\WinGet\Packages\zig.zig_Microsoft.Winget.Source_8wekyb3d8bbwe\zig-x86_64-windows-0.16.0\lib\std\testing.zig:83: 0x7ff6f08909bd in expectEqual (test_zcu.obj)
           return expectEqualInner(T, expected, actual);
       
       C:\Users\tvolo\AppData\Local\Microsoft\WinGet\Packages\zig.zig_Microsoft.Winget.Source_8wekyb3d8bbwe\zig-x86_64-windows-0.16.0\lib\std\testing.zig:83: 0x7ff6f08909bd in expectEqual (test_zcu.obj)
           return expectEqualInner(T, expected, actual);
       
       C:\Users\tvolo\AppData\Local\Microsoft\WinGet\Packages\zig.zig_Microsoft.Winget.Source_8wekyb3d8bbwe\zig-x86_64-windows-0.16.0\lib\std\testing.zig:83: 0x7ff6f08909bd in expectEqual (test_zcu.obj)
           return expectEqualInner(T, expected, actual);
       
       C:\Users\tvolo\AppData\Local\Microsoft\WinGet\Packages\zig.zig_Microsoft.Winget.Source_8wekyb3d8bbwe\zig-x86_64-windows-0.16.0\lib\std\testing.zig:83: 0x7ff6f08909bd in expectEqual (test_zcu.obj)
           return expectEqualInner(T, expected, actual);
       
       C:\Users\tvolo\AppData\Local\Microsoft\WinGet\Packages\zig.zig_Microsoft.Winget.Source_8wekyb3d8bbwe\zig-x86_64-windows-0.16.0\lib\std\testing.zig:83: 0x7ff6f08909bd in expectEqual (test_zcu.obj)
           return expectEqualInner(T, expected, actual);
       
       C:\Users\tvolo\AppData\Local\Microsoft\WinGet\Packages\zig.zig_Microsoft.Winget.Source_8wekyb3d8bbwe\zig-x86_64-windows-0.16.0\lib\std\testing.zig:83: 0x7ff6f08909bd in expectEqual (test_zcu.obj)
           return expectEqualInner(T, expected, actual);
       
       C:\Users\tvolo\AppData\Local\Microsoft\WinGet\Packages\zig.zig_Microsoft.Winget.Source_8wekyb3d8bbwe\zig-x86_64-windows-0.16.0\lib\std\testing.zig:83: 0x7ff6f08909bd in expectEqual (test_zcu.obj)
           return expectEqualInner(T, expected, actual);
       
       C:\Users\tvolo\AppData\Local\Microsoft\WinGet\Packages\zig.zig_Microsoft.Winget.Source_8wekyb3d8bbwe\zig-x86_64-windows-0.16.0\lib\std\testing.zig:83: 0x7ff6f08909bd in expectEqual (test_zcu.obj)
           return expectEqualInner(T, expected, actual);
       
       C:\Users\tvolo\AppData\Local\Microsoft\WinGet\Packages\zig.zig_Microsoft.Winget.Source_8wekyb3d8bbwe\zig-x86_64-windows-0.16.0\lib\std\testing.zig:83: 0x7ff6f08909bd in expectEqual (test_zcu.obj)
           return expectEqualInner(T, expected, actual);
       
       C:\Users\tvolo\AppData\Local\Microsoft\WinGet\Packages\zig.zig_Microsoft.Winget.Source_8wekyb3d8bbwe\zig-x86_64-windows-0.16.0\lib\std\testing.zig:83: 0x7ff6f08909bd in expectEqual (test_zcu.obj)
           return expectEqualInner(T, expected, actual);
       
       C:\Users\tvolo\AppData\Local\Microsoft\WinGet\Packages\zig.zig_Microsoft.Winget.Source_8wekyb3d8bbwe\zig-x86_64-windows-0.16.0\lib\std\testing.zig:83: 0x7ff6f08909bd in expectEqual (test_zcu.obj)
           return expectEqualInner(T, expected, actual);
       
       C:\Users\tvolo\AppData\Local\Microsoft\WinGet\Packages\zig.zig_Microsoft.Winget.Source_8wekyb3d8bbwe\zig-x86_64-windows-0.16.0\lib\std\testing.zig:83: 0x7ff6f08909bd in expectEqual (test_zcu.obj)
           return expectEqualInner(T, expected, actual);
       
       C:\Users\tvolo\AppData\Local\Microsoft\WinGet\Packages\zig.zig_Microsoft.Winget.Source_8wekyb3d8bbwe\zig-x86_64-windows-0.16.0\lib\std\testing.zig:83: 0x7ff6f08909bd in expectEqual (test_zcu.obj)
           return expectEqualInner(T, expected, actual);
       
       C:\Users\tvolo\AppData\Local\Microsoft\WinGet\Packages\zig.zig_Microsoft.Winget.Source_8wekyb3d8bbwe\zig-x86_64-windows-0.16.0\lib\std\testing.zig:83: 0x7ff6f08909bd in expectEqual (test_zcu.obj)
           return expectEqualInner(T, expected, actual);
       
       C:\Users\tvolo\AppData\Local\Microsoft\WinGet\Packages\zig.zig_Microsoft.Winget.Source_8wekyb3d8bbwe\zig-x86_64-windows-0.16.0\lib\std\testing.zig:83: 0x7ff6f08909bd in expectEqual (test_zcu.obj)
           return expectEqualInner(T, expected, actual);
       
       C:\Users\tvolo\AppData\Local\Microsoft\WinGet\Packages\zig.zig_Microsoft.Winget.Source_8wekyb3d8bbwe\zig-x86_64-windows-0.16.0\lib\std\testing.zig:83: 0x7ff6f08909bd in expectEqual (test_zcu.obj)
           return expectEqualInner(T, expected, actual);
       
       C:\Users\tvolo\AppData\Local\Microsoft\WinGet\Packages\zig.zig_Microsoft.Winget.Source_8wekyb3d8bbwe\zig-x86_64-windows-0.16.0\lib\std\testing.zig:83: 0x7ff6f08909bd in expectEqual (test_zcu.obj)
           return expectEqualInner(T, expected, actual);
       
       C:\Users\tvolo\AppData\Local\Microsoft\WinGet\Packages\zig.zig_Microsoft.Winget.Source_8wekyb3d8bbwe\zig-x86_64-windows-0.16.0\lib\std\testing.zig:83: 0x7ff6f08909bd in expectEqual (test_zcu.obj)
           return expectEqualInner(T, expected, actual);
       
       C:\Users\tvolo\AppData\Local\Microsoft\WinGet\Packages\zig.zig_Microsoft.Winget.Source_8wekyb3d8bbwe\zig-x86_64-windows-0.16.0\lib\std\testing.zig:83: 0x7ff6f08909bd in expectEqual (test_zcu.obj)
           return expectEqualInner(T, expected, actual);
       
       C:\Users\tvolo\AppData\Local\Microsoft\WinGet\Packages\zig.zig_Microsoft.Winget.Source_8wekyb3d8bbwe\zig-x86_64-windows-0.16.0\lib\std\testing.zig:83: 0x7ff6f08909bd in expectEqual (test_zcu.obj)
           return expectEqualInner(T, expected, actual);
       
       C:\Users\tvolo\AppData\Local\Microsoft\WinGet\Packages\zig.zig_Microsoft.Winget.Source_8wekyb3d8bbwe\zig-x86_64-windows-0.16.0\lib\std\testing.zig:83: 0x7ff6f08909bd in expectEqual (test_zcu.obj)
           return expectEqualInner(T, expected, actual);
       
       C:\Users\tvolo\AppData\Local\Microsoft\WinGet\Packages\zig.zig_Microsoft.Winget.Source_8wekyb3d8bbwe\zig-x86_64-windows-0.16.0\lib\std\testing.zig:83: 0x7ff6f08909bd in expectEqual (test_zcu.obj)
           return expectEqualInner(T, expected, actual);
       
       C:\Users\tvolo\AppData\Local\Microsoft\WinGet\Packages\zig.zig_Microsoft.Winget.Source_8wekyb3d8bbwe\zig-x86_64-windows-0.16.0\lib\std\testing.zig:83: 0x7ff6f08909bd in expectEqual (test_zcu.obj)
           return expectEqualInner(T, expected, actual);
       
       C:\Users\tvolo\AppData\Local\Microsoft\WinGet\Packages\zig.zig_Microsoft.Winget.Source_8wekyb3d8bbwe\zig-x86_64-windows-0.16.0\lib\std\testing.zig:83: 0x7ff6f08909bd in expectEqual (test_zcu.obj)
           return expectEqualInner(T, expected, actual);
       
       C:\Users\tvolo\AppData\Local\Microsoft\WinGet\Packages\zig.zig_Microsoft.Winget.Source_8wekyb3d8bbwe\zig-x86_64-windows-0.16.0\lib\std\testing.zig:83: 0x7ff6f08909bd in expectEqual (test_zcu.obj)
           return expectEqualInner(T, expected, actual);
       
       C:\Users\tvolo\AppData\Local\Microsoft\WinGet\Packages\zig.zig_Microsoft.Winget.Source_8wekyb3d8bbwe\zig-x86_64-windows-0.16.0\lib\std\testing.zig:83: 0x7ff6f08909bd in expectEqual (test_zcu.obj)
           return expectEqualInner(T, expected, actual);
       
       C:\Users\tvolo\AppData\Local\Microsoft\WinGet\Packages\zig.zig_Microsoft.Winget.Source_8wekyb3d8bbwe\zig-x86_64-windows-0.16.0\lib\std\testing.zig:83: 0x7ff6f08909bd in expectEqual (test_zcu.obj)
           return expectEqualInner(T, expected, actual);
       
       C:\Users\tvolo\AppData\Local\Microsoft\WinGet\Packages\zig.zig_Microsoft.Winget.Source_8wekyb3d8bbwe\zig-x86_64-windows-0.16.0\lib\std\testing.zig:83: 0x7ff6f08909bd in expectEqual (test_zcu.obj)
           return expectEqualInner(T, expected, actual);
       
       C:\Users\tvolo\AppData\Local\Microsoft\WinGet\Packages\zig.zig_Microsoft.Winget.Source_8wekyb3d8bbwe\zig-x86_64-windows-0.16.0\lib\std\testing.zig:83: 0x7ff6f08909bd in expectEqual (test_zcu.obj)
           return expectEqualInner(T, expected, actual);
       
       C:\Users\tvolo\AppData\Local\Microsoft\WinGet\Packages\zig.zig_Microsoft.Winget.Source_8wekyb3d8bbwe\zig-x86_64-windows-0.16.0\lib\std\testing.zig:83: 0x7ff6f08909bd in expectEqual (test_zcu.obj)
           return expectEqualInner(T, expected, actual);
       
       C:\Users\tvolo\AppData\Local\Microsoft\WinGet\Packages\zig.zig_Microsoft.Winget.Source_8wekyb3d8bbwe\zig-x86_64-windows-0.16.0\lib\std\testing.zig:83: 0x7ff6f08909bd in expectEqual (test_zcu.obj)
           return expectEqualInner(T, expected, actual);
       
       C:\Users\tvolo\AppData\Local\Microsoft\WinGet\Packages\zig.zig_Microsoft.Winget.Source_8wekyb3d8bbwe\zig-x86_64-windows-0.16.0\lib\std\testing.zig:83: 0x7ff6f08909bd in expectEqual (test_zcu.obj)
           return expectEqualInner(T, expected, actual);
       
       C:\Users\tvolo\AppData\Local\Microsoft\WinGet\Packages\zig.zig_Microsoft.Winget.Source_8wekyb3d8bbwe\zig-x86_64-windows-0.16.0\lib\std\testing.zig:83: 0x7ff6f08909bd in expectEqual (test_zcu.obj)
           return expectEqualInner(T, expected, actual);
       
       C:\Users\tvolo\AppData\Local\Microsoft\WinGet\Packages\zig.zig_Microsoft.Winget.Source_8wekyb3d8bbwe\zig-x86_64-windows-0.16.0\lib\std\testing.zig:83: 0x7ff6f08909bd in expectEqual (test_zcu.obj)
           return expectEqualInner(T, expected, actual);
       
       C:\Users\tvolo\AppData\Local\Microsoft\WinGet\Packages\zig.zig_Microsoft.Winget.Source_8wekyb3d8bbwe\zig-x86_64-windows-0.16.0\lib\std\testing.zig:83: 0x7ff6f08909bd in expectEqual (test_zcu.obj)
           return expectEqualInner(T, expected, actual);
       
       C:\Users\tvolo\AppData\Local\Microsoft\WinGet\Packages\zig.zig_Microsoft.Winget.Source_8wekyb3d8bbwe\zig-x86_64-windows-0.16.0\lib\std\testing.zig:83: 0x7ff6f08909bd in expectEqual (test_zcu.obj)
           return expectEqualInner(T, expected, actual);
       
       C:\Users\tvolo\AppData\Local\Microsoft\WinGet\Packages\zig.zig_Microsoft.Winget.Source_8wekyb3d8bbwe\zig-x86_64-windows-0.16.0\lib\std\testing.zig:83: 0x7ff6f08909bd in expectEqual (test_zcu.obj)
           return expectEqualInner(T, expected, actual);
       
       C:\Users\tvolo\AppData\Local\Microsoft\WinGet\Packages\zig.zig_Microsoft.Winget.Source_8wekyb3d8bbwe\zig-x86_64-windows-0.16.0\lib\std\testing.zig:83: 0x7ff6f08909bd in expectEqual (test_zcu.obj)
           return expectEqualInner(T, expected, actual);
       
       C:\Users\tvolo\AppData\Local\Microsoft\WinGet\Packages\zig.zig_Microsoft.Winget.Source_8wekyb3d8bbwe\zig-x86_64-windows-0.16.0\lib\std\testing.zig:83: 0x7ff6f08909bd in expectEqual (test_zcu.obj)
           return expectEqualInner(T, expected, actual);
       
       C:\Users\tvolo\AppData\Local\Microsoft\WinGet\Packages\zig.zig_Microsoft.Winget.Source_8wekyb3d8bbwe\zig-x86_64-windows-0.16.0\lib\std\testing.zig:83: 0x7ff6f08909bd in expectEqual (test_zcu.obj)
           return expectEqualInner(T, expected, actual);
       
       C:\Users\tvolo\AppData\Local\Microsoft\WinGet\Packages\zig.zig_Microsoft.Winget.Source_8wekyb3d8bbwe\zig-x86_64-windows-0.16.0\lib\std\testing.zig:83: 0x7ff6f08909bd in expectEqual (test_zcu.obj)
           return expectEqualInner(T, expected, actual);
       
       C:\Users\tvolo\AppData\Local\Microsoft\WinGet\Packages\zig.zig_Microsoft.Winget.Source_8wekyb3d8bbwe\zig-x86_64-windows-0.16.0\lib\std\testing.zig:83: 0x7ff6f08909bd in expectEqual (test_zcu.obj)
           return expectEqualInner(T, expected, actual);
       
       C:\Users\tvolo\AppData\Local\Microsoft\WinGet\Packages\zig.zig_Microsoft.Winget.Source_8wekyb3d8bbwe\zig-x86_64-windows-0.16.0\lib\std\testing.zig:83: 0x7ff6f08909bd in expectEqual (test_zcu.obj)
           return expectEqualInner(T, expected, actual);
       
       C:\Users\tvolo\AppData\Local\Microsoft\WinGet\Packages\zig.zig_Microsoft.Winget.Source_8wekyb3d8bbwe\zig-x86_64-windows-0.16.0\lib\std\testing.zig:83: 0x7ff6f08909bd in expectEqual (test_zcu.obj)
           return expectEqualInner(T, expected, actual);
       
       C:\Users\tvolo\AppData\Local\Microsoft\WinGet\Packages\zig.zig_Microsoft.Winget.Source_8wekyb3d8bbwe\zig-x86_64-windows-0.16.0\lib\std\testing.zig:83: 0x7ff6f08909bd in expectEqual (test_zcu.obj)
           return expectEqualInner(T, expected, actual);
       
       C:\Users\tvolo\AppData\Local\Microsoft\WinGet\Packages\zig.zig_Microsoft.Winget.Source_8wekyb3d8bbwe\zig-x86_64-windows-0.16.0\lib\std\testing.zig:83: 0x7ff6f08909bd in expectEqual (test_zcu.obj)
           return expectEqualInner(T, expected, actual);
       
       C:\Users\tvolo\AppData\Local\Microsoft\WinGet\Packages\zig.zig_Microsoft.Winget.Source_8wekyb3d8bbwe\zig-x86_64-windows-0.16.0\lib\std\testing.zig:83: 0x7ff6f08909bd in expectEqual (test_zcu.obj)
           return expectEqualInner(T, expected, actual);
       
       C:\Users\tvolo\AppData\Local\Microsoft\WinGet\Packages\zig.zig_Microsoft.Winget.Source_8wekyb3d8bbwe\zig-x86_64-windows-0.16.0\lib\std\testing.zig:83: 0x7ff6f08909bd in expectEqual (test_zcu.obj)
           return expectEqualInner(T, expected, actual);
       
       C:\Users\tvolo\AppData\Local\Microsoft\WinGet\Packages\zig.zig_Microsoft.Winget.Source_8wekyb3d8bbwe\zig-x86_64-windows-0.16.0\lib\std\testing.zig:83: 0x7ff6f08909bd in expectEqual (test_zcu.obj)
           return expectEqualInner(T, expected, actual);
       
       C:\Users\tvolo\AppData\Local\Microsoft\WinGet\Packages\zig.zig_Microsoft.Winget.Source_8wekyb3d8bbwe\zig-x86_64-windows-0.16.0\lib\std\testing.zig:83: 0x7ff6f08909bd in expectEqual (test_zcu.obj)
           return expectEqualInner(T, expected, actual);
       
       C:\Users\tvolo\AppData\Local\Microsoft\WinGet\Packages\zig.zig_Microsoft.Winget.Source_8wekyb3d8bbwe\zig-x86_64-windows-0.16.0\lib\std\testing.zig:83: 0x7ff6f08909bd in expectEqual (test_zcu.obj)
           return expectEqualInner(T, expected, actual);
       
       C:\Users\tvolo\AppData\Local\Microsoft\WinGet\Packages\zig.zig_Microsoft.Winget.Source_8wekyb3d8bbwe\zig-x86_64-windows-0.16.0\lib\std\testing.zig:83: 0x7ff6f08909bd in expectEqual (test_zcu.obj)
           return expectEqualInner(T, expected, actual);
       
       C:\Users\tvolo\AppData\Local\Microsoft\WinGet\Packages\zig.zig_Microsoft.Winget.Source_8wekyb3d8bbwe\zig-x86_64-windows-0.16.0\lib\std\testing.zig:83: 0x7ff6f08909bd in expectEqual (test_zcu.obj)
           return expectEqualInner(T, expected, actual);
       
       C:\Users\tvolo\AppData\Local\Microsoft\WinGet\Packages\zig.zig_Microsoft.Winget.Source_8wekyb3d8bbwe\zig-x86_64-windows-0.16.0\lib\std\testing.zig:83: 0x7ff6f08909bd in expectEqual (test_zcu.obj)
           return expectEqualInner(T, expected, actual);
       
       C:\Users\tvolo\AppData\Local\Microsoft\WinGet\Packages\zig.zig_Microsoft.Winget.Source_8wekyb3d8bbwe\zig-x86_64-windows-0.16.0\lib\std\testing.zig:83: 0x7ff6f08909bd in expectEqual (test_zcu.obj)
           return expectEqualInner(T, expected, actual);
       
       C:\Users\tvolo\AppData\Local\Microsoft\WinGet\Packages\zig.zig_Microsoft.Winget.Source_8wekyb3d8bbwe\zig-x86_64-windows-0.16.0\lib\std\testing.zig:83: 0x7ff6f08909bd in expectEqual (test_zcu.obj)
           return expectEqualInner(T, expected, actual);
       
       C:\Users\tvolo\AppData\Local\Microsoft\WinGet\Packages\zig.zig_Microsoft.Winget.Source_8wekyb3d8bbwe\zig-x86_64-windows-0.16.0\lib\std\testing.zig:83: 0x7ff6f08909bd in expectEqual (test_zcu.obj)
           return expectEqualInner(T, expected, actual);
       
       C:\Users\tvolo\AppData\Local\Microsoft\WinGet\Packages\zig.zig_Microsoft.Winget.Source_8wekyb3d8bbwe\zig-x86_64-windows-0.16.0\lib\std\testing.zig:83: 0x7ff6f08909bd in expectEqual (test_zcu.obj)
           return expectEqualInner(T, expected, actual);
       
       C:\Users\tvolo\AppData\Local\Microsoft\WinGet\Packages\zig.zig_Microsoft.Winget.Source_8wekyb3d8bbwe\zig-x86_64-windows-0.16.0\lib\std\testing.zig:83: 0x7ff6f08909bd in expectEqual (test_zcu.obj)
           return expectEqualInner(T, expected, actual);
       
       C:\Users\tvolo\AppData\Local\Microsoft\WinGet\Packages\zig.zig_Microsoft.Winget.Source_8wekyb3d8bbwe\zig-x86_64-windows-0.16.0\lib\std\testing.zig:83: 0x7ff6f08909bd in expectEqual (test_zcu.obj)
           return expectEqualInner(T, expected, actual);
       
       C:\Users\tvolo\AppData\Local\Microsoft\WinGet\Packages\zig.zig_Microsoft.Winget.Source_8wekyb3d8bbwe\zig-x86_64-windows-0.16.0\lib\std\testing.zig:83: 0x7ff6f08909bd in expectEqual (test_zcu.obj)
           return expectEqualInner(T, expected, actual);
       
       C:\Users\tvolo\AppData\Local\Microsoft\WinGet\Packages\zig.zig_Microsoft.Winget.Source_8wekyb3d8bbwe\zig-x86_64-windows-0.16.0\lib\std\testing.zig:83: 0x7ff6f08909bd in expectEqual (test_zcu.obj)
           return expectEqualInner(T, expected, actual);
       
       C:\Users\tvolo\AppData\Local\Microsoft\WinGet\Packages\zig.zig_Microsoft.Winget.Source_8wekyb3d8bbwe\zig-x86_64-windows-0.16.0\lib\std\testing.zig:83: 0x7ff6f08909bd in expectEqual (test_zcu.obj)
           return expectEqualInner(T, expected, actual);
       
       C:\Users\tvolo\AppData\Local\Microsoft\WinGet\Packages\zig.zig_Microsoft.Winget.Source_8wekyb3d8bbwe\zig-x86_64-windows-0.16.0\lib\std\testing.zig:83: 0x7ff6f08909bd in expectEqual (test_zcu.obj)
           return expectEqualInner(T, expected, actual);
       
       C:\Users\tvolo\AppData\Local\Microsoft\WinGet\Packages\zig.zig_Microsoft.Winget.Source_8wekyb3d8bbwe\zig-x86_64-windows-0.16.0\lib\std\testing.zig:83: 0x7ff6f08909bd in expectEqual (test_zcu.obj)
           return expectEqualInner(T, expected, actual);
       
       C:\Users\tvolo\AppData\Local\Microsoft\WinGet\Packages\zig.zig_Microsoft.Winget.Source_8wekyb3d8bbwe\zig-x86_64-windows-0.16.0\lib\std\testing.zig:83: 0x7ff6f08909bd in expectEqual (test_zcu.obj)
           return expectEqualInner(T, expected, actual);
       
       C:\Users\tvolo\AppData\Local\Microsoft\WinGet\Packages\zig.zig_Microsoft.Winget.Source_8wekyb3d8bbwe\zig-x86_64-windows-0.16.0\lib\std\testing.zig:83: 0x7ff6f08909bd in expectEqual (test_zcu.obj)
           return expectEqualInner(T, expected, actual);
       
       C:\Users\tvolo\AppData\Local\Microsoft\WinGet\Packages\zig.zig_Microsoft.Winget.Source_8wekyb3d8bbwe\zig-x86_64-windows-0.16.0\lib\std\testing.zig:83: 0x7ff6f08909bd in expectEqual (test_zcu.obj)
           return expectEqualInner(T, expected, actual);
       
       C:\Users\tvolo\AppData\Local\Microsoft\WinGet\Packages\zig.zig_Microsoft.Winget.Source_8wekyb3d8bbwe\zig-x86_64-windows-0.16.0\lib\std\testing.zig:83: 0x7ff6f08909bd in expectEqual (test_zcu.obj)
           return expectEqualInner(T, expected, actual);
       
       C:\Users\tvolo\AppData\Local\Microsoft\WinGet\Packages\zig.zig_Microsoft.Winget.Source_8wekyb3d8bbwe\zig-x86_64-windows-0.16.0\lib\std\testing.zig:83: 0x7ff6f08909bd in expectEqual (test_zcu.obj)
           return expectEqualInner(T, expected, actual);
       
       C:\Users\tvolo\AppData\Local\Microsoft\WinGet\Packages\zig.zig_Microsoft.Winget.Source_8wekyb3d8bbwe\zig-x86_64-windows-0.16.0\lib\std\testing.zig:83: 0x7ff6f08909bd in expectEqual (test_zcu.obj)
           return expectEqualInner(T, expected, actual);
       
       C:\Users\tvolo\AppData\Local\Microsoft\WinGet\Packages\zig.zig_Microsoft.Winget.Source_8wekyb3d8bbwe\zig-x86_64-windows-0.16.0\lib\std\testing.zig:83: 0x7ff6f08909bd in expectEqual (test_zcu.obj)
           return expectEqualInner(T, expected, actual);
       
       C:\Users\tvolo\AppData\Local\Microsoft\WinGet\Packages\zig.zig_Microsoft.Winget.Source_8wekyb3d8bbwe\zig-x86_64-windows-0.16.0\lib\std\testing.zig:83: 0x7ff6f08909bd in expectEqual (test_zcu.obj)
           return expectEqualInner(T, expected, actual);
       
       C:\Users\tvolo\AppData\Local\Microsoft\WinGet\Packages\zig.zig_Microsoft.Winget.Source_8wekyb3d8bbwe\zig-x86_64-windows-0.16.0\lib\std\testing.zig:83: 0x7ff6f08909bd in expectEqual (test_zcu.obj)
           return expectEqualInner(T, expected, actual);
       
       C:\Users\tvolo\AppData\Local\Microsoft\WinGet\Packages\zig.zig_Microsoft.Winget.Source_8wekyb3d8bbwe\zig-x86_64-windows-0.16.0\lib\std\testing.zig:83: 0x7ff6f08909bd in expectEqual (test_zcu.obj)
           return expectEqualInner(T, expected, actual);
       
       C:\Users\tvolo\AppData\Local\Microsoft\WinGet\Packages\zig.zig_Microsoft.Winget.Source_8wekyb3d8bbwe\zig-x86_64-windows-0.16.0\lib\std\testing.zig:83: 0x7ff6f08909bd in expectEqual (test_zcu.obj)
           return expectEqualInner(T, expected, actual);
       
       C:\Users\tvolo\AppData\Local\Microsoft\WinGet\Packages\zig.zig_Microsoft.Winget.Source_8wekyb3d8bbwe\zig-x86_64-windows-0.16.0\lib\std\testing.zig:83: 0x7ff6f08909bd in expectEqual (test_zcu.obj)
           return expectEqualInner(T, expected, actual);
       
       C:\Users\tvolo\AppData\Local\Microsoft\WinGet\Packages\zig.zig_Microsoft.Winget.Source_8wekyb3d8bbwe\zig-x86_64-windows-0.16.0\lib\std\testing.zig:83: 0x7ff6f08909bd in expectEqual (test_zcu.obj)
           return expectEqualInner(T, expected, actual);
       
       C:\Users\tvolo\AppData\Local\Microsoft\WinGet\Packages\zig.zig_Microsoft.Winget.Source_8wekyb3d8bbwe\zig-x86_64-windows-0.16.0\lib\std\testing.zig:83: 0x7ff6f08909bd in expectEqual (test_zcu.obj)
           return expectEqualInner(T, expected, actual);
       
       C:\Users\tvolo\AppData\Local\Microsoft\WinGet\Packages\zig.zig_Microsoft.Winget.Source_8wekyb3d8bbwe\zig-x86_64-windows-0.16.0\lib\std\testing.zig:83: 0x7ff6f08909bd in expectEqual (test_zcu.obj)
           return expectEqualInner(T, expected, actual);
       
       C:\Users\tvolo\AppData\Local\Microsoft\WinGet\Packages\zig.zig_Microsoft.Winget.Source_8wekyb3d8bbwe\zig-x86_64-windows-0.16.0\lib\std\testing.zig:83: 0x7ff6f08909bd in expectEqual (test_zcu.obj)
           return expectEqualInner(T, expected, actual);
       
       C:\Users\tvolo\AppData\Local\Microsoft\WinGet\Packages\zig.zig_Microsoft.Winget.Source_8wekyb3d8bbwe\zig-x86_64-windows-0.16.0\lib\std\testing.zig:83: 0x7ff6f08909bd in expectEqual (test_zcu.obj)
           return expectEqualInner(T, expected, actual);
       
       C:\Users\tvolo\AppData\Local\Microsoft\WinGet\Packages\zig.zig_Microsoft.Winget.Source_8wekyb3d8bbwe\zig-x86_64-windows-0.16.0\lib\std\testing.zig:83: 0x7ff6f08909bd in expectEqual (test_zcu.obj)
           return expectEqualInner(T, expected, actual);
       
       C:\Users\tvolo\AppData\Local\Microsoft\WinGet\Packages\zig.zig_Microsoft.Winget.Source_8wekyb3d8bbwe\zig-x86_64-windows-0.16.0\lib\std\testing.zig:83: 0x7ff6f08909bd in expectEqual (test_zcu.obj)
           return expectEqualInner(T, expected, actual);
       
       C:\Users\tvolo\AppData\Local\Microsoft\WinGet\Packages\zig.zig_Microsoft.Winget.Source_8wekyb3d8bbwe\zig-x86_64-windows-0.16.0\lib\std\testing.zig:83: 0x7ff6f08909bd in expectEqual (test_zcu.obj)
           return expectEqualInner(T, expected, actual);
       
       C:\Users\tvolo\AppData\Local\Microsoft\WinGet\Packages\zig.zig_Microsoft.Winget.Source_8wekyb3d8bbwe\zig-x86_64-windows-0.16.0\lib\std\testing.zig:83: 0x7ff6f08909bd in expectEqual (test_zcu.obj)
           return expectEqualInner(T, expected, actual);
       
       C:\Users\tvolo\AppData\Local\Microsoft\WinGet\Packages\zig.zig_Microsoft.Winget.Source_8wekyb3d8bbwe\zig-x86_64-windows-0.16.0\lib\std\testing.zig:83: 0x7ff6f08909bd in expectEqual (test_zcu.obj)
           return expectEqualInner(T, expected, actual);
       
       C:\Users\tvolo\AppData\Local\Microsoft\WinGet\Packages\zig.zig_Microsoft.Winget.Source_8wekyb3d8bbwe\zig-x86_64-windows-0.16.0\lib\std\testing.zig:83: 0x7ff6f08909bd in expectEqual (test_zcu.obj)
           return expectEqualInner(T, expected, actual);
       
       C:\Users\tvolo\AppData\Local\Microsoft\WinGet\Packages\zig.zig_Microsoft.Winget.Source_8wekyb3d8bbwe\zig-x86_64-windows-0.16.0\lib\std\testing.zig:83: 0x7ff6f08909bd in expectEqual (test_zcu.obj)
           return expectEqualInner(T, expected, actual);
       
       C:\Users\tvolo\AppData\Local\Microsoft\WinGet\Packages\zig.zig_Microsoft.Winget.Source_8wekyb3d8bbwe\zig-x86_64-windows-0.16.0\lib\std\testing.zig:83: 0x7ff6f08909bd in expectEqual (test_zcu.obj)
           return expectEqualInner(T, expected, actual);
       
       C:\Users\tvolo\AppData\Local\Microsoft\WinGet\Packages\zig.zig_Microsoft.Winget.Source_8wekyb3d8bbwe\zig-x86_64-windows-0.16.0\lib\std\testing.zig:83: 0x7ff6f08909bd in expectEqual (test_zcu.obj)
           return expectEqualInner(T, expected, actual);
       
       C:\Users\tvolo\AppData\Local\Microsoft\WinGet\Packages\zig.zig_Microsoft.Winget.Source_8wekyb3d8bbwe\zig-x86_64-windows-0.16.0\lib\std\testing.zig:83: 0x7ff6f08909bd in expectEqual (test_zcu.obj)
           return expectEqualInner(T, expected, actual);
       
       C:\Users\tvolo\AppData\Local\Microsoft\WinGet\Packages\zig.zig_Microsoft.Winget.Source_8wekyb3d8bbwe\zig-x86_64-windows-0.16.0\lib\std\testing.zig:83: 0x7ff6f08909bd in expectEqual (test_zcu.obj)
           return expectEqualInner(T, expected, actual);
       
       C:\Users\tvolo\AppData\Local\Microsoft\WinGet\Packages\zig.zig_Microsoft.Winget.Source_8wekyb3d8bbwe\zig-x86_64-windows-0.16.0\lib\std\testing.zig:83: 0x7ff6f08909bd in expectEqual (test_zcu.obj)
           return expectEqualInner(T, expected, actual);
       
       C:\Users\tvolo\AppData\Local\Microsoft\WinGet\Packages\zig.zig_Microsoft.Winget.Source_8wekyb3d8bbwe\zig-x86_64-windows-0.16.0\lib\std\testing.zig:83: 0x7ff6f08909bd in expectEqual (test_zcu.obj)
           return expectEqualInner(T, expected, actual);
       
       C:\Users\tvolo\AppData\Local\Microsoft\WinGet\Packages\zig.zig_Microsoft.Winget.Source_8wekyb3d8bbwe\zig-x86_64-windows-0.16.0\lib\std\testing.zig:83: 0x7ff6f08909bd in expectEqual (test_zcu.obj)
           return expectEqualInner(T, expected, actual);
       
       C:\Users\tvolo\AppData\Local\Microsoft\WinGet\Packages\zig.zig_Microsoft.Winget.Source_8wekyb3d8bbwe\zig-x86_64-windows-0.16.0\lib\std\testing.zig:83: 0x7ff6f08909bd in expectEqual (test_zcu.obj)
           return expectEqualInner(T, expected, actual);
       
       C:\Users\tvolo\AppData\Local\Microsoft\WinGet\Packages\zig.zig_Microsoft.Winget.Source_8wekyb3d8bbwe\zig-x86_64-windows-0.16.0\lib\std\testing.zig:83: 0x7ff6f08909bd in expectEqual (test_zcu.obj)
           return expectEqualInner(T, expected, actual);
       
       C:\Users\tvolo\AppData\Local\Microsoft\WinGet\Packages\zig.zig_Microsoft.Winget.Source_8wekyb3d8bbwe\zig-x86_64-windows-0.16.0\lib\std\testing.zig:83: 0x7ff6f08909bd in expectEqual (test_zcu.obj)
           return expectEqualInner(T, expected, actual);
       
       C:\Users\tvolo\AppData\Local\Microsoft\WinGet\Packages\zig.zig_Microsoft.Winget.Source_8wekyb3d8bbwe\zig-x86_64-windows-0.16.0\lib\std\testing.zig:83: 0x7ff6f08909bd in expectEqual (test_zcu.obj)
           return expectEqualInner(T, expected, actual);
       
       C:\Users\tvolo\AppData\Local\Microsoft\WinGet\Packages\zig.zig_Microsoft.Winget.Source_8wekyb3d8bbwe\zig-x86_64-windows-0.16.0\lib\std\testing.zig:83: 0x7ff6f08909bd in expectEqual (test_zcu.obj)
           return expectEqualInner(T, expected, actual);
       
       C:\Users\tvolo\AppData\Local\Microsoft\WinGet\Packages\zig.zig_Microsoft.Winget.Source_8wekyb3d8bbwe\zig-x86_64-windows-0.16.0\lib\std\testing.zig:83: 0x7ff6f08909bd in expectEqual (test_zcu.obj)
           return expectEqualInner(T, expected, actual);
       
       C:\Users\tvolo\AppData\Local\Microsoft\WinGet\Packages\zig.zig_Microsoft.Winget.Source_8wekyb3d8bbwe\zig-x86_64-windows-0.16.0\lib\std\testing.zig:83: 0x7ff6f08909bd in expectEqual (test_zcu.obj)
           return expectEqualInner(T, expected, actual);
       
       C:\Users\tvolo\AppData\Local\Microsoft\WinGet\Packages\zig.zig_Microsoft.Winget.Source_8wekyb3d8bbwe\zig-x86_64-windows-0.16.0\lib\std\testing.zig:83: 0x7ff6f08909bd in expectEqual (test_zcu.obj)
           return expectEqualInner(T, expected, actual);
       
       C:\Users\tvolo\AppData\Local\Microsoft\WinGet\Packages\zig.zig_Microsoft.Winget.Source_8wekyb3d8bbwe\zig-x86_64-windows-0.16.0\lib\std\testing.zig:83: 0x7ff6f08909bd in expectEqual (test_zcu.obj)
           return expectEqualInner(T, expected, actual);
       
       C:\Users\tvolo\AppData\Local\Microsoft\WinGet\Packages\zig.zig_Microsoft.Winget.Source_8wekyb3d8bbwe\zig-x86_64-windows-0.16.0\lib\std\testing.zig:83: 0x7ff6f08909bd in expectEqual (test_zcu.obj)
           return expectEqualInner(T, expected, actual);
       
       C:\Users\tvolo\AppData\Local\Microsoft\WinGet\Packages\zig.zig_Microsoft.Winget.Source_8wekyb3d8bbwe\zig-x86_64-windows-0.16.0\lib\std\testing.zig:83: 0x7ff6f08909bd in expectEqual (test_zcu.obj)
           return expectEqualInner(T, expected, actual);
       
       C:\Users\tvolo\AppData\Local\Microsoft\WinGet\Packages\zig.zig_Microsoft.Winget.Source_8wekyb3d8bbwe\zig-x86_64-windows-0.16.0\lib\std\testing.zig:83: 0x7ff6f08909bd in expectEqual (test_zcu.obj)
           return expectEqualInner(T, expected, actual);
       
       C:\Users\tvolo\AppData\Local\Microsoft\WinGet\Packages\zig.zig_Microsoft.Winget.Source_8wekyb3d8bbwe\zig-x86_64-windows-0.16.0\lib\std\testing.zig:83: 0x7ff6f08909bd in expectEqual (test_zcu.obj)
           return expectEqualInner(T, expected, actual);
       
       C:\Users\tvolo\AppData\Local\Microsoft\WinGet\Packages\zig.zig_Microsoft.Winget.Source_8wekyb3d8bbwe\zig-x86_64-windows-0.16.0\lib\std\testing.zig:83: 0x7ff6f08909bd in expectEqual (test_zcu.obj)
           return expectEqualInner(T, expected, actual);
       
       C:\Users\tvolo\AppData\Local\Microsoft\WinGet\Packages\zig.zig_Microsoft.Winget.Source_8wekyb3d8bbwe\zig-x86_64-windows-0.16.0\lib\std\testing.zig:83: 0x7ff6f08909bd in expectEqual (test_zcu.obj)
           return expectEqualInner(T, expected, actual);
       
       C:\Users\tvolo\AppData\Local\Microsoft\WinGet\Packages\zig.zig_Microsoft.Winget.Source_8wekyb3d8bbwe\zig-x86_64-windows-0.16.0\lib\std\testing.zig:83: 0x7ff6f08909bd in expectEqual (test_zcu.obj)
           return expectEqualInner(T, expected, actual);
       
       C:\Users\tvolo\AppData\Local\Microsoft\WinGet\Packages\zig.zig_Microsoft.Winget.Source_8wekyb3d8bbwe\zig-x86_64-windows-0.16.0\lib\std\testing.zig:83: 0x7ff6f08909bd in expectEqual (test_zcu.obj)
           return expectEqualInner(T, expected, actual);
       
       C:\Users\tvolo\AppData\Local\Microsoft\WinGet\Packages\zig.zig_Microsoft.Winget.Source_8wekyb3d8bbwe\zig-x86_64-windows-0.16.0\lib\std\testing.zig:83: 0x7ff6f08909bd in expectEqual (test_zcu.obj)
           return expectEqualInner(T, expected, actual);
       
       C:\Users\tvolo\AppData\Local\Microsoft\WinGet\Packages\zig.zig_Microsoft.Winget.Source_8wekyb3d8bbwe\zig-x86_64-windows-0.16.0\lib\std\testing.zig:83: 0x7ff6f08909bd in expectEqual (test_zcu.obj)
           return expectEqualInner(T, expected, actual);
       
       C:\Users\tvolo\AppData\Local\Microsoft\WinGet\Packages\zig.zig_Microsoft.Winget.Source_8wekyb3d8bbwe\zig-x86_64-windows-0.16.0\lib\std\testing.zig:83: 0x7ff6f08909bd in expectEqual (test_zcu.obj)
           return expectEqualInner(T, expected, actual);
       
       C:\Users\tvolo\AppData\Local\Microsoft\WinGet\Packages\zig.zig_Microsoft.Winget.Source_8wekyb3d8bbwe\zig-x86_64-windows-0.16.0\lib\std\testing.zig:83: 0x7ff6f08909bd in expectEqual (test_zcu.obj)
           return expectEqualInner(T, expected, actual);
       
       C:\Users\tvolo\AppData\Local\Microsoft\WinGet\Packages\zig.zig_Microsoft.Winget.Source_8wekyb3d8bbwe\zig-x86_64-windows-0.16.0\lib\std\testing.zig:83: 0x7ff6f08909bd in expectEqual (test_zcu.obj)
           return expectEqualInner(T, expected, actual);
       
       C:\Users\tvolo\AppData\Local\Microsoft\WinGet\Packages\zig.zig_Microsoft.Winget.Source_8wekyb3d8bbwe\zig-x86_64-windows-0.16.0\lib\std\testing.zig:83: 0x7ff6f08909bd in expectEqual (test_zcu.obj)
           return expectEqualInner(T, expected, actual);
       
       C:\Users\tvolo\AppData\Local\Microsoft\WinGet\Packages\zig.zig_Microsoft.Winget.Source_8wekyb3d8bbwe\zig-x86_64-windows-0.16.0\lib\std\testing.zig:83: 0x7ff6f08909bd in expectEqual (test_zcu.obj)
           return expectEqualInner(T, expected, actual);
       
       C:\Users\tvolo\AppData\Local\Microsoft\WinGet\Packages\zig.zig_Microsoft.Winget.Source_8wekyb3d8bbwe\zig-x86_64-windows-0.16.0\lib\std\testing.zig:83: 0x7ff6f08909bd in expectEqual (test_zcu.obj)
           return expectEqualInner(T, expected, actual);
       
       C:\Users\tvolo\AppData\Local\Microsoft\WinGet\Packages\zig.zig_Microsoft.Winget.Source_8wekyb3d8bbwe\zig-x86_64-windows-0.16.0\lib\std\testing.zig:83: 0x7ff6f08909bd in expectEqual (test_zcu.obj)
           return expectEqualInner(T, expected, actual);
       
       C:\Users\tvolo\AppData\Local\Microsoft\WinGet\Packages\zig.zig_Microsoft.Winget.Source_8wekyb3d8bbwe\zig-x86_64-windows-0.16.0\lib\std\testing.zig:83: 0x7ff6f08909bd in expectEqual (test_zcu.obj)
           return expectEqualInner(T, expected, actual);
       
       C:\Users\tvolo\AppData\Local\Microsoft\WinGet\Packages\zig.zig_Microsoft.Winget.Source_8wekyb3d8bbwe\zig-x86_64-windows-0.16.0\lib\std\testing.zig:83: 0x7ff6f08909bd in expectEqual (test_zcu.obj)
           return expectEqualInner(T, expected, actual);
       
       C:\Users\tvolo\AppData\Local\Microsoft\WinGet\Packages\zig.zig_Microsoft.Winget.Source_8wekyb3d8bbwe\zig-x86_64-windows-0.16.0\lib\std\testing.zig:83: 0x7ff6f08909bd in expectEqual (test_zcu.obj)
           return expectEqualInner(T, expected, actual);
       
       C:\Users\tvolo\AppData\Local\Microsoft\WinGet\Packages\zig.zig_Microsoft.Winget.Source_8wekyb3d8bbwe\zig-x86_64-windows-0.16.0\lib\std\testing.zig:83: 0x7ff6f08909bd in expectEqual (test_zcu.obj)
           return expectEqualInner(T, expected, actual);
       
       C:\Users\tvolo\AppData\Local\Microsoft\WinGet\Packages\zig.zig_Microsoft.Winget.Source_8wekyb3d8bbwe\zig-x86_64-windows-0.16.0\lib\std\testing.zig:83: 0x7ff6f08909bd in expectEqual (test_zcu.obj)
           return expectEqualInner(T, expected, actual);
       
       C:\Users\tvolo\AppData\Local\Microsoft\WinGet\Packages\zig.zig_Microsoft.Winget.Source_8wekyb3d8bbwe\zig-x86_64-windows-0.16.0\lib\std\testing.zig:83: 0x7ff6f08909bd in expectEqual (test_zcu.obj)
           return expectEqualInner(T, expected, actual);
       
       C:\Users\tvolo\AppData\Local\Microsoft\WinGet\Packages\zig.zig_Microsoft.Winget.Source_8wekyb3d8bbwe\zig-x86_64-windows-0.16.0\lib\std\testing.zig:83: 0x7ff6f08909bd in expectEqual (test_zcu.obj)
           return expectEqualInner(T, expected, actual);
       
       C:\Users\tvolo\AppData\Local\Microsoft\WinGet\Packages\zig.zig_Microsoft.Winget.Source_8wekyb3d8bbwe\zig-x86_64-windows-0.16.0\lib\std\testing.zig:83: 0x7ff6f08909bd in expectEqual (test_zcu.obj)
           return expectEqualInner(T, expected, actual);
       
       C:\Users\tvolo\AppData\Local\Microsoft\WinGet\Packages\zig.zig_Microsoft.Winget.Source_8wekyb3d8bbwe\zig-x86_64-windows-0.16.0\lib\std\testing.zig:83: 0x7ff6f08909bd in expectEqual (test_zcu.obj)
           return expectEqualInner(T, expected, actual);
       
       C:\Users\tvolo\AppData\Local\Microsoft\WinGet\Packages\zig.zig_Microsoft.Winget.Source_8wekyb3d8bbwe\zig-x86_64-windows-0.16.0\lib\std\testing.zig:83: 0x7ff6f08909bd in expectEqual (test_zcu.obj)
           return expectEqualInner(T, expected, actual);
       
       C:\Users\tvolo\AppData\Local\Microsoft\WinGet\Packages\zig.zig_Microsoft.Winget.Source_8wekyb3d8bbwe\zig-x86_64-windows-0.16.0\lib\std\testing.zig:83: 0x7ff6f08909bd in expectEqual (test_zcu.obj)
           return expectEqualInner(T, expected, actual);
       
       C:\Users\tvolo\AppData\Local\Microsoft\WinGet\Packages\zig.zig_Microsoft.Winget.Source_8wekyb3d8bbwe\zig-x86_64-windows-0.16.0\lib\std\testing.zig:83: 0x7ff6f08909bd in expectEqual (test_zcu.obj)
           return expectEqualInner(T, expected, actual);
       
       C:\Users\tvolo\AppData\Local\Microsoft\WinGet\Packages\zig.zig_Microsoft.Winget.Source_8wekyb3d8bbwe\zig-x86_64-windows-0.16.0\lib\std\testing.zig:83: 0x7ff6f08909bd in expectEqual (test_zcu.obj)
           return expectEqualInner(T, expected, actual);
       
       C:\Users\tvolo\AppData\Local\Microsoft\WinGet\Packages\zig.zig_Microsoft.Winget.Source_8wekyb3d8bbwe\zig-x86_64-windows-0.16.0\lib\std\testing.zig:83: 0x7ff6f08909bd in expectEqual (test_zcu.obj)
           return expectEqualInner(T, expected, actual);
       
       C:\Users\tvolo\AppData\Local\Microsoft\WinGet\Packages\zig.zig_Microsoft.Winget.Source_8wekyb3d8bbwe\zig-x86_64-windows-0.16.0\lib\std\testing.zig:83: 0x7ff6f08909bd in expectEqual (test_zcu.obj)
           return expectEqualInner(T, expected, actual);
       
       C:\Users\tvolo\AppData\Local\Microsoft\WinGet\Packages\zig.zig_Microsoft.Winget.Source_8wekyb3d8bbwe\zig-x86_64-windows-0.16.0\lib\std\testing.zig:83: 0x7ff6f08909bd in expectEqual (test_zcu.obj)
           return expectEqualInner(T, expected, actual);
       
       C:\Users\tvolo\AppData\Local\Microsoft\WinGet\Packages\zig.zig_Microsoft.Winget.Source_8wekyb3d8bbwe\zig-x86_64-windows-0.16.0\lib\std\testing.zig:83: 0x7ff6f08909bd in expectEqual (test_zcu.obj)
           return expectEqualInner(T, expected, actual);
       
       C:\Users\tvolo\AppData\Local\Microsoft\WinGet\Packages\zig.zig_Microsoft.Winget.Source_8wekyb3d8bbwe\zig-x86_64-windows-0.16.0\lib\std\testing.zig:83: 0x7ff6f08909bd in expectEqual (test_zcu.obj)
           return expectEqualInner(T, expected, actual);
       
       C:\Users\tvolo\AppData\Local\Microsoft\WinGet\Packages\zig.zig_Microsoft.Winget.Source_8wekyb3d8bbwe\zig-x86_64-windows-0.16.0\lib\std\testing.zig:83: 0x7ff6f08909bd in expectEqual (test_zcu.obj)
           return expectEqualInner(T, expected, actual);
       
       C:\Users\tvolo\AppData\Local\Microsoft\WinGet\Packages\zig.zig_Microsoft.Winget.Source_8wekyb3d8bbwe\zig-x86_64-windows-0.16.0\lib\std\testing.zig:83: 0x7ff6f08909bd in expectEqual (test_zcu.obj)
           return expectEqualInner(T, expected, actual);
       
       C:\Users\tvolo\AppData\Local\Microsoft\WinGet\Packages\zig.zig_Microsoft.Winget.Source_8wekyb3d8bbwe\zig-x86_64-windows-0.16.0\lib\std\testing.zig:83: 0x7ff6f08909bd in expectEqual (test_zcu.obj)
           return expectEqualInner(T, expected, actual);
       
       C:\Users\tvolo\AppData\Local\Microsoft\WinGet\Packages\zig.zig_Microsoft.Winget.Source_8wekyb3d8bbwe\zig-x86_64-windows-0.16.0\lib\std\testing.zig:83: 0x7ff6f08909bd in expectEqual (test_zcu.obj)
           return expectEqualInner(T, expected, actual);
       
       C:\Users\tvolo\AppData\Local\Microsoft\WinGet\Packages\zig.zig_Microsoft.Winget.Source_8wekyb3d8bbwe\zig-x86_64-windows-0.16.0\lib\std\testing.zig:83: 0x7ff6f08909bd in expectEqual (test_zcu.obj)
           return expectEqualInner(T, expected, actual);
       
       C:\Users\tvolo\AppData\Local\Microsoft\WinGet\Packages\zig.zig_Microsoft.Winget.Source_8wekyb3d8bbwe\zig-x86_64-windows-0.16.0\lib\std\testing.zig:83: 0x7ff6f08909bd in expectEqual (test_zcu.obj)
           return expectEqualInner(T, expected, actual);
       
       C:\Users\tvolo\AppData\Local\Microsoft\WinGet\Packages\zig.zig_Microsoft.Winget.Source_8wekyb3d8bbwe\zig-x86_64-windows-0.16.0\lib\std\testing.zig:83: 0x7ff6f08909bd in expectEqual (test_zcu.obj)
           return expectEqualInner(T, expected, actual);
       
       C:\Users\tvolo\AppData\Local\Microsoft\WinGet\Packages\zig.zig_Microsoft.Winget.Source_8wekyb3d8bbwe\zig-x86_64-windows-0.16.0\lib\std\testing.zig:83: 0x7ff6f08909bd in expectEqual (test_zcu.obj)
           return expectEqualInner(T, expected, actual);
       
       C:\Users\tvolo\AppData\Local\Microsoft\WinGet\Packages\zig.zig_Microsoft.Winget.Source_8wekyb3d8bbwe\zig-x86_64-windows-0.16.0\lib\std\testing.zig:83: 0x7ff6f08909bd in expectEqual (test_zcu.obj)
           return expectEqualInner(T, expected, actual);
       
       C:\Users\tvolo\AppData\Local\Microsoft\WinGet\Packages\zig.zig_Microsoft.Winget.Source_8wekyb3d8bbwe\zig-x86_64-windows-0.16.0\lib\std\testing.zig:83: 0x7ff6f08909bd in expectEqual (test_zcu.obj)
           return expectEqualInner(T, expected, actual);
       
       C:\Users\tvolo\AppData\Local\Microsoft\WinGet\Packages\zig.zig_Microsoft.Winget.Source_8wekyb3d8bbwe\zig-x86_64-windows-0.16.0\lib\std\testing.zig:83: 0x7ff6f08909bd in expectEqual (test_zcu.obj)
           return expectEqualInner(T, expected, actual);
       
       C:\Users\tvolo\AppData\Local\Microsoft\WinGet\Packages\zig.zig_Microsoft.Winget.Source_8wekyb3d8bbwe\zig-x86_64-windows-0.16.0\lib\std\testing.zig:83: 0x7ff6f08909bd in expectEqual (test_zcu.obj)
           return expectEqualInner(T, expected, actual);
       
       C:\Users\tvolo\AppData\Local\Microsoft\WinGet\Packages\zig.zig_Microsoft.Winget.Source_8wekyb3d8bbwe\zig-x86_64-windows-0.16.0\lib\std\testing.zig:83: 0x7ff6f08909bd in expectEqual (test_zcu.obj)
           return expectEqualInner(T, expected, actual);
       
       C:\Users\tvolo\AppData\Local\Microsoft\WinGet\Packages\zig.zig_Microsoft.Winget.Source_8wekyb3d8bbwe\zig-x86_64-windows-0.16.0\lib\std\testing.zig:83: 0x7ff6f08909bd in expectEqual (test_zcu.obj)
           return expectEqualInner(T, expected, actual);
       
       C:\Users\tvolo\AppData\Local\Microsoft\WinGet\Packages\zig.zig_Microsoft.Winget.Source_8wekyb3d8bbwe\zig-x86_64-windows-0.16.0\lib\std\testing.zig:83: 0x7ff6f08909bd in expectEqual (test_zcu.obj)
           return expectEqualInner(T, expected, actual);
       
       C:\Users\tvolo\AppData\Local\Microsoft\WinGet\Packages\zig.zig_Microsoft.Winget.Source_8wekyb3d8bbwe\zig-x86_64-windows-0.16.0\lib\std\testing.zig:83: 0x7ff6f08909bd in expectEqual (test_zcu.obj)
           return expectEqualInner(T, expected, actual);
       
       C:\Users\tvolo\AppData\Local\Microsoft\WinGet\Packages\zig.zig_Microsoft.Winget.Source_8wekyb3d8bbwe\zig-x86_64-windows-0.16.0\lib\std\testing.zig:83: 0x7ff6f08909bd in expectEqual (test_zcu.obj)
           return expectEqualInner(T, expected, actual);
       
       C:\Users\tvolo\AppData\Local\Microsoft\WinGet\Packages\zig.zig_Microsoft.Winget.Source_8wekyb3d8bbwe\zig-x86_64-windows-0.16.0\lib\std\testing.zig:83: 0x7ff6f08909bd in expectEqual (test_zcu.obj)
           return expectEqualInner(T, expected, actual);
       
       C:\Users\tvolo\AppData\Local\Microsoft\WinGet\Packages\zig.zig_Microsoft.Winget.Source_8wekyb3d8bbwe\zig-x86_64-windows-0.16.0\lib\std\testing.zig:83: 0x7ff6f08909bd in expectEqual (test_zcu.obj)
           return expectEqualInner(T, expected, actual);
       
       C:\Users\tvolo\AppData\Local\Microsoft\WinGet\Packages\zig.zig_Microsoft.Winget.Source_8wekyb3d8bbwe\zig-x86_64-windows-0.16.0\lib\std\testing.zig:83: 0x7ff6f08909bd in expectEqual (test_zcu.obj)
           return expectEqualInner(T, expected, actual);
       
       C:\Users\tvolo\AppData\Local\Microsoft\WinGet\Packages\zig.zig_Microsoft.Winget.Source_8wekyb3d8bbwe\zig-x86_64-windows-0.16.0\lib\std\testing.zig:83: 0x7ff6f08909bd in expectEqual (test_zcu.obj)
           return expectEqualInner(T, expected, actual);
       
       C:\Users\tvolo\AppData\Local\Microsoft\WinGet\Packages\zig.zig_Microsoft.Winget.Source_8wekyb3d8bbwe\zig-x86_64-windows-0.16.0\lib\std\testing.zig:83: 0x7ff6f08909bd in expectEqual (test_zcu.obj)
           return expectEqualInner(T, expected, actual);
       
       C:\Users\tvolo\AppData\Local\Microsoft\WinGet\Packages\zig.zig_Microsoft.Winget.Source_8wekyb3d8bbwe\zig-x86_64-windows-0.16.0\lib\std\testing.zig:83: 0x7ff6f08909bd in expectEqual (test_zcu.obj)
           return expectEqualInner(T, expected, actual);
       
       C:\Users\tvolo\AppData\Local\Microsoft\WinGet\Packages\zig.zig_Microsoft.Winget.Source_8wekyb3d8bbwe\zig-x86_64-windows-0.16.0\lib\std\testing.zig:83: 0x7ff6f08909bd in expectEqual (test_zcu.obj)
           return expectEqualInner(T, expected, actual);
       
       C:\Users\tvolo\AppData\Local\Microsoft\WinGet\Packages\zig.zig_Microsoft.Winget.Source_8wekyb3d8bbwe\zig-x86_64-windows-0.16.0\lib\std\testing.zig:83: 0x7ff6f08909bd in expectEqual (test_zcu.obj)
           return expectEqualInner(T, expected, actual);
       
       C:\Users\tvolo\AppData\Local\Microsoft\WinGet\Packages\zig.zig_Microsoft.Winget.Source_8wekyb3d8bbwe\zig-x86_64-windows-0.16.0\lib\std\testing.zig:83: 0x7ff6f08909bd in expectEqual (test_zcu.obj)
           return expectEqualInner(T, expected, actual);
       
       C:\Users\tvolo\AppData\Local\Microsoft\WinGet\Packages\zig.zig_Microsoft.Winget.Source_8wekyb3d8bbwe\zig-x86_64-windows-0.16.0\lib\std\testing.zig:83: 0x7ff6f08909bd in expectEqual (test_zcu.obj)
           return expectEqualInner(T, expected, actual);
       
       C:\Users\tvolo\AppData\Local\Microsoft\WinGet\Packages\zig.zig_Microsoft.Winget.Source_8wekyb3d8bbwe\zig-x86_64-windows-0.16.0\lib\std\testing.zig:83: 0x7ff6f08909bd in expectEqual (test_zcu.obj)
           return expectEqualInner(T, expected, actual);
       
       C:\Users\tvolo\AppData\Local\Microsoft\WinGet\Packages\zig.zig_Microsoft.Winget.Source_8wekyb3d8bbwe\zig-x86_64-windows-0.16.0\lib\std\testing.zig:83: 0x7ff6f08909bd in expectEqual (test_zcu.obj)
           return expectEqualInner(T, expected, actual);
       
       C:\Users\tvolo\AppData\Local\Microsoft\WinGet\Packages\zig.zig_Microsoft.Winget.Source_8wekyb3d8bbwe\zig-x86_64-windows-0.16.0\lib\std\testing.zig:83: 0x7ff6f08909bd in expectEqual (test_zcu.obj)
           return expectEqualInner(T, expected, actual);
       
       C:\Users\tvolo\AppData\Local\Microsoft\WinGet\Packages\zig.zig_Microsoft.Winget.Source_8wekyb3d8bbwe\zig-x86_64-windows-0.16.0\lib\std\testing.zig:83: 0x7ff6f08909bd in expectEqual (test_zcu.obj)
           return expectEqualInner(T, expected, actual);
       
       C:\Users\tvolo\AppData\Local\Microsoft\WinGet\Packages\zig.zig_Microsoft.Winget.Source_8wekyb3d8bbwe\zig-x86_64-windows-0.16.0\lib\std\testing.zig:83: 0x7ff6f08909bd in expectEqual (test_zcu.obj)
           return expectEqualInner(T, expected, actual);
       
       C:\Users\tvolo\AppData\Local\Microsoft\WinGet\Packages\zig.zig_Microsoft.Winget.Source_8wekyb3d8bbwe\zig-x86_64-windows-0.16.0\lib\std\testing.zig:83: 0x7ff6f08909bd in expectEqual (test_zcu.obj)
           return expectEqualInner(T, expected, actual);
       
       C:\Users\tvolo\AppData\Local\Microsoft\WinGet\Packages\zig.zig_Microsoft.Winget.Source_8wekyb3d8bbwe\zig-x86_64-windows-0.16.0\lib\std\testing.zig:83: 0x7ff6f08909bd in expectEqual (test_zcu.obj)
           return expectEqualInner(T, expected, actual);
       
       C:\Users\tvolo\AppData\Local\Microsoft\WinGet\Packages\zig.zig_Microsoft.Winget.Source_8wekyb3d8bbwe\zig-x86_64-windows-0.16.0\lib\std\testing.zig:83: 0x7ff6f08909bd in expectEqual (test_zcu.obj)
           return expectEqualInner(T, expected, actual);
       
       C:\Users\tvolo\AppData\Local\Microsoft\WinGet\Packages\zig.zig_Microsoft.Winget.Source_8wekyb3d8bbwe\zig-x86_64-windows-0.16.0\lib\std\testing.zig:83: 0x7ff6f08909bd in expectEqual (test_zcu.obj)
           return expectEqualInner(T, expected, actual);
       
       C:\Users\tvolo\AppData\Local\Microsoft\WinGet\Packages\zig.zig_Microsoft.Winget.Source_8wekyb3d8bbwe\zig-x86_64-windows-0.16.0\lib\std\testing.zig:83: 0x7ff6f08909bd in expectEqual (test_zcu.obj)
           return expectEqualInner(T, expected, actual);
       
       C:\Users\tvolo\AppData\Local\Microsoft\WinGet\Packages\zig.zig_Microsoft.Winget.Source_8wekyb3d8bbwe\zig-x86_64-windows-0.16.0\lib\std\testing.zig:83: 0x7ff6f08909bd in expectEqual (test_zcu.obj)
           return expectEqualInner(T, expected, actual);
       
       C:\Users\tvolo\AppData\Local\Microsoft\WinGet\Packages\zig.zig_Microsoft.Winget.Source_8wekyb3d8bbwe\zig-x86_64-windows-0.16.0\lib\std\testing.zig:83: 0x7ff6f08909bd in expectEqual (test_zcu.obj)
           return expectEqualInner(T, expected, actual);
       
       C:\Users\tvolo\AppData\Local\Microsoft\WinGet\Packages\zig.zig_Microsoft.Winget.Source_8wekyb3d8bbwe\zig-x86_64-windows-0.16.0\lib\std\testing.zig:83: 0x7ff6f08909bd in expectEqual (test_zcu.obj)
           return expectEqualInner(T, expected, actual);
       
       C:\Users\tvolo\AppData\Local\Microsoft\WinGet\Packages\zig.zig_Microsoft.Winget.Source_8wekyb3d8bbwe\zig-x86_64-windows-0.16.0\lib\std\testing.zig:83: 0x7ff6f08909bd in expectEqual (test_zcu.obj)
           return expectEqualInner(T, expected, actual);
       
       C:\Users\tvolo\AppData\Local\Microsoft\WinGet\Packages\zig.zig_Microsoft.Winget.Source_8wekyb3d8bbwe\zig-x86_64-windows-0.16.0\lib\std\testing.zig:83: 0x7ff6f08909bd in expectEqual (test_zcu.obj)
           return expectEqualInner(T, expected, actual);
       
       C:\Users\tvolo\AppData\Local\Microsoft\WinGet\Packages\zig.zig_Microsoft.Winget.Source_8wekyb3d8bbwe\zig-x86_64-windows-0.16.0\lib\std\testing.zig:83: 0x7ff6f08909bd in expectEqual (test_zcu.obj)
           return expectEqualInner(T, expected, actual);
       
       C:\Users\tvolo\AppData\Local\Microsoft\WinGet\Packages\zig.zig_Microsoft.Winget.Source_8wekyb3d8bbwe\zig-x86_64-windows-0.16.0\lib\std\testing.zig:83: 0x7ff6f08909bd in expectEqual (test_zcu.obj)
           return expectEqualInner(T, expected, actual);
       
       C:\Users\tvolo\AppData\Local\Microsoft\WinGet\Packages\zig.zig_Microsoft.Winget.Source_8wekyb3d8bbwe\zig-x86_64-windows-0.16.0\lib\std\testing.zig:83: 0x7ff6f08909bd in expectEqual (test_zcu.obj)
           return expectEqualInner(T, expected, actual);
       
       C:\Users\tvolo\AppData\Local\Microsoft\WinGet\Packages\zig.zig_Microsoft.Winget.Source_8wekyb3d8bbwe\zig-x86_64-windows-0.16.0\lib\std\testing.zig:83: 0x7ff6f08909bd in expectEqual (test_zcu.obj)
           return expectEqualInner(T, expected, actual);
       
       C:\Users\tvolo\AppData\Local\Microsoft\WinGet\Packages\zig.zig_Microsoft.Winget.Source_8wekyb3d8bbwe\zig-x86_64-windows-0.16.0\lib\std\testing.zig:83: 0x7ff6f08909bd in expectEqual (test_zcu.obj)
           return expectEqualInner(T, expected, actual);
       
       C:\Users\tvolo\AppData\Local\Microsoft\WinGet\Packages\zig.zig_Microsoft.Winget.Source_8wekyb3d8bbwe\zig-x86_64-windows-0.16.0\lib\std\testing.zig:83: 0x7ff6f08909bd in expectEqual (test_zcu.obj)
           return expectEqualInner(T, expected, actual);
       
       C:\Users\tvolo\AppData\Local\Microsoft\WinGet\Packages\zig.zig_Microsoft.Winget.Source_8wekyb3d8bbwe\zig-x86_64-windows-0.16.0\lib\std\testing.zig:83: 0x7ff6f08909bd in expectEqual (test_zcu.obj)
           return expectEqualInner(T, expected, actual);
       
       C:\Users\tvolo\AppData\Local\Microsoft\WinGet\Packages\zig.zig_Microsoft.Winget.Source_8wekyb3d8bbwe\zig-x86_64-windows-0.16.0\lib\std\testing.zig:83: 0x7ff6f08909bd in expectEqual (test_zcu.obj)
           return expectEqualInner(T, expected, actual);
       
       C:\Users\tvolo\AppData\Local\Microsoft\WinGet\Packages\zig.zig_Microsoft.Winget.Source_8wekyb3d8bbwe\zig-x86_64-windows-0.16.0\lib\std\testing.zig:83: 0x7ff6f08909bd in expectEqual (test_zcu.obj)
           return expectEqualInner(T, expected, actual);
       
       C:\Users\tvolo\AppData\Local\Microsoft\WinGet\Packages\zig.zig_Microsoft.Winget.Source_8wekyb3d8bbwe\zig-x86_64-windows-0.16.0\lib\std\testing.zig:83: 0x7ff6f08909bd in expectEqual (test_zcu.obj)
           return expectEqualInner(T, expected, actual);
       
       C:\Users\tvolo\AppData\Local\Microsoft\WinGet\Packages\zig.zig_Microsoft.Winget.Source_8wekyb3d8bbwe\zig-x86_64-windows-0.16.0\lib\std\testing.zig:83: 0x7ff6f08909bd in expectEqual (test_zcu.obj)
           return expectEqualInner(T, expected, actual);
       
       C:\Users\tvolo\AppData\Local\Microsoft\WinGet\Packages\zig.zig_Microsoft.Winget.Source_8wekyb3d8bbwe\zig-x86_64-windows-0.16.0\lib\std\testing.zig:83: 0x7ff6f08909bd in expectEqual (test_zcu.obj)
           return expectEqualInner(T, expected, actual);
       
       C:\Users\tvolo\AppData\Local\Microsoft\WinGet\Packages\zig.zig_Microsoft.Winget.Source_8wekyb3d8bbwe\zig-x86_64-windows-0.16.0\lib\std\testing.zig:83: 0x7ff6f08909bd in expectEqual (test_zcu.obj)
           return expectEqualInner(T, expected, actual);
       
       C:\Users\tvolo\AppData\Local\Microsoft\WinGet\Packages\zig.zig_Microsoft.Winget.Source_8wekyb3d8bbwe\zig-x86_64-windows-0.16.0\lib\std\testing.zig:83: 0x7ff6f08909bd in expectEqual (test_zcu.obj)
           return expectEqualInner(T, expected, actual);
       
       C:\Users\tvolo\AppData\Local\Microsoft\WinGet\Packages\zig.zig_Microsoft.Winget.Source_8wekyb3d8bbwe\zig-x86_64-windows-0.16.0\lib\std\testing.zig:83: 0x7ff6f08909bd in expectEqual (test_zcu.obj)
           return expectEqualInner(T, expected, actual);
       
       C:\Users\tvolo\AppData\Local\Microsoft\WinGet\Packages\zig.zig_Microsoft.Winget.Source_8wekyb3d8bbwe\zig-x86_64-windows-0.16.0\lib\std\testing.zig:83: 0x7ff6f08909bd in expectEqual (test_zcu.obj)
           return expectEqualInner(T, expected, actual);
       
       C:\Users\tvolo\AppData\Local\Microsoft\WinGet\Packages\zig.zig_Microsoft.Winget.Source_8wekyb3d8bbwe\zig-x86_64-windows-0.16.0\lib\std\testing.zig:83: 0x7ff6f08909bd in expectEqual (test_zcu.obj)
           return expectEqualInner(T, expected, actual);
       
       C:\Users\tvolo\AppData\Local\Microsoft\WinGet\Packages\zig.zig_Microsoft.Winget.Source_8wekyb3d8bbwe\zig-x86_64-windows-0.16.0\lib\std\testing.zig:83: 0x7ff6f08909bd in expectEqual (test_zcu.obj)
           return expectEqualInner(T, expected, actual);
       
       C:\Users\tvolo\AppData\Local\Microsoft\WinGet\Packages\zig.zig_Microsoft.Winget.Source_8wekyb3d8bbwe\zig-x86_64-windows-0.16.0\lib\std\testing.zig:83: 0x7ff6f08909bd in expectEqual (test_zcu.obj)
           return expectEqualInner(T, expected, actual);
       
       C:\Users\tvolo\AppData\Local\Microsoft\WinGet\Packages\zig.zig_Microsoft.Winget.Source_8wekyb3d8bbwe\zig-x86_64-windows-0.16.0\lib\std\testing.zig:83: 0x7ff6f08909bd in expectEqual (test_zcu.obj)
           return expectEqualInner(T, expected, actual);
       
       C:\Users\tvolo\AppData\Local\Microsoft\WinGet\Packages\zig.zig_Microsoft.Winget.Source_8wekyb3d8bbwe\zig-x86_64-windows-0.16.0\lib\std\testing.zig:83: 0x7ff6f08909bd in expectEqual (test_zcu.obj)
           return expectEqualInner(T, expected, actual);
       
       C:\Users\tvolo\AppData\Local\Microsoft\WinGet\Packages\zig.zig_Microsoft.Winget.Source_8wekyb3d8bbwe\zig-x86_64-windows-0.16.0\lib\std\testing.zig:83: 0x7ff6f08909bd in expectEqual (test_zcu.obj)
           return expectEqualInner(T, expected, actual);
       
       C:\Users\tvolo\AppData\Local\Microsoft\WinGet\Packages\zig.zig_Microsoft.Winget.Source_8wekyb3d8bbwe\zig-x86_64-windows-0.16.0\lib\std\testing.zig:83: 0x7ff6f08909bd in expectEqual (test_zcu.obj)
           return expectEqualInner(T, expected, actual);
       
       C:\Users\tvolo\AppData\Local\Microsoft\WinGet\Packages\zig.zig_Microsoft.Winget.Source_8wekyb3d8bbwe\zig-x86_64-windows-0.16.0\lib\std\testing.zig:83: 0x7ff6f08909bd in expectEqual (test_zcu.obj)
           return expectEqualInner(T, expected, actual);
       
       C:\Users\tvolo\AppData\Local\Microsoft\WinGet\Packages\zig.zig_Microsoft.Winget.Source_8wekyb3d8bbwe\zig-x86_64-windows-0.16.0\lib\std\testing.zig:83: 0x7ff6f08909bd in expectEqual (test_zcu.obj)
           return expectEqualInner(T, expected, actual);
       
       C:\Users\tvolo\AppData\Local\Microsoft\WinGet\Packages\zig.zig_Microsoft.Winget.Source_8wekyb3d8bbwe\zig-x86_64-windows-0.16.0\lib\std\testing.zig:83: 0x7ff6f08909bd in expectEqual (test_zcu.obj)
           return expectEqualInner(T, expected, actual);
       
       C:\Users\tvolo\AppData\Local\Microsoft\WinGet\Packages\zig.zig_Microsoft.Winget.Source_8wekyb3d8bbwe\zig-x86_64-windows-0.16.0\lib\std\testing.zig:83: 0x7ff6f08909bd in expectEqual (test_zcu.obj)
           return expectEqualInner(T, expected, actual);
       
       C:\Users\tvolo\AppData\Local\Microsoft\WinGet\Packages\zig.zig_Microsoft.Winget.Source_8wekyb3d8bbwe\zig-x86_64-windows-0.16.0\lib\std\testing.zig:83: 0x7ff6f08909bd in expectEqual (test_zcu.obj)
           return expectEqualInner(T, expected, actual);
       
       C:\Users\tvolo\AppData\Local\Microsoft\WinGet\Packages\zig.zig_Microsoft.Winget.Source_8wekyb3d8bbwe\zig-x86_64-windows-0.16.0\lib\std\testing.zig:83: 0x7ff6f08909bd in expectEqual (test_zcu.obj)
           return expectEqualInner(T, expected, actual);
       
       C:\Users\tvolo\AppData\Local\Microsoft\WinGet\Packages\zig.zig_Microsoft.Winget.Source_8wekyb3d8bbwe\zig-x86_64-windows-0.16.0\lib\std\testing.zig:83: 0x7ff6f08909bd in expectEqual (test_zcu.obj)
           return expectEqualInner(T, expected, actual);
       
       C:\Users\tvolo\AppData\Local\Microsoft\WinGet\Packages\zig.zig_Microsoft.Winget.Source_8wekyb3d8bbwe\zig-x86_64-windows-0.16.0\lib\std\testing.zig:83: 0x7ff6f08909bd in expectEqual (test_zcu.obj)
           return expectEqualInner(T, expected, actual);
       
       C:\Users\tvolo\AppData\Local\Microsoft\WinGet\Packages\zig.zig_Microsoft.Winget.Source_8wekyb3d8bbwe\zig-x86_64-windows-0.16.0\lib\std\testing.zig:83: 0x7ff6f08909bd in expectEqual (test_zcu.obj)
           return expectEqualInner(T, expected, actual);
       
       C:\Users\tvolo\AppData\Local\Microsoft\WinGet\Packages\zig.zig_Microsoft.Winget.Source_8wekyb3d8bbwe\zig-x86_64-windows-0.16.0\lib\std\testing.zig:83: 0x7ff6f08909bd in expectEqual (test_zcu.obj)
           return expectEqualInner(T, expected, actual);
       
       C:\Users\tvolo\AppData\Local\Microsoft\WinGet\Packages\zig.zig_Microsoft.Winget.Source_8wekyb3d8bbwe\zig-x86_64-windows-0.16.0\lib\std\testing.zig:83: 0x7ff6f08909bd in expectEqual (test_zcu.obj)
           return expectEqualInner(T, expected, actual);
       
       C:\Users\tvolo\AppData\Local\Microsoft\WinGet\Packages\zig.zig_Microsoft.Winget.Source_8wekyb3d8bbwe\zig-x86_64-windows-0.16.0\lib\std\testing.zig:83: 0x7ff6f08909bd in expectEqual (test_zcu.obj)
           return expectEqualInner(T, expected, actual);
       
       C:\Users\tvolo\AppData\Local\Microsoft\WinGet\Packages\zig.zig_Microsoft.Winget.Source_8wekyb3d8bbwe\zig-x86_64-windows-0.16.0\lib\std\testing.zig:83: 0x7ff6f08909bd in expectEqual (test_zcu.obj)
           return expectEqualInner(T, expected, actual);
       
       C:\Users\tvolo\AppData\Local\Microsoft\WinGet\Packages\zig.zig_Microsoft.Winget.Source_8wekyb3d8bbwe\zig-x86_64-windows-0.16.0\lib\std\testing.zig:83: 0x7ff6f08909bd in expectEqual (test_zcu.obj)
           return expectEqualInner(T, expected, actual);
       
       C:\Users\tvolo\AppData\Local\Microsoft\WinGet\Packages\zig.zig_Microsoft.Winget.Source_8wekyb3d8bbwe\zig-x86_64-windows-0.16.0\lib\std\testing.zig:83: 0x7ff6f08909bd in expectEqual (test_zcu.obj)
           return expectEqualInner(T, expected, actual);
       
       C:\Users\tvolo\AppData\Local\Microsoft\WinGet\Packages\zig.zig_Microsoft.Winget.Source_8wekyb3d8bbwe\zig-x86_64-windows-0.16.0\lib\std\testing.zig:83: 0x7ff6f08909bd in expectEqual (test_zcu.obj)
           return expectEqualInner(T, expected, actual);
       
       C:\Users\tvolo\AppData\Local\Microsoft\WinGet\Packages\zig.zig_Microsoft.Winget.Source_8wekyb3d8bbwe\zig-x86_64-windows-0.16.0\lib\std\testing.zig:83: 0x7ff6f08909bd in expectEqual (test_zcu.obj)
           return expectEqualInner(T, expected, actual);
       
       C:\Users\tvolo\AppData\Local\Microsoft\WinGet\Packages\zig.zig_Microsoft.Winget.Source_8wekyb3d8bbwe\zig-x86_64-windows-0.16.0\lib\std\testing.zig:83: 0x7ff6f08909bd in expectEqual (test_zcu.obj)
           return expectEqualInner(T, expected, actual);
       
       C:\Users\tvolo\AppData\Local\Microsoft\WinGet\Packages\zig.zig_Microsoft.Winget.Source_8wekyb3d8bbwe\zig-x86_64-windows-0.16.0\lib\std\testing.zig:83: 0x7ff6f08909bd in expectEqual (test_zcu.obj)
           return expectEqualInner(T, expected, actual);
       
       C:\Users\tvolo\AppData\Local\Microsoft\WinGet\Packages\zig.zig_Microsoft.Winget.Source_8wekyb3d8bbwe\zig-x86_64-windows-0.16.0\lib\std\testing.zig:83: 0x7ff6f08909bd in expectEqual (test_zcu.obj)
           return expectEqualInner(T, expected, actual);
       
       C:\Users\tvolo\AppData\Local\Microsoft\WinGet\Packages\zig.zig_Microsoft.Winget.Source_8wekyb3d8bbwe\zig-x86_64-windows-0.16.0\lib\std\testing.zig:83: 0x7ff6f08909bd in expectEqual (test_zcu.obj)
           return expectEqualInner(T, expected, actual);
       
       C:\Users\tvolo\AppData\Local\Microsoft\WinGet\Packages\zig.zig_Microsoft.Winget.Source_8wekyb3d8bbwe\zig-x86_64-windows-0.16.0\lib\std\testing.zig:83: 0x7ff6f08909bd in expectEqual (test_zcu.obj)
           return expectEqualInner(T, expected, actual);
       
       C:\Users\tvolo\AppData\Local\Microsoft\WinGet\Packages\zig.zig_Microsoft.Winget.Source_8wekyb3d8bbwe\zig-x86_64-windows-0.16.0\lib\std\testing.zig:83: 0x7ff6f08909bd in expectEqual (test_zcu.obj)
           return expectEqualInner(T, expected, actual);
       
       C:\Users\tvolo\AppData\Local\Microsoft\WinGet\Packages\zig.zig_Microsoft.Winget.Source_8wekyb3d8bbwe\zig-x86_64-windows-0.16.0\lib\std\testing.zig:83: 0x7ff6f08909bd in expectEqual (test_zcu.obj)
           return expectEqualInner(T, expected, actual);
       
       C:\Users\tvolo\AppData\Local\Microsoft\WinGet\Packages\zig.zig_Microsoft.Winget.Source_8wekyb3d8bbwe\zig-x86_64-windows-0.16.0\lib\std\testing.zig:83: 0x7ff6f08909bd in expectEqual (test_zcu.obj)
           return expectEqualInner(T, expected, actual);
       
       C:\Users\tvolo\AppData\Local\Microsoft\WinGet\Packages\zig.zig_Microsoft.Winget.Source_8wekyb3d8bbwe\zig-x86_64-windows-0.16.0\lib\std\testing.zig:83: 0x7ff6f08909bd in expectEqual (test_zcu.obj)
           return expectEqualInner(T, expected, actual);
       
       C:\Users\tvolo\AppData\Local\Microsoft\WinGet\Packages\zig.zig_Microsoft.Winget.Source_8wekyb3d8bbwe\zig-x86_64-windows-0.16.0\lib\std\testing.zig:83: 0x7ff6f08909bd in expectEqual (test_zcu.obj)
           return expectEqualInner(T, expected, actual);
       
       C:\Users\tvolo\AppData\Local\Microsoft\WinGet\Packages\zig.zig_Microsoft.Winget.Source_8wekyb3d8bbwe\zig-x86_64-windows-0.16.0\lib\std\testing.zig:83: 0x7ff6f08909bd in expectEqual (test_zcu.obj)
           return expectEqualInner(T, expected, actual);
       
       C:\Users\tvolo\AppData\Local\Microsoft\WinGet\Packages\zig.zig_Microsoft.Winget.Source_8wekyb3d8bbwe\zig-x86_64-windows-0.16.0\lib\std\testing.zig:83: 0x7ff6f08909bd in expectEqual (test_zcu.obj)
           return expectEqualInner(T, expected, actual);
       
       C:\Users\tvolo\AppData\Local\Microsoft\WinGet\Packages\zig.zig_Microsoft.Winget.Source_8wekyb3d8bbwe\zig-x86_64-windows-0.16.0\lib\std\testing.zig:83: 0x7ff6f08909bd in expectEqual (test_zcu.obj)
           return expectEqualInner(T, expected, actual);
       
       C:\Users\tvolo\AppData\Local\Microsoft\WinGet\Packages\zig.zig_Microsoft.Winget.Source_8wekyb3d8bbwe\zig-x86_64-windows-0.16.0\lib\std\testing.zig:83: 0x7ff6f08909bd in expectEqual (test_zcu.obj)
           return expectEqualInner(T, expected, actual);
       
       C:\Users\tvolo\AppData\Local\Microsoft\WinGet\Packages\zig.zig_Microsoft.Winget.Source_8wekyb3d8bbwe\zig-x86_64-windows-0.16.0\lib\std\testing.zig:83: 0x7ff6f08909bd in expectEqual (test_zcu.obj)
           return expectEqualInner(T, expected, actual);
       
       C:\Users\tvolo\AppData\Local\Microsoft\WinGet\Packages\zig.zig_Microsoft.Winget.Source_8wekyb3d8bbwe\zig-x86_64-windows-0.16.0\lib\std\testing.zig:83: 0x7ff6f08909bd in expectEqual (test_zcu.obj)
           return expectEqualInner(T, expected, actual);
       
       C:\Users\tvolo\AppData\Local\Microsoft\WinGet\Packages\zig.zig_Microsoft.Winget.Source_8wekyb3d8bbwe\zig-x86_64-windows-0.16.0\lib\std\testing.zig:83: 0x7ff6f08909bd in expectEqual (test_zcu.obj)
           return expectEqualInner(T, expected, actual);
       
       C:\Users\tvolo\AppData\Local\Microsoft\WinGet\Packages\zig.zig_Microsoft.Winget.Source_8wekyb3d8bbwe\zig-x86_64-windows-0.16.0\lib\std\testing.zig:83: 0x7ff6f08909bd in expectEqual (test_zcu.obj)
           return expectEqualInner(T, expected, actual);
       
       C:\Users\tvolo\AppData\Local\Microsoft\WinGet\Packages\zig.zig_Microsoft.Winget.Source_8wekyb3d8bbwe\zig-x86_64-windows-0.16.0\lib\std\testing.zig:83: 0x7ff6f08909bd in expectEqual (test_zcu.obj)
           return expectEqualInner(T, expected, actual);
       
       C:\Users\tvolo\AppData\Local\Microsoft\WinGet\Packages\zig.zig_Microsoft.Winget.Source_8wekyb3d8bbwe\zig-x86_64-windows-0.16.0\lib\std\testing.zig:83: 0x7ff6f08909bd in expectEqual (test_zcu.obj)
           return expectEqualInner(T, expected, actual);
       
       C:\Users\tvolo\AppData\Local\Microsoft\WinGet\Packages\zig.zig_Microsoft.Winget.Source_8wekyb3d8bbwe\zig-x86_64-windows-0.16.0\lib\std\testing.zig:83: 0x7ff6f08909bd in expectEqual (test_zcu.obj)
           return expectEqualInner(T, expected, actual);
       
       C:\Users\tvolo\AppData\Local\Microsoft\WinGet\Packages\zig.zig_Microsoft.Winget.Source_8wekyb3d8bbwe\zig-x86_64-windows-0.16.0\lib\std\testing.zig:83: 0x7ff6f08909bd in expectEqual (test_zcu.obj)
           return expectEqualInner(T, expected, actual);
       
       C:\Users\tvolo\AppData\Local\Microsoft\WinGet\Packages\zig.zig_Microsoft.Winget.Source_8wekyb3d8bbwe\zig-x86_64-windows-0.16.0\lib\std\testing.zig:83: 0x7ff6f08909bd in expectEqual (test_zcu.obj)
           return expectEqualInner(T, expected, actual);
       
       C:\Users\tvolo\AppData\Local\Microsoft\WinGet\Packages\zig.zig_Microsoft.Winget.Source_8wekyb3d8bbwe\zig-x86_64-windows-0.16.0\lib\std\testing.zig:83: 0x7ff6f08909bd in expectEqual (test_zcu.obj)
           return expectEqualInner(T, expected, actual);
       
       C:\Users\tvolo\AppData\Local\Microsoft\WinGet\Packages\zig.zig_Microsoft.Winget.Source_8wekyb3d8bbwe\zig-x86_64-windows-0.16.0\lib\std\testing.zig:83: 0x7ff6f08909bd in expectEqual (test_zcu.obj)
           return expectEqualInner(T, expected, actual);
       
       C:\Users\tvolo\AppData\Local\Microsoft\WinGet\Packages\zig.zig_Microsoft.Winget.Source_8wekyb3d8bbwe\zig-x86_64-windows-0.16.0\lib\std\testing.zig:83: 0x7ff6f08909bd in expectEqual (test_zcu.obj)
           return expectEqualInner(T, expected, actual);
       
       C:\Users\tvolo\AppData\Local\Microsoft\WinGet\Packages\zig.zig_Microsoft.Winget.Source_8wekyb3d8bbwe\zig-x86_64-windows-0.16.0\lib\std\testing.zig:83: 0x7ff6f08909bd in expectEqual (test_zcu.obj)
           return expectEqualInner(T, expected, actual);
       
       C:\Users\tvolo\AppData\Local\Microsoft\WinGet\Packages\zig.zig_Microsoft.Winget.Source_8wekyb3d8bbwe\zig-x86_64-windows-0.16.0\lib\std\testing.zig:83: 0x7ff6f08909bd in expectEqual (test_zcu.obj)
           return expectEqualInner(T, expected, actual);
       
       C:\Users\tvolo\AppData\Local\Microsoft\WinGet\Packages\zig.zig_Microsoft.Winget.Source_8wekyb3d8bbwe\zig-x86_64-windows-0.16.0\lib\std\testing.zig:83: 0x7ff6f08909bd in expectEqual (test_zcu.obj)
           return expectEqualInner(T, expected, actual);
       
       C:\Users\tvolo\AppData\Local\Microsoft\WinGet\Packages\zig.zig_Microsoft.Winget.Source_8wekyb3d8bbwe\zig-x86_64-windows-0.16.0\lib\std\testing.zig:83: 0x7ff6f08909bd in expectEqual (test_zcu.obj)
           return expectEqualInner(T, expected, actual);
       
       C:\Users\tvolo\AppData\Local\Microsoft\WinGet\Packages\zig.zig_Microsoft.Winget.Source_8wekyb3d8bbwe\zig-x86_64-windows-0.16.0\lib\std\testing.zig:83: 0x7ff6f08909bd in expectEqual (test_zcu.obj)
           return expectEqualInner(T, expected, actual);
       
       C:\Users\tvolo\AppData\Local\Microsoft\WinGet\Packages\zig.zig_Microsoft.Winget.Source_8wekyb3d8bbwe\zig-x86_64-windows-0.16.0\lib\std\testing.zig:83: 0x7ff6f08909bd in expectEqual (test_zcu.obj)
           return expectEqualInner(T, expected, actual);
       
       C:\Users\tvolo\AppData\Local\Microsoft\WinGet\Packages\zig.zig_Microsoft.Winget.Source_8wekyb3d8bbwe\zig-x86_64-windows-0.16.0\lib\std\testing.zig:83: 0x7ff6f08909bd in expectEqual (test_zcu.obj)
           return expectEqualInner(T, expected, actual);
       
       C:\Users\tvolo\AppData\Local\Microsoft\WinGet\Packages\zig.zig_Microsoft.Winget.Source_8wekyb3d8bbwe\zig-x86_64-windows-0.16.0\lib\std\testing.zig:83: 0x7ff6f08909bd in expectEqual (test_zcu.obj)
           return expectEqualInner(T, expected, actual);
       
       C:\Users\tvolo\AppData\Local\Microsoft\WinGet\Packages\zig.zig_Microsoft.Winget.Source_8wekyb3d8bbwe\zig-x86_64-windows-0.16.0\lib\std\testing.zig:83: 0x7ff6f08909bd in expectEqual (test_zcu.obj)
           return expectEqualInner(T, expected, actual);
       
       C:\Users\tvolo\AppData\Local\Microsoft\WinGet\Packages\zig.zig_Microsoft.Winget.Source_8wekyb3d8bbwe\zig-x86_64-windows-0.16.0\lib\std\testing.zig:83: 0x7ff6f08909bd in expectEqual (test_zcu.obj)
           return expectEqualInner(T, expected, actual);
       
       C:\Users\tvolo\AppData\Local\Microsoft\WinGet\Packages\zig.zig_Microsoft.Winget.Source_8wekyb3d8bbwe\zig-x86_64-windows-0.16.0\lib\std\testing.zig:83: 0x7ff6f08909bd in expectEqual (test_zcu.obj)
           return expectEqualInner(T, expected, actual);
       
       C:\Users\tvolo\AppData\Local\Microsoft\WinGet\Packages\zig.zig_Microsoft.Winget.Source_8wekyb3d8bbwe\zig-x86_64-windows-0.16.0\lib\std\testing.zig:83: 0x7ff6f08909bd in expectEqual (test_zcu.obj)
           return expectEqualInner(T, expected, actual);
       
       C:\Users\tvolo\AppData\Local\Microsoft\WinGet\Packages\zig.zig_Microsoft.Winget.Source_8wekyb3d8bbwe\zig-x86_64-windows-0.16.0\lib\std\testing.zig:83: 0x7ff6f08909bd in expectEqual (test_zcu.obj)
           return expectEqualInner(T, expected, actual);
       
       C:\Users\tvolo\AppData\Local\Microsoft\WinGet\Packages\zig.zig_Microsoft.Winget.Source_8wekyb3d8bbwe\zig-x86_64-windows-0.16.0\lib\std\testing.zig:83: 0x7ff6f08909bd in expectEqual (test_zcu.obj)
           return expectEqualInner(T, expected, actual);
       
       C:\Users\tvolo\AppData\Local\Microsoft\WinGet\Packages\zig.zig_Microsoft.Winget.Source_8wekyb3d8bbwe\zig-x86_64-windows-0.16.0\lib\std\testing.zig:83: 0x7ff6f08909bd in expectEqual (test_zcu.obj)
           return expectEqualInner(T, expected, actual);
       
       C:\Users\tvolo\AppData\Local\Microsoft\WinGet\Packages\zig.zig_Microsoft.Winget.Source_8wekyb3d8bbwe\zig-x86_64-windows-0.16.0\lib\std\testing.zig:83: 0x7ff6f08909bd in expectEqual (test_zcu.obj)
           return expectEqualInner(T, expected, actual);
       
       C:\Users\tvolo\AppData\Local\Microsoft\WinGet\Packages\zig.zig_Microsoft.Winget.Source_8wekyb3d8bbwe\zig-x86_64-windows-0.16.0\lib\std\testing.zig:83: 0x7ff6f08909bd in expectEqual (test_zcu.obj)
           return expectEqualInner(T, expected, actual);
       
       C:\Users\tvolo\AppData\Local\Microsoft\WinGet\Packages\zig.zig_Microsoft.Winget.Source_8wekyb3d8bbwe\zig-x86_64-windows-0.16.0\lib\std\testing.zig:83: 0x7ff6f08909bd in expectEqual (test_zcu.obj)
           return expectEqualInner(T, expected, actual);
       
       C:\Users\tvolo\AppData\Local\Microsoft\WinGet\Packages\zig.zig_Microsoft.Winget.Source_8wekyb3d8bbwe\zig-x86_64-windows-0.16.0\lib\std\testing.zig:83: 0x7ff6f08909bd in expectEqual (test_zcu.obj)
           return expectEqualInner(T, expected, actual);
       
       C:\Users\tvolo\AppData\Local\Microsoft\WinGet\Packages\zig.zig_Microsoft.Winget.Source_8wekyb3d8bbwe\zig-x86_64-windows-0.16.0\lib\std\testing.zig:83: 0x7ff6f08909bd in expectEqual (test_zcu.obj)
           return expectEqualInner(T, expected, actual);
       
       C:\Users\tvolo\AppData\Local\Microsoft\WinGet\Packages\zig.zig_Microsoft.Winget.Source_8wekyb3d8bbwe\zig-x86_64-windows-0.16.0\lib\std\testing.zig:83: 0x7ff6f08909bd in expectEqual (test_zcu.obj)
           return expectEqualInner(T, expected, actual);
       
       C:\Users\tvolo\AppData\Local\Microsoft\WinGet\Packages\zig.zig_Microsoft.Winget.Source_8wekyb3d8bbwe\zig-x86_64-windows-0.16.0\lib\std\testing.zig:83: 0x7ff6f08909bd in expectEqual (test_zcu.obj)
           return expectEqualInner(T, expected, actual);
       
       C:\Users\tvolo\AppData\Local\Microsoft\WinGet\Packages\zig.zig_Microsoft.Winget.Source_8wekyb3d8bbwe\zig-x86_64-windows-0.16.0\lib\std\testing.zig:83: 0x7ff6f08909bd in expectEqual (test_zcu.obj)
           return expectEqualInner(T, expected, actual);
       
       C:\Users\tvolo\AppData\Local\Microsoft\WinGet\Packages\zig.zig_Microsoft.Winget.Source_8wekyb3d8bbwe\zig-x86_64-windows-0.16.0\lib\std\testing.zig:83: 0x7ff6f08909bd in expectEqual (test_zcu.obj)
           return expectEqualInner(T, expected, actual);
       
       C:\Users\tvolo\AppData\Local\Microsoft\WinGet\Packages\zig.zig_Microsoft.Winget.Source_8wekyb3d8bbwe\zig-x86_64-windows-0.16.0\lib\std\testing.zig:83: 0x7ff6f08909bd in expectEqual (test_zcu.obj)
           return expectEqualInner(T, expected, actual);
       
       C:\Users\tvolo\AppData\Local\Microsoft\WinGet\Packages\zig.zig_Microsoft.Winget.Source_8wekyb3d8bbwe\zig-x86_64-windows-0.16.0\lib\std\testing.zig:83: 0x7ff6f08909bd in expectEqual (test_zcu.obj)
           return expectEqualInner(T, expected, actual);
       
       C:\Users\tvolo\AppData\Local\Microsoft\WinGet\Packages\zig.zig_Microsoft.Winget.Source_8wekyb3d8bbwe\zig-x86_64-windows-0.16.0\lib\std\testing.zig:83: 0x7ff6f08909bd in expectEqual (test_zcu.obj)
           return expectEqualInner(T, expected, actual);
       
       C:\Users\tvolo\AppData\Local\Microsoft\WinGet\Packages\zig.zig_Microsoft.Winget.Source_8wekyb3d8bbwe\zig-x86_64-windows-0.16.0\lib\std\testing.zig:83: 0x7ff6f08909bd in expectEqual (test_zcu.obj)
           return expectEqualInner(T, expected, actual);
       
       C:\Users\tvolo\AppData\Local\Microsoft\WinGet\Packages\zig.zig_Microsoft.Winget.Source_8wekyb3d8bbwe\zig-x86_64-windows-0.16.0\lib\std\testing.zig:83: 0x7ff6f08909bd in expectEqual (test_zcu.obj)
           return expectEqualInner(T, expected, actual);
       
       C:\Users\tvolo\AppData\Local\Microsoft\WinGet\Packages\zig.zig_Microsoft.Winget.Source_8wekyb3d8bbwe\zig-x86_64-windows-0.16.0\lib\std\testing.zig:83: 0x7ff6f08909bd in expectEqual (test_zcu.obj)
           return expectEqualInner(T, expected, actual);
       
       C:\Users\tvolo\AppData\Local\Microsoft\WinGet\Packages\zig.zig_Microsoft.Winget.Source_8wekyb3d8bbwe\zig-x86_64-windows-0.16.0\lib\std\testing.zig:83: 0x7ff6f08909bd in expectEqual (test_zcu.obj)
           return expectEqualInner(T, expected, actual);
       
       C:\Users\tvolo\AppData\Local\Microsoft\WinGet\Packages\zig.zig_Microsoft.Winget.Source_8wekyb3d8bbwe\zig-x86_64-windows-0.16.0\lib\std\testing.zig:83: 0x7ff6f08909bd in expectEqual (test_zcu.obj)
           return expectEqualInner(T, expected, actual);
       
       C:\Users\tvolo\AppData\Local\Microsoft\WinGet\Packages\zig.zig_Microsoft.Winget.Source_8wekyb3d8bbwe\zig-x86_64-windows-0.16.0\lib\std\testing.zig:83: 0x7ff6f08909bd in expectEqual (test_zcu.obj)
           return expectEqualInner(T, expected, actual);
       
       C:\Users\tvolo\AppData\Local\Microsoft\WinGet\Packages\zig.zig_Microsoft.Winget.Source_8wekyb3d8bbwe\zig-x86_64-windows-0.16.0\lib\std\testing.zig:83: 0x7ff6f08909bd in expectEqual (test_zcu.obj)
           return expectEqualInner(T, expected, actual);
       
       C:\Users\tvolo\AppData\Local\Microsoft\WinGet\Packages\zig.zig_Microsoft.Winget.Source_8wekyb3d8bbwe\zig-x86_64-windows-0.16.0\lib\std\testing.zig:83: 0x7ff6f08909bd in expectEqual (test_zcu.obj)
           return expectEqualInner(T, expected, actual);
       
       C:\Users\tvolo\AppData\Local\Microsoft\WinGet\Packages\zig.zig_Microsoft.Winget.Source_8wekyb3d8bbwe\zig-x86_64-windows-0.16.0\lib\std\testing.zig:83: 0x7ff6f08909bd in expectEqual (test_zcu.obj)
           return expectEqualInner(T, expected, actual);
       
       C:\Users\tvolo\AppData\Local\Microsoft\WinGet\Packages\zig.zig_Microsoft.Winget.Source_8wekyb3d8bbwe\zig-x86_64-windows-0.16.0\lib\std\testing.zig:83: 0x7ff6f08909bd in expectEqual (test_zcu.obj)
           return expectEqualInner(T, expected, actual);
       
       C:\Users\tvolo\AppData\Local\Microsoft\WinGet\Packages\zig.zig_Microsoft.Winget.Source_8wekyb3d8bbwe\zig-x86_64-windows-0.16.0\lib\std\testing.zig:83: 0x7ff6f08909bd in expectEqual (test_zcu.obj)
           return expectEqualInner(T, expected, actual);
       
       C:\Users\tvolo\AppData\Local\Microsoft\WinGet\Packages\zig.zig_Microsoft.Winget.Source_8wekyb3d8bbwe\zig-x86_64-windows-0.16.0\lib\std\testing.zig:83: 0x7ff6f08909bd in expectEqual (test_zcu.obj)
           return expectEqualInner(T, expected, actual);
       
       C:\Users\tvolo\AppData\Local\Microsoft\WinGet\Packages\zig.zig_Microsoft.Winget.Source_8wekyb3d8bbwe\zig-x86_64-windows-0.16.0\lib\std\testing.zig:83: 0x7ff6f08909bd in expectEqual (test_zcu.obj)
           return expectEqualInner(T, expected, actual);
       
       C:\Users\tvolo\AppData\Local\Microsoft\WinGet\Packages\zig.zig_Microsoft.Winget.Source_8wekyb3d8bbwe\zig-x86_64-windows-0.16.0\lib\std\testing.zig:83: 0x7ff6f08909bd in expectEqual (test_zcu.obj)
           return expectEqualInner(T, expected, actual);
       
       C:\Users\tvolo\AppData\Local\Microsoft\WinGet\Packages\zig.zig_Microsoft.Winget.Source_8wekyb3d8bbwe\zig-x86_64-windows-0.16.0\lib\std\testing.zig:83: 0x7ff6f08909bd in expectEqual (test_zcu.obj)
           return expectEqualInner(T, expected, actual);
       
       C:\Users\tvolo\AppData\Local\Microsoft\WinGet\Packages\zig.zig_Microsoft.Winget.Source_8wekyb3d8bbwe\zig-x86_64-windows-0.16.0\lib\std\testing.zig:83: 0x7ff6f08909bd in expectEqual (test_zcu.obj)
           return expectEqualInner(T, expected, actual);
       
       C:\Users\tvolo\AppData\Local\Microsoft\WinGet\Packages\zig.zig_Microsoft.Winget.Source_8wekyb3d8bbwe\zig-x86_64-windows-0.16.0\lib\std\testing.zig:83: 0x7ff6f08909bd in expectEqual (test_zcu.obj)
           return expectEqualInner(T, expected, actual);
       
       C:\Users\tvolo\AppData\Local\Microsoft\WinGet\Packages\zig.zig_Microsoft.Winget.Source_8wekyb3d8bbwe\zig-x86_64-windows-0.16.0\lib\std\testing.zig:83: 0x7ff6f08909bd in expectEqual (test_zcu.obj)
           return expectEqualInner(T, expected, actual);
       
       C:\Users\tvolo\AppData\Local\Microsoft\WinGet\Packages\zig.zig_Microsoft.Winget.Source_8wekyb3d8bbwe\zig-x86_64-windows-0.16.0\lib\std\testing.zig:83: 0x7ff6f08909bd in expectEqual (test_zcu.obj)
           return expectEqualInner(T, expected, actual);
       
       C:\Users\tvolo\AppData\Local\Microsoft\WinGet\Packages\zig.zig_Microsoft.Winget.Source_8wekyb3d8bbwe\zig-x86_64-windows-0.16.0\lib\std\testing.zig:83: 0x7ff6f08909bd in expectEqual (test_zcu.obj)
           return expectEqualInner(T, expected, actual);
       
       C:\Users\tvolo\AppData\Local\Microsoft\WinGet\Packages\zig.zig_Microsoft.Winget.Source_8wekyb3d8bbwe\zig-x86_64-windows-0.16.0\lib\std\testing.zig:83: 0x7ff6f08909bd in expectEqual (test_zcu.obj)
           return expectEqualInner(T, expected, actual);
       
       C:\Users\tvolo\AppData\Local\Microsoft\WinGet\Packages\zig.zig_Microsoft.Winget.Source_8wekyb3d8bbwe\zig-x86_64-windows-0.16.0\lib\std\testing.zig:83: 0x7ff6f08909bd in expectEqual (test_zcu.obj)
           return expectEqualInner(T, expected, actual);
       
       C:\Users\tvolo\AppData\Local\Microsoft\WinGet\Packages\zig.zig_Microsoft.Winget.Source_8wekyb3d8bbwe\zig-x86_64-windows-0.16.0\lib\std\testing.zig:83: 0x7ff6f08909bd in expectEqual (test_zcu.obj)
           return expectEqualInner(T, expected, actual);
       
       C:\Users\tvolo\AppData\Local\Microsoft\WinGet\Packages\zig.zig_Microsoft.Winget.Source_8wekyb3d8bbwe\zig-x86_64-windows-0.16.0\lib\std\testing.zig:83: 0x7ff6f08909bd in expectEqual (test_zcu.obj)
           return expectEqualInner(T, expected, actual);
       
       C:\Users\tvolo\AppData\Local\Microsoft\WinGet\Packages\zig.zig_Microsoft.Winget.Source_8wekyb3d8bbwe\zig-x86_64-windows-0.16.0\lib\std\testing.zig:83: 0x7ff6f08909bd in expectEqual (test_zcu.obj)
           return expectEqualInner(T, expected, actual);
       
       C:\Users\tvolo\AppData\Local\Microsoft\WinGet\Packages\zig.zig_Microsoft.Winget.Source_8wekyb3d8bbwe\zig-x86_64-windows-0.16.0\lib\std\testing.zig:83: 0x7ff6f08909bd in expectEqual (test_zcu.obj)
           return expectEqualInner(T, expected, actual);
       
       C:\Users\tvolo\AppData\Local\Microsoft\WinGet\Packages\zig.zig_Microsoft.Winget.Source_8wekyb3d8bbwe\zig-x86_64-windows-0.16.0\lib\std\testing.zig:83: 0x7ff6f08909bd in expectEqual (test_zcu.obj)
           return expectEqualInner(T, expected, actual);
       
       C:\Users\tvolo\AppData\Local\Microsoft\WinGet\Packages\zig.zig_Microsoft.Winget.Source_8wekyb3d8bbwe\zig-x86_64-windows-0.16.0\lib\std\testing.zig:83: 0x7ff6f08909bd in expectEqual (test_zcu.obj)
           return expectEqualInner(T, expected, actual);
       
       C:\Users\tvolo\AppData\Local\Microsoft\WinGet\Packages\zig.zig_Microsoft.Winget.Source_8wekyb3d8bbwe\zig-x86_64-windows-0.16.0\lib\std\testing.zig:83: 0x7ff6f08909bd in expectEqual (test_zcu.obj)
           return expectEqualInner(T, expected, actual);
       
       C:\Users\tvolo\AppData\Local\Microsoft\WinGet\Packages\zig.zig_Microsoft.Winget.Source_8wekyb3d8bbwe\zig-x86_64-windows-0.16.0\lib\std\testing.zig:83: 0x7ff6f08909bd in expectEqual (test_zcu.obj)
           return expectEqualInner(T, expected, actual);
       
       C:\Users\tvolo\AppData\Local\Microsoft\WinGet\Packages\zig.zig_Microsoft.Winget.Source_8wekyb3d8bbwe\zig-x86_64-windows-0.16.0\lib\std\testing.zig:83: 0x7ff6f08909bd in expectEqual (test_zcu.obj)
           return expectEqualInner(T, expected, actual);
       
       C:\Users\tvolo\AppData\Local\Microsoft\WinGet\Packages\zig.zig_Microsoft.Winget.Source_8wekyb3d8bbwe\zig-x86_64-windows-0.16.0\lib\std\testing.zig:83: 0x7ff6f08909bd in expectEqual (test_zcu.obj)
           return expectEqualInner(T, expected, actual);
       
       C:\Users\tvolo\AppData\Local\Microsoft\WinGet\Packages\zig.zig_Microsoft.Winget.Source_8wekyb3d8bbwe\zig-x86_64-windows-0.16.0\lib\std\testing.zig:83: 0x7ff6f08909bd in expectEqual (test_zcu.obj)
           return expectEqualInner(T, expected, actual);
       
       C:\Users\tvolo\AppData\Local\Microsoft\WinGet\Packages\zig.zig_Microsoft.Winget.Source_8wekyb3d8bbwe\zig-x86_64-windows-0.16.0\lib\std\testing.zig:83: 0x7ff6f08909bd in expectEqual (test_zcu.obj)
           return expectEqualInner(T, expected, actual);
       
       C:\Users\tvolo\AppData\Local\Microsoft\WinGet\Packages\zig.zig_Microsoft.Winget.Source_8wekyb3d8bbwe\zig-x86_64-windows-0.16.0\lib\std\testing.zig:83: 0x7ff6f08909bd in expectEqual (test_zcu.obj)
           return expectEqualInner(T, expected, actual);
       
       C:\Users\tvolo\AppData\Local\Microsoft\WinGet\Packages\zig.zig_Microsoft.Winget.Source_8wekyb3d8bbwe\zig-x86_64-windows-0.16.0\lib\std\testing.zig:83: 0x7ff6f08909bd in expectEqual (test_zcu.obj)
           return expectEqualInner(T, expected, actual);
       
       C:\Users\tvolo\AppData\Local\Microsoft\WinGet\Packages\zig.zig_Microsoft.Winget.Source_8wekyb3d8bbwe\zig-x86_64-windows-0.16.0\lib\std\testing.zig:83: 0x7ff6f08909bd in expectEqual (test_zcu.obj)
           return expectEqualInner(T, expected, actual);
       
       C:\Users\tvolo\AppData\Local\Microsoft\WinGet\Packages\zig.zig_Microsoft.Winget.Source_8wekyb3d8bbwe\zig-x86_64-windows-0.16.0\lib\std\testing.zig:83: 0x7ff6f08909bd in expectEqual (test_zcu.obj)
           return expectEqualInner(T, expected, actual);
       
       C:\Users\tvolo\AppData\Local\Microsoft\WinGet\Packages\zig.zig_Microsoft.Winget.Source_8wekyb3d8bbwe\zig-x86_64-windows-0.16.0\lib\std\testing.zig:83: 0x7ff6f08909bd in expectEqual (test_zcu.obj)
           return expectEqualInner(T, expected, actual);
       
       C:\Users\tvolo\AppData\Local\Microsoft\WinGet\Packages\zig.zig_Microsoft.Winget.Source_8wekyb3d8bbwe\zig-x86_64-windows-0.16.0\lib\std\testing.zig:83: 0x7ff6f08909bd in expectEqual (test_zcu.obj)
           return expectEqualInner(T, expected, actual);
       
       C:\Users\tvolo\AppData\Local\Microsoft\WinGet\Packages\zig.zig_Microsoft.Winget.Source_8wekyb3d8bbwe\zig-x86_64-windows-0.16.0\lib\std\testing.zig:83: 0x7ff6f08909bd in expectEqual (test_zcu.obj)
           return expectEqualInner(T, expected, actual);
       
       C:\Users\tvolo\AppData\Local\Microsoft\WinGet\Packages\zig.zig_Microsoft.Winget.Source_8wekyb3d8bbwe\zig-x86_64-windows-0.16.0\lib\std\testing.zig:83: 0x7ff6f08909bd in expectEqual (test_zcu.obj)
           return expectEqualInner(T, expected, actual);
       
       C:\Users\tvolo\AppData\Local\Microsoft\WinGet\Packages\zig.zig_Microsoft.Winget.Source_8wekyb3d8bbwe\zig-x86_64-windows-0.16.0\lib\std\testing.zig:83: 0x7ff6f08909bd in expectEqual (test_zcu.obj)
           return expectEqualInner(T, expected, actual);
       
       C:\Users\tvolo\AppData\Local\Microsoft\WinGet\Packages\zig.zig_Microsoft.Winget.Source_8wekyb3d8bbwe\zig-x86_64-windows-0.16.0\lib\std\testing.zig:83: 0x7ff6f08909bd in expectEqual (test_zcu.obj)
           return expectEqualInner(T, expected, actual);
       
       C:\Users\tvolo\AppData\Local\Microsoft\WinGet\Packages\zig.zig_Microsoft.Winget.Source_8wekyb3d8bbwe\zig-x86_64-windows-0.16.0\lib\std\testing.zig:83: 0x7ff6f08909bd in expectEqual (test_zcu.obj)
           return expectEqualInner(T, expected, actual);
       
       C:\Users\tvolo\AppData\Local\Microsoft\WinGet\Packages\zig.zig_Microsoft.Winget.Source_8wekyb3d8bbwe\zig-x86_64-windows-0.16.0\lib\std\testing.zig:83: 0x7ff6f08909bd in expectEqual (test_zcu.obj)
           return expectEqualInner(T, expected, actual);
       
       C:\Users\tvolo\AppData\Local\Microsoft\WinGet\Packages\zig.zig_Microsoft.Winget.Source_8wekyb3d8bbwe\zig-x86_64-windows-0.16.0\lib\std\testing.zig:83: 0x7ff6f08909bd in expectEqual (test_zcu.obj)
           return expectEqualInner(T, expected, actual);
       
       C:\Users\tvolo\AppData\Local\Microsoft\WinGet\Packages\zig.zig_Microsoft.Winget.Source_8wekyb3d8bbwe\zig-x86_64-windows-0.16.0\lib\std\testing.zig:83: 0x7ff6f08909bd in expectEqual (test_zcu.obj)
           return expectEqualInner(T, expected, actual);
       
       C:\Users\tvolo\AppData\Local\Microsoft\WinGet\Packages\zig.zig_Microsoft.Winget.Source_8wekyb3d8bbwe\zig-x86_64-windows-0.16.0\lib\std\testing.zig:83: 0x7ff6f08909bd in expectEqual (test_zcu.obj)
           return expectEqualInner(T, expected, actual);
       
       C:\Users\tvolo\AppData\Local\Microsoft\WinGet\Packages\zig.zig_Microsoft.Winget.Source_8wekyb3d8bbwe\zig-x86_64-windows-0.16.0\lib\std\testing.zig:83: 0x7ff6f08909bd in expectEqual (test_zcu.obj)
           return expectEqualInner(T, expected, actual);
       
       C:\Users\tvolo\AppData\Local\Microsoft\WinGet\Packages\zig.zig_Microsoft.Winget.Source_8wekyb3d8bbwe\zig-x86_64-windows-0.16.0\lib\std\testing.zig:83: 0x7ff6f08909bd in expectEqual (test_zcu.obj)
           return expectEqualInner(T, expected, actual);
       
       C:\Users\tvolo\AppData\Local\Microsoft\WinGet\Packages\zig.zig_Microsoft.Winget.Source_8wekyb3d8bbwe\zig-x86_64-windows-0.16.0\lib\std\testing.zig:83: 0x7ff6f08909bd in expectEqual (test_zcu.obj)
           return expectEqualInner(T, expected, actual);
       
       C:\Users\tvolo\AppData\Local\Microsoft\WinGet\Packages\zig.zig_Microsoft.Winget.Source_8wekyb3d8bbwe\zig-x86_64-windows-0.16.0\lib\std\testing.zig:83: 0x7ff6f08909bd in expectEqual (test_zcu.obj)
           return expectEqualInner(T, expected, actual);
       
       C:\Users\tvolo\AppData\Local\Microsoft\WinGet\Packages\zig.zig_Microsoft.Winget.Source_8wekyb3d8bbwe\zig-x86_64-windows-0.16.0\lib\std\testing.zig:83: 0x7ff6f08909bd in expectEqual (test_zcu.obj)
           return expectEqualInner(T, expected, actual);
       
       C:\Users\tvolo\AppData\Local\Microsoft\WinGet\Packages\zig.zig_Microsoft.Winget.Source_8wekyb3d8bbwe\zig-x86_64-windows-0.16.0\lib\std\testing.zig:83: 0x7ff6f08909bd in expectEqual (test_zcu.obj)
           return expectEqualInner(T, expected, actual);
       
       C:\Users\tvolo\AppData\Local\Microsoft\WinGet\Packages\zig.zig_Microsoft.Winget.Source_8wekyb3d8bbwe\zig-x86_64-windows-0.16.0\lib\std\testing.zig:83: 0x7ff6f08909bd in expectEqual (test_zcu.obj)
           return expectEqualInner(T, expected, actual);
       
       C:\Users\tvolo\AppData\Local\Microsoft\WinGet\Packages\zig.zig_Microsoft.Winget.Source_8wekyb3d8bbwe\zig-x86_64-windows-0.16.0\lib\std\testing.zig:83: 0x7ff6f08909bd in expectEqual (test_zcu.obj)
           return expectEqualInner(T, expected, actual);
       
       C:\Users\tvolo\AppData\Local\Microsoft\WinGet\Packages\zig.zig_Microsoft.Winget.Source_8wekyb3d8bbwe\zig-x86_64-windows-0.16.0\lib\std\testing.zig:83: 0x7ff6f08909bd in expectEqual (test_zcu.obj)
           return expectEqualInner(T, expected, actual);
       
       C:\Users\tvolo\AppData\Local\Microsoft\WinGet\Packages\zig.zig_Microsoft.Winget.Source_8wekyb3d8bbwe\zig-x86_64-windows-0.16.0\lib\std\testing.zig:83: 0x7ff6f08909bd in expectEqual (test_zcu.obj)
           return expectEqualInner(T, expected, actual);
       
       C:\Users\tvolo\AppData\Local\Microsoft\WinGet\Packages\zig.zig_Microsoft.Winget.Source_8wekyb3d8bbwe\zig-x86_64-windows-0.16.0\lib\std\testing.zig:83: 0x7ff6f08909bd in expectEqual (test_zcu.obj)
           return expectEqualInner(T, expected, actual);
       
       C:\Users\tvolo\AppData\Local\Microsoft\WinGet\Packages\zig.zig_Microsoft.Winget.Source_8wekyb3d8bbwe\zig-x86_64-windows-0.16.0\lib\std\testing.zig:83: 0x7ff6f08909bd in expectEqual (test_zcu.obj)
           return expectEqualInner(T, expected, actual);
       
       C:\Users\tvolo\AppData\Local\Microsoft\WinGet\Packages\zig.zig_Microsoft.Winget.Source_8wekyb3d8bbwe\zig-x86_64-windows-0.16.0\lib\std\testing.zig:83: 0x7ff6f08909bd in expectEqual (test_zcu.obj)
           return expectEqualInner(T, expected, actual);
       
       C:\Users\tvolo\AppData\Local\Microsoft\WinGet\Packages\zig.zig_Microsoft.Winget.Source_8wekyb3d8bbwe\zig-x86_64-windows-0.16.0\lib\std\testing.zig:83: 0x7ff6f08909bd in expectEqual (test_zcu.obj)
           return expectEqualInner(T, expected, actual);
       
       C:\Users\tvolo\AppData\Local\Microsoft\WinGet\Packages\zig.zig_Microsoft.Winget.Source_8wekyb3d8bbwe\zig-x86_64-windows-0.16.0\lib\std\testing.zig:83: 0x7ff6f08909bd in expectEqual (test_zcu.obj)
           return expectEqualInner(T, expected, actual);
       
       C:\Users\tvolo\AppData\Local\Microsoft\WinGet\Packages\zig.zig_Microsoft.Winget.Source_8wekyb3d8bbwe\zig-x86_64-windows-0.16.0\lib\std\testing.zig:83: 0x7ff6f08909bd in expectEqual (test_zcu.obj)
           return expectEqualInner(T, expected, actual);
       
       C:\Users\tvolo\dev\ai-dala\My-Fab\tests\integration\oidc16_26_agent_lifecycle_foundations_test.zig:234:5: 0x7ff6f0890a4a in test.TC-OIDC-22-01: bootstrap state is singleton and bootstrap audit event types are enforced (test_zcu.obj)
           try testing.expectEqual(@as(u32, 1), try parseCount(constraint_result.rows[0][0]));
           ^
failed command: cd C:\Users\tvolo\dev\ai-dala\My-Fab && BPM_MIGRATIONS_DIR="C:\\Users\\tvolo\\dev\\ai-dala\\My-Fab\\migrations" ".\\.zig-cache\\o\\30069eba9f1d6a9cfe9d18b41c41e943\\test.exe" "--cache-dir=.\\.zig-cache" --seed=0x18334160 --listen=-

Build Summary: 5/7 steps succeeded (1 failed); 354/389 tests passed (7 skipped, 28 failed)
test-integration transitive failure
+- run test 353 pass, 7 skip, 28 fail (388 total); 65 leaks

error: the following build command failed with exit code 1:
.zig-cache\o\0089b5c0660ba79120bde8cbb52543ca\build.exe C:\Users\tvolo\AppData\Local\Microsoft\WinGet\Packages\zig.zig_Microsoft.Winget.Source_8wekyb3d8bbwe\zig-x86_64-windows-0.16.0\zig.exe C:\Users\tvolo\AppData\Local\Microsoft\WinGet\Packages\zig.zig_Microsoft.Winget.Source_8wekyb3d8bbwe\zig-x86_64-windows-0.16.0\lib C:\Users\tvolo\dev\ai-dala\My-Fab .zig-cache C:\Users\tvolo\AppData\Local\zig --seed 0x18334160 -Zadc3fc4f9c8653ae test-integration -- --test-filter=TC-SPT-02-03
